chemID	l_mean	m_mean	h_mean	monotonic_status	pval	endpoint_log2fc
100021136	1.1012315789473683	1.0952121951219513	1.2533545454545454	stable	0.8668	0.1866766915584448
100000882	1.1313776315789474	1.168229268292683	0.9604727272727273	stable	0.7522	0.23626399880855856
409	1.0499973684210526	1.0939121951219513	1.0985636363636364	stable	0.9803	0.06523273089407611
100002254	1.933778947368421	2.262451219512195	3.885790909090909	dynamic	0.5797	1.006785384881951
361	1.5989197368421053	1.8877073170731706	1.0996	dynamic	0.5622	0.5401187077389324
100019975	1.31885	1.2059926829268293	0.9904454545454545	stable	0.4328	0.4131310575137315
100000257	1.2428118421052632	1.1490829268292684	1.1247363636363636	stable	0.6413	0.14402101761440414
100001232	1.2362	1.4259048780487804	1.169809090909091	stable	0.5104	0.07963906434077529
100001948	1.0149131578947368	0.9772	1.0414636363636363	stable	0.9461	0.03725618028517717
100001073	1.3559934210526317	1.0804024390243903	0.9635272727272728	dynamic	0.5523	0.49295277106268653
100015637	1.0775960526315789	1.2155585365853658	0.9915181818181819	stable	0.8213	0.12010533813458492
100006360	3.136644736842105	3.394360975609756	1.7373181818181818	dynamic	0.5843	0.8523601344833845
1488	1.035071052631579	1.085609756097561	1.0923272727272728	stable	0.8783	0.0776753624405362
100002253	1.4636815789473685	1.5465975609756097	1.1649	dynamic	0.5343	0.32939561920364413
1023	1.0236092105263157	0.9547048780487805	0.9068818181818181	stable	0.9984	0.1746785731433632
100004284	4.903201315789474	12.209919512195121	0.9965909090909091	down	0.3259	2.2986506781366582
100001251	1.3302671052631578	1.189019512195122	1.2324636363636363	stable	0.5347	0.11017087380805678
362	1.1311763157894736	1.3346341463414635	1.0149545454545454	dynamic	0.4655	0.15640870085013675
100006620	1.2496065789473685	1.1636317073170732	1.2595636363636364	stable	0.6439	0.011450058407285038
111	1.2044644736842105	1.1142975609756098	0.9510454545454545	stable	0.8166	0.3408056407154286
100009045	0.94055	1.220619512195122	1.0703181818181817	dynamic	0.4777	0.18646319645009402
100002927	1.3752776315789474	1.1131634146341463	1.6599	up	0.0457	0.2713734402350344
100015641	1.0687	1.1439487804878048	1.0134454545454545	stable	0.7446	0.07658848145873348
1114	1.174703947368421	1.264539024390244	1.1613272727272728	stable	0.5343	0.016522615740356184
100020409	1.1760513157894736	1.4092536585365854	1.4228181818181818	stable	0.3619	0.2748003033876597
158	1.0587855263157895	1.041258536585366	1.1022545454545454	stable	0.9613	0.05804704799969648
1224	1.0226144736842104	1.0938975609756099	1.2110909090909092	stable	0.9453	0.24404481265323988
100001620	1.0256407894736843	1.0316682926829268	1.0676636363636363	stable	0.9908	0.057931658833418546
100020893	1.0156342105263159	1.061509756097561	1.1364181818181818	stable	0.9893	0.1621129223181615
100002458	1.161478947368421	1.232568292682927	1.6290909090909091	dynamic	0.3423	0.48810410913505353
100001112	1.1541171052631578	1.2809780487804878	1.0528545454545455	stable	0.5945	0.13248347980274028
100002953	1.1390631578947368	1.2125487804878048	1.0554454545454546	stable	0.7685	0.10999572061867209
1141	1.007175	1.0907170731707316	0.9933909090909091	stable	0.8742	0.019880928896748286
100015834	1.1402078947368421	1.2083536585365853	0.8689909090909091	dynamic	0.2037	0.39188390621708225
100004561	1.1260842105263158	1.1926170731707317	1.3611272727272727	stable	0.6898	0.2734872542173737
100020497	1.0131013157894737	0.8701878048780488	1.2826	dynamic	0.485	0.3402928533733836
498	1.0677815789473684	1.0539146341463415	1.133	stable	0.9713	0.08553129577769737
100006051	1.3793328947368422	1.1853829268292684	1.3171727272727274	stable	0.4222	0.06652614010771739
1668	1.5858776315789473	1.8403024390243903	2.052609090909091	stable	0.133	0.37217744450821894
100004523	1.0820447368421053	1.0593926829268292	0.9810636363636364	stable	0.7744	0.14134152370546188
100001604	1.2279578947368421	1.645039024390244	1.3054727272727273	down	0.1165	0.08831122531341527
100001002	1.0138315789473684	1.025070731707317	1.0244636363636364	stable	0.9997	0.015050769397892448
100001987	2.1020381578947367	1.9729536585365854	2.1811818181818183	stable	0.23	0.05332117615006512
100002462	1.138236842105263	1.0505780487804879	0.9457181818181818	stable	0.7626	0.2673185435532562
466	1.3849631578947368	1.229170731707317	0.9501090909090909	dynamic	0.5379	0.5436825215496861
100000665	1.2282342105263158	1.3599682926829268	0.9901181818181818	dynamic	0.4822	0.31091305017455934
445	1.3055302631578947	1.3824243902439024	1.216890909090909	stable	0.4584	0.10143606055471693
2029	1.2524342105263158	1.2724682926829267	1.5407272727272727	stable	0.5239	0.29887668839274034
100006438	2.0761078947368423	1.8112756097560976	1.6219454545454546	stable	0.2032	0.3561561190503556
100001398	1.5212657894736843	1.393751219512195	1.1637272727272727	stable	0.2363	0.3865192443684896
235	1.110611842105263	1.2348756097560976	1.1540454545454546	stable	0.7023	0.05534536460009151
100000997	1.2356394736842105	1.3634707317073171	1.2302090909090908	stable	0.5848	0.006354322870849807
100002094	1.0659618421052632	1.1085560975609756	1.1779	stable	0.7535	0.1440612687732392
1052	0.9965368421052632	1.0267951219512195	1.0075545454545454	stable	0.9345	0.01586289549716715
100020823	1.1542065789473683	1.4528390243902438	1.6377454545454546	dynamic	0.5273	0.5048096850543178
100001806	1.4982263157894737	1.9176975609756097	1.156009090909091	down	0.1804	0.3741028244218017
100006092	1.0834381578947367	1.1737365853658537	2.3906545454545456	dynamic	0.5408	1.1417888652074124
100001415	1.0274236842105262	1.049390243902439	1.1257636363636363	stable	0.9832	0.13187271689341118
100000008	1.091278947368421	1.1429439024390244	0.9410090909090909	stable	0.8947	0.21373935769219105
565	0.9866078947368421	1.0269048780487804	0.9808363636363636	stable	0.9977	0.008464365022265594
100015851	1.0515052631578947	1.1263560975609757	0.9907454545454545	stable	0.6572	0.08586972292877432
100001866	1.0806539473684211	1.0383268292682928	0.9415272727272728	stable	0.9233	0.19882981936300964
100020546	1.419296052631579	1.120380487804878	2.0463454545454547	up	0.0614	0.5278741604833747
100016110	0.957021052631579	0.9737048780487805	0.9743636363636363	stable	0.5355	0.025909630709072127
100001254	1.0208473684210526	1.1006731707317072	1.1244545454545454	stable	0.9421	0.13945816493234758
100006260	1.0660381578947369	1.128380487804878	1.006809090909091	stable	0.6369	0.08246893063690008
826	1.2166105263157894	1.0305780487804879	1.2972727272727274	dynamic	0.488	0.09261441925072897
100001872	1.1309473684210527	1.5022536585365853	1.0634818181818182	down	0.0362	0.08873642284984329
100000263	1.056886842105263	1.1004878048780489	1.2066181818181818	stable	0.8589	0.19114830706394048
100021198	1.0255894736842106	1.1333853658536586	1.1743818181818182	stable	0.7021	0.19544817782026946
100015967	1.361107894736842	1.7426243902439025	1.1423	down	0.2672	0.25283984088617395
278	1.0532197368421052	1.0211463414634145	1.1189545454545455	stable	0.9597	0.08734496968867822
519	1.1748565789473684	1.3181829268292682	1.1599636363636363	stable	0.5131	0.018405070912894853
100009337	1.4781052631578948	1.2587243902439025	1.3973545454545453	stable	0.2071	0.08105089784468503
100002185	0.8962907894736842	1.0998634146341464	1.2768363636363635	stable	0.8488	0.5105348681499682
100001278	1.333646052631579	1.4700121951219511	1.3054000000000001	stable	0.4118	0.030883884125604
100002103	1.0554960526315789	1.019839024390244	1.0756363636363637	stable	0.8862	0.027269250528631234
980	1.1583736842105263	1.2503560975609755	1.0455363636363637	stable	0.6925	0.14785749336902018
100000016	1.0784684210526316	1.110387804878049	0.9627363636363636	stable	0.3649	0.16377124444529512
100020372	1.0642776315789473	1.1769560975609756	1.0398818181818181	stable	0.7117	0.033454970510678264
100001662	1.001517105263158	1.0092634146341464	1.0120272727272728	stable	0.9984	0.015061107523211105
100019972	1.3622394736842105	1.2893829268292682	1.032	dynamic	0.5823	0.4005373721831781
254	2.5199934210526314	1.954590243902439	1.2549272727272727	dynamic	0.6057	1.005816209736078
100002009	3.8453605263157895	2.009290243902439	1.6953090909090909	dynamic	0.5798	1.1815705347678713
100010895	1.0122236842105263	1.0125975609756097	1.1037636363636363	stable	0.9926	0.12490312533075032
1140	1.0524394736842104	1.0553731707317073	0.9129727272727273	stable	0.9572	0.20509359643245617
100008951	0.9559	1.1014731707317074	0.9204	stable	0.509	0.05459871722760794
1084	1.0587263157894737	1.0259146341463414	1.0365545454545455	stable	0.9974	0.0305336603671615
100002796	1.2271986842105262	1.2059707317073172	1.0238636363636364	stable	0.6015	0.2613452588230418
358	1.1543315789473685	1.231019512195122	1.4245636363636365	stable	0.6406	0.3034623752420982
100002070	0.9638394736842105	1.0822853658536586	0.9926090909090909	stable	0.9436	0.0424327804393373
1628	1.585271052631579	1.5934048780487804	1.3558727272727273	stable	0.3048	0.2255077738850498
823	1.0060776315789475	1.0177268292682926	1.1233818181818183	stable	0.9903	0.1591067267908015
100004414	1.2480315789473684	1.2915268292682927	0.9145727272727273	dynamic	0.4932	0.44848463571266345
100006129	11.017834210526317	3.8848658536585368	1.1139636363636363	dynamic	0.5427	3.306066615417137
100002028	1.5089592105263159	1.3513878048780488	1.5463636363636364	stable	0.3288	0.03532580911158888
100021707	1.0400434210526315	1.1632658536585365	1.0418	stable	0.8885	0.0024345811140907303
100000054	1.0352105263157896	0.8405439024390244	1.3837727272727272	up	0.0312	0.41868281997013107
100010869	1.0575973684210527	1.1211682926829267	1.1820818181818182	stable	0.7715	0.1605394034231489
100004575	1.0840736842105263	1.0906146341463414	1.1938727272727274	stable	0.6472	0.13918622674882486
100001212	1.3444947368421052	1.2030658536585366	1.0948818181818183	stable	0.3266	0.296288954283502
818	1.0153302631578947	1.010221951219512	0.9787272727272728	stable	0.9975	0.05297027194121522
100001092	1.3042236842105264	1.2802829268292684	1.6404818181818182	dynamic	0.5216	0.33092828035721245
100020371	1.1630881578947367	1.1529	1.4009090909090909	stable	0.5673	0.26840288605745394
100004112	1.2832157894736842	1.5224731707317074	1.2147181818181818	dynamic	0.5046	0.07914215564893953
1125	0.9966605263157895	1.0508536585365853	1.298990909090909	dynamic	0.3016	0.38221723881390307
100020491	1.0011802631578948	0.9487829268292683	1.1316727272727272	stable	0.3699	0.17675504429465613
100003151	1.045161842105263	1.0324975609756097	1.1749909090909092	stable	0.9612	0.16892323542956375
100000011	1.1520368421052631	1.4124463414634147	1.085090909090909	dynamic	0.5099	0.08637093790827072
100003594	0.9675789473684211	0.9066731707317073	1.040709090909091	stable	0.6701	0.10511556435079814
806	1.03	1.0811341463414634	1.0716181818181818	stable	0.9574	0.05714662685793247
100001211	1.472353947368421	1.4318975609756097	0.9668636363636364	dynamic	0.5766	0.6067401949391933
100002417	1.6239526315789474	1.556690243902439	2.349845454545455	dynamic	0.5301	0.5330563244947207
100009335	1.2591263157894736	1.2362829268292683	1.6554909090909091	dynamic	0.5298	0.39483606663214865
100000781	1.1963697368421053	1.1425243902439024	1.1431181818181817	stable	0.7233	0.06568875689446162
803	1.0973407894736842	1.0755951219512194	1.256709090909091	stable	0.9069	0.19563908858620185
50	1.2471	1.2402829268292683	1.208509090909091	stable	0.6491	0.045348828098348996
796	1.191121052631579	1.171990243902439	1.0051	stable	0.6209	0.24498099452938435
100005834	1.0773776315789474	1.2322487804878048	1.0246454545454546	stable	0.6613	0.07239921942189761
100001580	1.1314842105263159	1.0650048780487804	1.0315363636363637	stable	0.5504	0.13342177254170356
480	1.0093736842105263	1.0632756097560976	1.0588818181818183	stable	0.9991	0.06908119994310326
100001540	1.1310328947368422	1.1529536585365854	1.4937909090909092	dynamic	0.3307	0.4013373344143935
339	1.2910105263157894	1.1457634146341464	1.5784	dynamic	0.417	0.28996209739834966
1110	1.0043328947368422	1.0339536585365854	1.0339909090909092	stable	0.998	0.04198595926843829
100015836	1.0519855263157896	0.8805317073170732	0.8841363636363636	stable	0.7668	0.2507740514204511
100009271	1.4869513157894738	1.3239048780487805	1.1282181818181818	stable	0.2216	0.3983113209280896
100015638	1.1000118421052631	1.202819512195122	1.0533272727272727	stable	0.6472	0.06256529830699982
100021667	0.9351644736842105	0.8631512195121951	0.9936545454545455	stable	0.5543	0.08752424689236527
100001279	1.1857894736842105	1.2103317073170732	1.1016636363636363	stable	0.4193	0.10616409236461134
100004208	1.2917934210526316	1.265090243902439	1.374818181818182	stable	0.3342	0.0898654585445195
100003695	1.0822828947368421	1.0567926829268293	1.1388	stable	0.9195	0.07343674792898487
100000802	1.028982894736842	1.0664073170731707	0.9844	stable	0.9912	0.06390243692915319
100002769	1.0490763157894736	1.1028853658536586	1.1239272727272727	stable	0.7423	0.09942905283735441
100015835	1.1298605263157895	1.0298439024390245	1.0151727272727273	stable	0.814	0.15441947597935954
229	1.2360381578947368	1.3168756097560976	1.0793181818181818	stable	0.5564	0.19560304910970008
100001266	0.9454381578947368	1.0563756097560975	1.0334363636363637	stable	0.8815	0.12839455586155754
1342	8.39133947368421	2.080643902439024	1.0735363636363637	dynamic	0.4924	2.9665300602125955
100002102	0.9987184210526315	1.0284365853658537	1.0293545454545454	stable	0.995	0.04359009548357749
100020254	1.190271052631579	1.3086463414634146	1.166	stable	0.6041	0.02972235790137568
1231	1.243057894736842	1.3401829268292684	1.198909090909091	stable	0.4697	0.05217122231115106
100020492	1.3103513157894737	1.0204463414634146	1.0023818181818183	dynamic	0.5523	0.38652151031739285
100001402	1.6222815789473684	1.6799463414634146	1.2535727272727273	dynamic	0.5581	0.3719785514605363
415	0.9888026315789473	1.0479853658536584	1.0613545454545454	stable	0.9862	0.10215218108222292
100003109	1.0178578947368422	1.091051219512195	1.0180454545454545	stable	0.3565	0.00026581969779261214
275	1.0235434210526315	1.029558536585366	1.0481636363636364	stable	1.0	0.03429165787452366
1143	1.100403947368421	1.3321853658536584	1.2372818181818181	stable	0.6877	0.16914092329961147
279	1.015342105263158	0.9953195121951219	1.0353727272727273	stable	0.9999	0.02818431666415079
100001198	1.2929605263157895	1.593239024390244	1.2855454545454545	down	0.0309	0.008297608645977854
1648	2.619353947368421	2.0647341463414635	2.815518181818182	up	0.0582	0.10418944645996663
100001590	1.0558342105263159	1.0368146341463416	0.9811363636363637	stable	0.7822	0.10585774819512403
100001733	1.431707894736842	1.4294268292682928	1.124509090909091	dynamic	0.4826	0.3484418513074452
100008933	1.132078947368421	1.0548170731707316	1.0014	stable	0.6344	0.17695620983109409
100001550	1.2627684210526315	1.3816365853658537	0.9255454545454546	dynamic	0.5321	0.4482143384410978
1215	1.0373565789473684	0.987209756097561	1.1684545454545454	stable	0.8245	0.1716897237114501
100002356	1.2240276315789473	1.2292268292682926	1.0491	stable	0.4622	0.22248392437353165
100002749	1.1925368421052631	1.1261146341463415	1.1711909090909092	stable	0.799	0.02605757696024165
100006379	1.0684065789473685	1.0868439024390244	1.1121545454545454	stable	0.9495	0.05789651466659945
100015966	1.2419407894736842	1.5604560975609756	1.1383818181818182	down	0.1882	0.12561186858785697
100001392	1.1801881578947369	1.0986756097560975	1.118209090909091	stable	0.6941	0.07782690833250411
100020425	1.0613236842105263	1.1626219512195122	1.4132363636363636	stable	0.6417	0.413138057624991
100004299	1.2319671052631578	1.184509756097561	1.2383363636363636	stable	0.5551	0.007439505264739491
100001734	1.0050157894736842	1.0262243902439023	1.0149727272727271	stable	0.9989	0.01422279484140077
1002	1.0507973684210525	1.018668292682927	1.041809090909091	stable	0.9826	0.012393561227399121
100001337	1.2359197368421053	1.3713634146341462	1.1874	stable	0.534	0.0577790364957468
100001452	1.1054355263157896	1.0156243902439024	1.350209090909091	dynamic	0.2374	0.2885679541710156
314	1.0770842105263159	1.7929414634146341	0.7971909090909091	down	0.2025	0.4341338863061098
100009264	1.6323078947368421	1.4912170731707317	2.204	dynamic	0.5364	0.4332110119956242
100004634	5.561527631578947	2.0688731707317074	1.1124454545454545	dynamic	0.5088	2.3217466150138657
100000711	1.1658763157894736	1.1417439024390243	1.2140090909090908	stable	0.4034	0.05836447941683937
100020536	1.5491355263157895	2.155431707317073	1.8308545454545455	dynamic	0.5113	0.2410538149579275
100004318	0.9020802631578947	0.9738219512195122	0.9309272727272727	stable	0.6647	0.04541265994879553
100005850	1.1278855263157894	1.2447658536585366	1.6980727272727274	dynamic	0.4419	0.5902775996523557
100006619	1.0632473684210526	1.1921317073170732	1.001390909090909	stable	0.5089	0.08647202083997678
356	0.8931013157894737	1.0780829268292682	1.0928727272727272	stable	0.5805	0.29122964588536726
1221	1.0180947368421052	1.0450170731707318	0.8885363636363636	stable	0.9205	0.19636908953131224
100001397	0.9634434210526316	1.2109536585365854	1.2971454545454546	dynamic	0.4993	0.429068413554244
100019981	1.1390934210526316	1.1584926829268292	0.9765909090909091	stable	0.7223	0.22205981902421618
100001208	1.1238223684210527	1.2868487804878048	1.2274636363636364	stable	0.7962	0.12726626437802593
503	0.9839828947368421	1.0537634146341464	0.9605545454545454	stable	0.9992	0.034765696202581034
100006375	1.5106513157894736	1.1962731707317074	2.2368363636363635	up	0.0467	0.5662890193249563
100001295	1.0314355263157895	1.035258536585366	1.0976545454545454	stable	0.9767	0.08977043679968978
100020427	1.0835276315789473	1.2771926829268292	1.4715090909090909	stable	0.4907	0.4415605104161532
100002784	1.2014618421052632	1.197721951219512	1.1069090909090908	stable	0.5833	0.11825408963716506
917	1.0057276315789474	1.0020634146341463	0.9932090909090909	stable	1.0	0.018070279521095935
1869	23.977885526315788	30.32611463414634	18.014027272727272	down	0.2006	0.4125836905165567
240	1.0042447368421052	1.1486268292682926	1.0656	stable	0.9358	0.08555508715580104
798	0.9551855263157895	1.0108682926829269	0.9295545454545454	stable	0.831	0.03924145225359549
100002952	1.336003947368421	1.3679512195121952	1.5284818181818183	stable	0.4576	0.1941751205549826
98	1.0375763157894737	1.106539024390244	1.1490363636363636	stable	0.9037	0.14720700234526773
100008998	1.0656052631578947	1.0722170731707317	0.905190909090909	stable	0.7473	0.23537911250944402
477	0.9904763157894737	0.9600878048780488	0.7988818181818181	stable	0.4598	0.31014038266342575
100020545	1.3912302631578948	1.1858878048780488	1.678709090909091	dynamic	0.5284	0.2709910217454723
100021666	1.1959618421052631	1.256568292682927	1.1062909090909092	stable	0.6086	0.11244055517446092
1256	1.0010986842105263	1.012329268292683	1.071490909090909	stable	0.9998	0.09803541357407085
533	0.9991473684210527	1.103948780487805	1.0091272727272727	stable	0.9369	0.014338752953798994
100001757	4.024065789473684	2.747609756097561	2.3655181818181816	dynamic	0.586	0.7664976422474508
1024	1.2467855263157894	1.4494560975609756	1.5437545454545454	stable	0.6718	0.30823007238247563
267	1.0203381578947368	1.1099780487804878	0.9585181818181818	stable	0.946	0.09016966251484554
100002113	0.8907092105263158	0.9140975609756098	0.9097090909090909	stable	0.824	0.030450757815071144
100001756	2.1706815789473684	1.474168292682927	1.1392454545454545	dynamic	0.5954	0.9300694956412796
100001193	1.4248315789473684	1.5627536585365853	1.4823181818181819	stable	0.3941	0.05706376076954708
100001668	1.1303144736842106	1.2246	1.2705272727272727	stable	0.74	0.16870313212171428
1124	0.9834855263157894	1.0177878048780489	0.9891909090909091	stable	1.0	0.00834516014802643
100021331	1.3524776315789473	1.4860170731707318	1.8903363636363637	dynamic	0.4772	0.4830382345583349
1090	1.1461276315789473	1.0871414634146341	0.9228363636363637	stable	0.7907	0.3126209515478493
566	1.0024118421052632	1.0366878048780488	1.0205545454545455	stable	0.9852	0.02587792866396271
100003119	1.1786697368421053	1.3135780487804878	1.0772727272727274	stable	0.4974	0.12977599654277128
100006367	1.3180828947368421	1.1864975609756097	0.9082272727272728	dynamic	0.4811	0.5373158403090025
100004322	1.5328118421052632	1.6789341463414633	1.701718181818182	stable	0.3047	0.15081152281743979
100001034	1.011042105263158	1.2551170731707317	1.3397999999999999	dynamic	0.2201	0.406174576875449
112	1.1328986842105264	1.2525317073170732	1.0899363636363637	stable	0.7989	0.055774940725921894
507	1.1216973684210527	1.0089926829268292	0.9878	stable	0.3241	0.18339261854335176
100009233	1.416796052631579	1.2153926829268293	1.4924	stable	0.3864	0.07500216758546051
100000406	1.0176223684210526	1.0278829268292682	1.1103636363636364	stable	0.9996	0.12582993849032034
100004046	1.1342855263157894	1.1400926829268292	1.1816454545454544	stable	0.8152	0.059013382432422254
1025	1.2441565789473685	1.3139536585365854	1.3406909090909092	stable	0.4529	0.10780860582347926
100001106	1.1283263157894736	1.2345170731707318	1.0901909090909092	stable	0.4726	0.049603565292316354
1128	1.0153407894736841	1.0241585365853658	0.9692545454545455	stable	0.9864	0.06701653472822078
561	1.0351039473684212	1.1226512195121952	1.1597545454545455	stable	0.9497	0.16404384704528405
100001614	1.5034092105263157	1.2045390243902439	0.9475818181818182	dynamic	0.5679	0.6659153254354692
100000961	1.0715197368421052	1.1069756097560977	0.9438090909090909	stable	0.8968	0.18309145105254018
100002397	1.1281394736842105	1.1456121951219511	1.0714545454545454	stable	0.8928	0.07437479390219832
100009407	1.1036105263157894	0.9228951219512195	1.2393545454545454	dynamic	0.3766	0.16735783973707752
100002910	1.2890881578947369	1.579458536585366	1.3939	stable	0.3368	0.11277613450214087
100005946	1.076321052631579	1.0475853658536585	1.0274818181818182	stable	0.6856	0.0669956144334842
100019794	4.486048684210527	4.165317073170732	2.329490909090909	dynamic	0.5885	0.9454305768574609
100015759	1.4227881578947368	1.2674975609756098	1.5274727272727273	stable	0.3863	0.10242574946695453
100020417	1.1428263157894736	1.0825121951219512	1.1698636363636363	stable	0.7773	0.03373421111691901
100001054	1.1343802631578948	1.2145926829268292	1.0998545454545454	stable	0.7273	0.04459159521898764
100001437	1.1041473684210525	0.9924463414634146	0.8767636363636364	stable	0.7821	0.33267286959552456
504	1.0611842105263158	1.2554268292682926	1.459818181818182	stable	0.3486	0.4601135799493501
100001988	4.7996	2.005021951219512	2.552963636363636	up	0.1603	0.9107411876547327
1082	1.0187302631578947	1.0525926829268293	1.0784636363636364	stable	0.936	0.082205423633187
100001403	1.2249276315789475	1.3009	1.132009090909091	stable	0.4439	0.11381097350586318
100001664	0.9900118421052632	0.9966609756097561	1.1081363636363637	stable	0.8402	0.16261773832484172
461	1.0432131578947368	0.9444512195121951	0.9711454545454545	stable	0.9998	0.10327467287251303
100000463	1.0409302631578947	1.1870658536585366	1.2870272727272727	stable	0.7977	0.30616920637489936
100020208	1.1523263157894736	1.1644024390243903	0.9863	stable	0.5487	0.22445087822981674
381	1.0133342105263157	1.1049073170731707	1.1791	stable	0.8139	0.21857600730264057
100010901	1.0608342105263158	1.0137219512195121	1.0978727272727273	stable	0.9794	0.04951161085159258
100001468	1.094396052631579	1.3437609756097562	1.0184636363636363	dynamic	0.2391	0.10374046104270468
100000840	1.054592105263158	1.0137073170731707	0.9753181818181818	stable	0.723	0.11274024503320913
100020014	6.38498947368421	3.673243902439024	17.351545454545455	up	0.1854	1.4423080188046669
100001993	1.691288157894737	1.7953999999999999	2.5138363636363636	dynamic	0.5872	0.571768257777191
100001051	1.0919855263157894	1.1201439024390245	0.9685636363636364	stable	0.8239	0.17303498953292673
100006116	2.109117105263158	2.3358975609756096	14.330463636363637	dynamic	0.4378	2.764374180416363
1108	1.1013552631578947	1.2475024390243903	1.1602545454545454	stable	0.8073	0.07516143668027134
100019966	1.092103947368421	1.0195073170731708	1.0422636363636364	stable	0.6041	0.06738993207339397
100001743	1.3338276315789475	1.540968292682927	0.6660181818181818	dynamic	0.4981	1.0019387738993635
100001294	1.088425	1.0516268292682927	1.0638363636363637	stable	0.8607	0.032965742750402566
100001609	1.042678947368421	1.0309853658536585	1.1851	stable	0.9648	0.1847137962771473
418	1.0888763157894736	1.0370951219512194	1.1609	stable	0.8617	0.09240361442489312
100001178	5.412701315789474	4.497039024390244	5.152718181818182	stable	0.1261	0.07101509014071142
189	1.0527381578947368	1.147251219512195	1.1251272727272728	stable	0.8637	0.09594155927289955
563	0.9958618421052632	1.0104439024390244	0.9762636363636363	stable	1.0	0.028674813390742362
424	1.0257276315789474	1.1262146341463415	1.0265454545454546	stable	0.7635	0.001149816960068762
100000776	1.0482368421052632	1.0407926829268292	1.056281818181818	stable	0.9886	0.011030079081576693
1001	1.041803947368421	1.0567585365853658	1.111909090909091	stable	0.9634	0.09395503036422401
1135	2.7872421052631577	1.5058560975609756	1.635663636363636	dynamic	0.5954	0.7689622252915098
100021093	1.345678947368421	1.1159975609756099	1.2157090909090909	stable	0.275	0.14653620709487797
100020219	1.0662631578947368	1.1203902439024391	1.1267	stable	0.7767	0.07953988364934429
194	1.021907894736842	1.0805975609756098	1.0626454545454544	stable	0.9942	0.056395159332984376
100008930	1.0258828947368421	1.152109756097561	0.9888545454545454	stable	0.6581	0.05303582572191938
340	1.0589157894736843	1.009560975609756	1.0248454545454546	stable	0.9771	0.04718149376465553
100010896	1.0122486842105263	1.0573926829268292	1.0922454545454545	stable	0.9106	0.1097333342172771
100000787	1.0214184210526316	1.1208512195121951	1.1476181818181819	stable	0.9415	0.16806874706792635
100000639	1.332346052631579	1.439260975609756	1.0553818181818182	dynamic	0.4601	0.33620381033510843
100001851	1.0810368421052632	1.0706536585365853	1.0944363636363637	stable	0.9768	0.01777237952740817
179	1.516307894736842	1.6911853658536586	0.9350363636363637	dynamic	0.5078	0.6974683527680241
100000626	1.027821052631579	1.1056487804878048	1.0764454545454545	stable	0.9882	0.06668610940595711
100001605	1.1789	1.203839024390244	1.206409090909091	stable	0.4773	0.03327785806827375
330	1.0182526315789473	1.0602219512195121	1.0708545454545455	stable	0.983	0.07266698876952096
100001162	1.0086684210526315	1.0735926829268292	0.9936090909090909	stable	0.9311	0.02170171762860808
100001167	1.1823342105263157	1.0504317073170732	1.149181818181818	stable	0.7074	0.04103082739497121
100002067	1.2603302631578948	1.3083073170731707	1.6666636363636365	dynamic	0.5619	0.40316113689127436
100019968	1.0966302631578948	1.086460975609756	1.4681454545454544	dynamic	0.3469	0.42091771571032593
100002014	3.8409	1.814958536585366	1.6064818181818181	dynamic	0.5589	1.2575397501907142
100004083	1.3080407894736843	1.1599268292682927	1.1583454545454546	stable	0.3625	0.17534195611070763
100001315	0.9774171052631578	1.164390243902439	1.234490909090909	stable	0.6962	0.33686995460961583
535	1.013317105263158	1.0041853658536586	1.047209090909091	stable	0.9986	0.04746380794459636
93	1.0584657894736842	1.1007243902439023	1.1208090909090909	stable	0.9692	0.08256592171023255
100001989	1.1491947368421054	1.227909756097561	1.3920727272727274	stable	0.5584	0.27661129448584537
100001740	2.5440776315789475	2.1948731707317073	1.922718181818182	stable	0.0768	0.40399537626840154
482	0.9805381578947369	1.0381926829268293	1.1569090909090909	stable	0.9936	0.23862982348106426
1629	1.856121052631579	1.701360975609756	1.0471545454545454	dynamic	0.6006	0.825816423603335
100001399	1.189517105263158	1.352331707317073	1.2665454545454546	stable	0.4814	0.09052283641172469
376	1.027996052631579	1.0589219512195123	1.0419818181818181	stable	0.9939	0.019495379081230002
342	1.9848355263157895	1.8489414634146342	2.406518181818182	dynamic	0.5755	0.2779278600616417
100001253	1.233611842105263	1.113629268292683	1.2507545454545455	stable	0.6335	0.019910175699374037
100000708	1.1053684210526316	1.1214268292682927	1.202709090909091	stable	0.6592	0.1217604259325037
244	1.1639342105263157	1.0979170731707317	1.066009090909091	stable	0.7202	0.1267897731473609
100006726	1.1514763157894736	1.3103243902439023	1.1512363636363636	stable	0.5697	0.00030066954135318433
100000036	1.0166763157894736	1.064031707317073	1.1459818181818182	stable	0.9703	0.17272372046935966
100001257	1.1380026315789473	1.029590243902439	1.2862	dynamic	0.2898	0.17661110077478176
100000445	1.210675	1.2809146341463415	1.1295454545454544	stable	0.5371	0.10006930428080871
100004088	1.0061986842105264	1.0196365853658536	1.1250363636363636	stable	0.8282	0.16105642510694407
100001423	1.2392907894736842	1.3287	2.4188272727272726	dynamic	0.5111	0.9647930070269303
100001276	0.9618236842105263	1.0462658536585365	1.0310272727272727	stable	0.8204	0.10023813828886526
100001876	1.0312078947368422	1.131629268292683	1.1224909090909092	stable	0.9211	0.12236854695190452
100009082	1.0630815789473684	1.0208048780487804	1.3734454545454546	dynamic	0.3306	0.3695473049853205
100001121	2.8068223684210527	3.3174658536585366	7.341563636363636	dynamic	0.5782	1.3871496020623018
117	2.602530263157895	7.731151219512195	1.2605363636363636	down	0.4075	1.0458772024981409
100001868	1.5431868421052632	1.656080487804878	2.0629454545454546	dynamic	0.5615	0.41879292855389505
1134	1.0285684210526316	1.0070829268292683	1.0153636363636365	stable	0.991	0.01864126781134159
100021012	1.1931986842105262	1.128731707317073	1.8445818181818183	dynamic	0.5399	0.6284594906961434
100001181	1.48105	1.6894170731707316	1.1737363636363636	dynamic	0.5377	0.3355119497168955
100021467	1.2956236842105264	1.1854804878048781	1.8717636363636363	dynamic	0.4866	0.530751518770182
100000447	2.14715	1.9114707317073172	1.465909090909091	dynamic	0.6128	0.550627344674796
1162	1.077638157894737	1.1679219512195123	1.1925363636363637	stable	0.7386	0.1461604176025553
100019982	1.4985644736842105	1.3087853658536586	1.0977363636363637	stable	0.3815	0.4490495421184824
100001613	1.336175	1.3080243902439024	0.9240363636363637	dynamic	0.562	0.5320874389077066
100006644	1.2393710526315789	1.2790463414634146	1.4965545454545455	stable	0.3612	0.27203668470158066
100000096	1.1149052631578948	1.1711682926829268	0.9370545454545455	dynamic	0.3389	0.2507161912672004
926	1.122825	1.2491853658536585	1.2065181818181818	stable	0.6845	0.10371656532751156
100020004	1.089575	1.1673878048780488	1.2182181818181819	stable	0.7866	0.16100703521422632
363	1.0367907894736843	1.037509756097561	1.1042454545454545	stable	0.9765	0.09093608682180268
1111	1.0237789473684211	1.1100121951219513	1.1121272727272726	stable	0.8766	0.11941765600268371
100021712	1.2119736842105264	1.3848	1.8363818181818181	dynamic	0.5542	0.5995076795960829
460	1.0231828947368422	1.0962073170731708	1.0147727272727274	stable	0.9991	0.011907399396485583
100009331	1.4206276315789474	1.3019170731707317	1.4973181818181818	stable	0.3679	0.07585237681085037
100000442	1.5050078947368422	1.408909756097561	2.190618181818182	dynamic	0.5448	0.5415669939485968
100002945	1.2183447368421052	1.2012024390243903	1.1408909090909092	stable	0.4441	0.0947615598240313
192	1.0117605263157894	1.025580487804878	1.080781818181818	stable	0.9631	0.09520745092788378
100020241	1.0300105263157895	1.169170731707317	0.9468636363636364	dynamic	0.1585	0.12143050686859112
100000580	1.0593144736842106	0.9714219512195121	1.081909090909091	stable	0.9342	0.030448340590261167
100002466	1.009646052631579	1.0407268292682927	1.0545363636363636	stable	0.9998	0.06275922244584808
849	1.4260697368421054	1.5998902439024392	1.1969363636363637	dynamic	0.5363	0.2526980814083856
501	31.277651315789473	32.82648048780488	15.937363636363637	dynamic	0.5525	0.9727191846451642
100000282	1.1355552631578947	1.1654731707317074	1.0881545454545454	stable	0.8037	0.061514447928674235
100001577	1.1463302631578947	1.1806390243902438	1.517409090909091	dynamic	0.4015	0.4045873349225029
355	0.9824881578947369	1.0185463414634146	0.9469454545454545	stable	0.9995	0.05315869168981318
100000841	0.9654671052631579	0.9933975609756097	1.0079	stable	0.8714	0.06205349662561608
100000846	4.624092105263158	2.9182463414634148	1.6815818181818183	dynamic	0.4519	1.4593511589331063
100004295	1.9942236842105263	1.5654487804878048	3.3699545454545454	up	0.1165	0.7569018919827661
100001586	1.0845342105263158	1.1061268292682926	1.2024818181818182	stable	0.8367	0.14893951818694115
407	1.0100421052631579	1.0069609756097562	1.0002909090909091	stable	0.9994	0.013995803273259909
1137	1.0882986842105262	1.1254731707317074	1.1385636363636364	stable	0.7845	0.06514036911104351
100021374	1.096392105263158	1.3010243902439025	2.0388272727272727	dynamic	0.5498	0.8949757119755686
100001593	1.0677144736842106	1.1116975609756097	1.2315090909090909	stable	0.8659	0.20590138209844266
100015971	0.8974381578947368	0.9472146341463414	0.8961636363636364	stable	0.5529	0.002050339387257901
100001022	0.9851434210526316	1.0622268292682926	1.0638	stable	0.796	0.1108212638820766
1094	1.0314657894736843	0.9763	1.0637181818181818	stable	0.9929	0.044420006041567185
100002122	1.580517105263158	2.1044731707317075	2.0893727272727274	dynamic	0.5385	0.40267323154306994
100000706	1.0460157894736841	1.0795560975609757	1.1334454545454544	stable	0.886	0.11581033605188855
100001055	1.2287723684210525	1.1921414634146341	1.1583272727272726	stable	0.6259	0.08517475078982817
1235	1.0204276315789473	1.0653463414634146	0.9949454545454546	stable	0.9852	0.0364845297948922
100020204	1.226665789473684	1.2618853658536586	1.2818363636363637	stable	0.5962	0.06346986860320014
100015643	1.1091184210526315	1.1813463414634147	1.0144454545454547	stable	0.6364	0.12872211561137195
313	1.0286236842105263	1.1451487804878049	1.1451090909090909	stable	0.8552	0.15476976839815837
100001413	1.0771131578947368	1.2192560975609756	1.1899454545454546	stable	0.7348	0.14372562135771105
100020423	1.1095934210526315	1.2009146341463415	1.4316727272727272	stable	0.5978	0.36767059907939276
892	1.1102131578947367	1.2186121951219513	1.0326272727272727	stable	0.7093	0.10451708993265976
212	1.0986342105263158	1.0733609756097562	1.1016272727272727	stable	0.9781	0.0039250595356562085
100006105	1.7843302631578948	1.2332975609756098	1.5657818181818182	up	0.0978	0.18849947340536277
437	1.1201315789473685	1.0366658536585367	1.3877454545454546	dynamic	0.0719	0.30907475579278615
100019892	1.143482894736842	1.4511365853658535	0.9981636363636364	down	0.0414	0.1960865330032027
100005716	0.8798118421052632	0.9518170731707317	0.904209090909091	stable	0.67	0.03946140278310363
537	1.1341868421052632	1.009370731707317	1.1126363636363636	stable	0.8741	0.02767616233745568
100001990	1.4337184210526315	1.3470658536585365	1.2778545454545454	stable	0.4333	0.1660380821648973
100003397	1.2039065789473684	1.0139121951219512	1.2456272727272728	stable	0.7354	0.04914899153705187
100001320	1.0161315789473684	1.0546	1.057609090909091	stable	0.9609	0.05771925412515921
100005717	1.1143986842105262	1.1781829268292683	1.1055272727272727	stable	0.6014	0.011530843581293762
100001207	1.0171157894736842	1.1081121951219512	1.0868727272727272	stable	0.7341	0.09569908437445986
100001999	1.3172776315789474	1.243190243902439	1.7745181818181819	dynamic	0.582	0.4298679140153424
100002488	3.287744736842105	1.716039024390244	2.241563636363636	up	0.1452	0.5525928343246425
62	1.3136315789473685	1.5185536585365853	1.1245	dynamic	0.4428	0.22427705308823248
100000467	1.0548684210526316	1.1174439024390244	1.0956363636363637	stable	0.6365	0.054705998617094354
297	1.0632105263157894	1.177680487804878	1.1572727272727272	stable	0.6748	0.12230160228968738
100000285	0.8529092105263157	1.131668292682927	0.9976909090909091	dynamic	0.3161	0.226200749383012
100006056	0.9505868421052631	1.073931707317073	0.9951272727272727	stable	0.8583	0.06606262009105941
100002126	2.1894644736842106	1.9174146341463414	2.583727272727273	dynamic	0.5827	0.23887575254223153
100002129	1.278486842105263	1.2929463414634146	1.6908181818181818	dynamic	0.585	0.4032842184807943
100020478	1.0747223684210527	1.1751829268292682	1.0267545454545455	stable	0.7656	0.06587268432267826
100004089	1.1686276315789474	1.2838658536585366	1.0621454545454545	stable	0.596	0.1378339583215205
100001755	1.5958842105263158	2.6456390243902437	1.3757272727272727	down	0.1608	0.21416148526172246
100000551	1.0143697368421052	1.0599780487804877	1.1035818181818182	stable	0.9446	0.12160998397004642
100003260	1.0613052631578948	1.0851048780487804	1.1117181818181818	stable	0.8274	0.06695143608574257
100010955	1.3209065789473684	1.3068975609756097	1.5097727272727273	stable	0.4871	0.1928029550095215
100020851	1.1573052631578948	1.4513780487804877	1.1509727272727273	down	0.123	0.00791580656707688
100016069	1.2973223684210526	1.1829048780487805	1.2874454545454546	stable	0.5682	0.011025705207258802
100002027	1.2691986842105263	1.1712926829268293	1.4410363636363637	stable	0.3419	0.18318881074974616
1123	1.5789144736842105	1.353651219512195	1.4395727272727272	stable	0.2087	0.13329234995053418
100001150	1.1260973684210527	1.0667463414634146	1.0983454545454545	stable	0.6418	0.03599968995214328
100001657	1.1299960526315789	1.0392926829268292	1.6850181818181817	dynamic	0.4762	0.5764464256323171
310	1.4082368421052631	2.1664878048780487	1.1376818181818182	down	0.2797	0.3077928642950762
100001314	1.0293065789473683	1.0491463414634146	1.013390909090909	stable	0.9178	0.022481961004314866
452	1.5806763157894737	1.7863463414634146	1.4849363636363637	stable	0.3761	0.09014086272946346
144	1.0655776315789474	1.305819512195122	0.9118909090909091	dynamic	0.3113	0.22470255503184497
100001182	1.2091144736842105	1.289570731707317	1.1059363636363637	stable	0.4818	0.12868246486284093
100015965	1.9168184210526316	1.2218439024390244	5.559163636363636	up	0.1203	1.5361541711309135
100006108	1.1279657894736843	1.579180487804878	1.127218181818182	down	0.066	0.0009565249756687039
100001400	1.2358513157894737	1.2943951219512195	1.2893363636363637	stable	0.3842	0.06112350055565557
100004541	1.0781144736842105	1.1079487804878048	1.2275636363636364	stable	0.7823	0.1872874442606819
932	1.410257894736842	1.5053439024390243	1.1215545454545455	dynamic	0.5041	0.33045922742179845
100001992	1.5717671052631579	1.613619512195122	1.6289090909090909	stable	0.3177	0.051518625791633306
100009252	5.411623684210526	4.582263414634146	6.499309090909091	dynamic	0.5815	0.2642248405264712
100021104	1.294396052631579	1.5325829268292683	2.0296090909090907	dynamic	0.5436	0.6489227732974533
100015838	1.0780565789473684	1.1003975609756098	1.1662727272727273	stable	0.8816	0.11347229918313745
250	1.1736407894736842	1.1577756097560976	1.2820181818181817	stable	0.7107	0.1274258053137406
100002537	1.1445618421052632	1.259341463414634	1.3315454545454546	stable	0.6741	0.2183062625990628
100001658	1.2812973684210527	1.0976878048780487	1.5264	dynamic	0.4882	0.2525277357030079
100020416	1.0904368421052633	1.1100536585365854	1.1724727272727273	stable	0.715	0.10464815302371389
100006642	1.2495815789473683	1.2091853658536584	1.7984363636363636	dynamic	0.4583	0.5252980207998289
100001391	1.0195302631578949	1.0897439024390243	1.0194181818181818	stable	0.9784	0.00015861037932706227
825	0.9835026315789474	1.1148341463414635	1.1301272727272726	stable	0.8447	0.2004844374175481
215	1.131686842105263	1.2936756097560975	1.0868454545454547	stable	0.3622	0.05832798501230592
100001026	1.2998513157894738	2.1826560975609755	1.0832272727272727	down	0.1997	0.2630106415878994
100020541	1.129546052631579	1.119060975609756	1.6669818181818181	dynamic	0.4531	0.5614952769602476
100001526	1.0506236842105263	1.0816121951219513	1.0461272727272728	stable	0.863	0.006187630887847261
100005384	1.0016105263157895	1.0699682926829268	1.1050454545454547	stable	0.962	0.14178408483243338
100020378	1.0912565789473685	1.2765024390243902	1.0501636363636364	stable	0.6555	0.05537620560961626
100006115	1.0683894736842106	1.1850365853658538	1.093190909090909	stable	0.7549	0.03310770066814032
1442	1.0328947368421053	1.061629268292683	0.9913545454545455	stable	0.9489	0.059220218945638226
100001843	1.0507013157894738	1.0590878048780488	1.1231272727272728	stable	0.9386	0.09616881232158954
100015837	1.0226776315789474	1.0963658536585366	1.152709090909091	stable	0.8669	0.172677015661535
100010834	1.5354565789473684	0.9182243902439025	1.1475272727272727	up	0.0845	0.42013927315024135
100001393	1.031636842105263	1.100231707317073	1.0365363636363636	stable	0.8464	0.00683552868723728
100000015	0.9943	1.0825975609756098	0.9883454545454545	stable	0.601	0.00866581466449273
100003892	1.035153947368421	1.4389292682926829	1.696	dynamic	0.4359	0.7122908296268028
100000042	1.441882894736842	1.7249609756097561	0.9610818181818181	dynamic	0.5326	0.5852228382134314
100020550	1.4604381578947367	1.5902365853658538	1.5044363636363636	stable	0.3175	0.042821814517330754
182	1.0618236842105264	1.1184268292682926	1.2101545454545455	stable	0.6746	0.18864707525369806
100015723	1.082871052631579	1.1461219512195122	0.9543636363636364	stable	0.7664	0.18225047935823788
100020343	1.2460526315789473	1.2869658536585367	1.0854454545454546	stable	0.5839	0.19907777720829167
512	1.0487197368421053	1.1261853658536585	1.0156272727272728	stable	0.964	0.046258137634374905
100021100	1.2043157894736842	1.3041121951219512	0.9816272727272727	dynamic	0.4379	0.2949665004286096
100002528	1.013175	1.0452219512195122	1.0350545454545454	stable	0.9958	0.030823412845705753
100001287	1.2162394736842106	0.9655585365853658	0.8829	dynamic	0.5365	0.462105370703695
100001229	1.3401263157894736	1.6458731707317074	1.1030454545454544	dynamic	0.51	0.2808767476075619
181	1.458925	1.6167195121951219	1.2092181818181817	dynamic	0.5273	0.27083114288698407
100015831	1.1058105263157896	1.0617341463414633	1.1393545454545455	stable	0.7962	0.04311254613648507
100020515	1.801896052631579	1.7796682926829268	1.6024909090909092	stable	0.2398	0.16919961521159388
327	1.0464144736842105	1.050439024390244	0.9248272727272727	stable	0.9651	0.17819855301609
100009394	1.1716394736842106	1.3924512195121952	1.2553363636363637	stable	0.5662	0.0995452768491593
100001596	1.0969092105263158	1.2076439024390244	1.1318272727272727	stable	0.7234	0.04520968535678504
207	0.9853263157894737	1.0199170731707317	1.1049090909090908	stable	0.9298	0.16525417939323217
2054	1.27115	1.1927073170731708	1.3153454545454546	stable	0.612	0.04930746688613972
100020259	2.4963065789473684	1.9133195121951219	1.5568636363636363	dynamic	0.5478	0.6811525406234054
100020414	0.9919815789473684	1.1111439024390244	1.140590909090909	stable	0.9225	0.2013962038887412
100021131	1.1655434210526316	1.0721292682926828	1.2079363636363636	stable	0.8639	0.051541701269090696
100004499	1.091932894736842	1.2004268292682927	1.0737818181818182	stable	0.8511	0.024183315687862344
880	1.047625	0.9706926829268293	0.8987909090909091	stable	0.7691	0.22106495554286126
100002049	2.039277631578947	1.590778048780488	1.0084727272727272	dynamic	0.5935	1.0158861314671994
100001739	1.1626052631578947	1.2700853658536586	1.0653454545454546	stable	0.6041	0.1260400226004516
100001126	1.0572723684210525	1.0193756097560975	1.1598636363636363	stable	0.9187	0.13360811617939067
1113	1.0287381578947368	1.0858	1.1477727272727272	stable	0.886	0.15796117596168271
1083	1.0631236842105263	1.0824926829268293	1.0872636363636363	stable	0.9503	0.03239235274944337
100001730	1.0911407894736842	1.2793878048780487	1.0581454545454545	stable	0.6606	0.04429930755943683
100001412	0.9762552631578948	1.0382878048780488	1.1450636363636364	stable	0.9329	0.23009745143455898
100005996	1.339175	1.1157658536585366	1.0341636363636364	stable	0.5142	0.37288001845822566
100015962	1.0830381578947368	1.1651195121951219	1.2443636363636363	stable	0.8638	0.20032406792456056
100020214	1.3211289473684211	1.7614243902439024	2.2833545454545456	dynamic	0.5273	0.7893836037447538
100002514	1.1715118421052633	2.6412268292682928	0.9770909090909091	down	0.3166	0.2618068348933169
564	1.0071907894736842	1.0207414634146341	0.9675272727272728	stable	0.9895	0.057962761385316794
572	1.0780105263157895	1.0263682926829267	1.0396181818181818	stable	0.9897	0.05231749511680513
231	0.9989052631578947	1.0507487804878048	0.9569818181818182	stable	0.9839	0.06185634331793102
100000453	1.1988	1.1680975609756097	1.0465727272727272	stable	0.4767	0.19591841972118582
100001007	1.0634	1.0748853658536586	1.0014272727272728	stable	0.899	0.08662672031343732
923	1.154732894736842	1.1378390243902439	1.1522818181818182	stable	0.5928	0.003065569804558985
100001247	1.3071236842105263	1.2253634146341463	1.256809090909091	stable	0.5871	0.056630138731773916
100000774	1.0855526315789474	1.1623341463414634	1.193009090909091	stable	0.8129	0.136175361825153
800	1.019138157894737	0.9853219512195122	1.0451454545454546	stable	0.999	0.036354096936328066
100021678	1.1208052631578946	0.9763975609756098	0.9517545454545455	stable	0.5604	0.23587417556990162
100021711	1.3456776315789474	1.1992463414634147	0.982890909090909	stable	0.3469	0.45322963551336554
100001274	1.0534092105263158	1.0410024390243902	1.186809090909091	stable	0.9401	0.17202190403566828
100021220	1.1582855263157894	1.1947170731707317	1.0075545454545454	stable	0.6383	0.20113298932665918
100020253	1.131928947368421	1.241970731707317	1.2495727272727273	stable	0.5738	0.14265146999618303
100001170	1.0363447368421053	1.1522926829268292	1.0572636363636363	stable	0.9494	0.028831177198821462
100001466	0.9098934210526316	0.8659073170731707	0.8968090909090909	stable	0.8766	0.02089666462790082
100009406	1.1712815789473685	1.1169951219512195	1.1777181818181819	stable	0.7218	0.007906410582277392
1026	1.0986539473684211	1.2601658536585365	1.1028363636363636	stable	0.8273	0.005481703406060782
100020837	1.299178947368421	1.3658000000000001	1.4835181818181817	stable	0.4005	0.1914224488437803
100001006	1.0822486842105263	1.132341463414634	0.9816545454545454	stable	0.8045	0.1407447271083329
100003674	1.3554434210526316	1.2167560975609757	1.6862	dynamic	0.5816	0.31501077090584695
100004396	1.3499802631578948	1.3102243902439024	1.1410909090909092	stable	0.3634	0.2425245814204484
100015923	1.1712565789473683	1.1228024390243903	0.9643363636363637	stable	0.6953	0.2804487954870901
100000265	1.0158	1.0651439024390243	1.1380818181818182	stable	0.9463	0.16398789952801163
100001409	1.0149263157894737	1.0915024390243901	1.0759272727272728	stable	0.9151	0.08420557150454866
100003434	1.3084973684210526	1.5229170731707318	1.473718181818182	stable	0.5082	0.17154964224300676
100001334	1.0818828947368422	1.1646170731707317	1.1762	stable	0.3337	0.12058904831992402
100001102	1.78515	1.898370731707317	1.004690909090909	dynamic	0.5855	0.8292935762741827
1268	1.051428947368421	1.0756439024390243	1.0663090909090909	stable	0.9475	0.020274332523972247
100001300	1.3718	1.1616926829268293	1.0827090909090908	stable	0.5639	0.3414244981496068
100021324	1.0526631578947367	1.137612195121951	1.0958818181818182	stable	0.8818	0.05804836227653141
100001617	1.3653763157894736	1.206641463414634	1.1167272727272728	stable	0.2702	0.2900217381279516
1105	1.0437078947368421	1.0543634146341463	0.9808	stable	0.9743	0.08968711341697419
100021502	1.0706802631578947	1.2597585365853659	1.0016454545454545	dynamic	0.3304	0.09615577474115354
2051	0.9983473684210526	1.0636048780487806	0.9282	stable	0.9461	0.105106181684638
100001256	1.08205	1.1798121951219511	1.2329363636363637	stable	0.828	0.18833117328248822
100005466	1.043321052631579	1.1351658536585365	1.160090909090909	stable	0.8765	0.15305468990546553
100002199	1.1150631578947368	1.2772048780487806	1.0706636363636364	stable	0.6735	0.058620118760232195
338	1.1495394736842106	1.057319512195122	0.9837272727272728	stable	0.8246	0.22472570196086694
100004243	1.0683394736842104	1.3381878048780487	1.3807636363636364	dynamic	0.3945	0.37009622734428577
799	0.9974276315789473	1.0011268292682927	1.0646363636363636	stable	0.9977	0.09407667337617336
100008928	1.1652	1.1833536585365854	1.0042	stable	0.8105	0.2145309764724843
815	0.9628565789473684	1.0734658536585366	0.9326636363636364	stable	0.9917	0.04596405006529139
100001456	0.9667552631578947	0.965229268292683	1.117809090909091	stable	0.9486	0.209451194613906
1242	1.0287236842105263	1.017439024390244	1.0784	stable	0.9996	0.06803687610780865
100001416	1.6396684210526316	1.104760975609756	1.2239454545454544	dynamic	0.57	0.4218648325973239
100001462	0.8968697368421052	1.116739024390244	0.9429272727272727	dynamic	0.3838	0.07224804076468053
1087	1.0723105263157895	1.1072487804878048	1.0298	stable	0.7317	0.05835857560648661
100020421	1.0436921052631578	1.2807585365853658	1.237781818181818	stable	0.4052	0.2460608634761856
100000010	1.3843828947368422	1.3031878048780488	1.3395363636363637	stable	0.3193	0.047509275226790076
821	1.0205565789473685	1.0538926829268294	1.0921727272727273	stable	0.9954	0.09784487013022511
100006627	1.7797447368421053	1.2553682926829268	1.080581818181818	dynamic	0.532	0.719862022278925
100001277	1.295178947368421	1.3851634146341463	1.1350090909090909	stable	0.4106	0.19044758759847158
100021141	1.131828947368421	1.1360926829268292	1.2208454545454546	stable	0.7375	0.10922464173380561
100021105	1.3017486842105264	1.1435024390243902	1.2248	stable	0.5002	0.08790476052246939
100001950	1.0767302631578948	1.1427878048780489	1.2394545454545454	stable	0.7834	0.20304848568814035
100020217	1.0361684210526316	1.0382121951219512	1.0870363636363636	stable	0.9622	0.06914168148251666
100006651	1.2240605263157895	1.1568292682926828	0.8786636363636363	dynamic	0.4127	0.4782920028463172
881	1.1984026315789473	1.046421951219512	1.2867818181818182	stable	0.5652	0.10265475949005422
100001509	1.0102052631578948	1.0765146341463414	1.153790909090909	stable	0.858	0.19173333799789996
100021709	1.2071684210526317	1.355980487804878	0.9918545454545454	dynamic	0.3738	0.28342649990773205
100001635	1.6320105263157896	1.817380487804878	1.2359090909090908	dynamic	0.5445	0.4010777349752326
100002613	1.1426815789473683	1.4921170731707316	5.196945454545454	dynamic	0.4794	2.1852404806422725
100009329	0.957221052631579	1.0826829268292684	1.1051636363636363	stable	0.8323	0.2073359662414459
100021123	1.0675697368421053	1.0241414634146342	1.0809	stable	0.8972	0.017902743527756178
100015760	1.5570368421052632	1.3182439024390245	1.6987818181818182	dynamic	0.5108	0.12569749151531615
100020205	1.0681934210526316	1.0705975609756098	1.0682636363636364	stable	0.9368	9.48292226758604e-05
100000765	1.1136131578947368	1.0155146341463415	1.2066636363636365	stable	0.4765	0.11577541098023013
100004111	1.4686315789473685	1.2419024390243902	1.3933636363636364	stable	0.3352	0.07590070884978356
100001615	1.3000052631578947	1.1984170731707318	1.1204272727272726	stable	0.4887	0.214468457995963
100009227	1.1238434210526316	1.1757560975609755	1.0307181818181819	stable	0.7792	0.12479112072170706
100006191	1.36075	2.031539024390244	1.3728090909090909	down	0.1153	0.012728975621090384
100004542	1.0690697368421052	1.0636048780487806	1.3474363636363635	dynamic	0.0886	0.3338611743257086
100003686	1.1920513157894737	1.232970731707317	1.0564636363636364	stable	0.6084	0.17420323236568339
100009232	1.057446052631579	1.0217414634146342	1.0240545454545456	stable	0.9549	0.046291502342993306
100001501	1.0380486842105263	1.0635121951219513	1.0886090909090909	stable	0.9566	0.06861188178469192
100002367	1.2170934210526316	1.3209560975609755	1.3084909090909091	stable	0.5261	0.1044639911395804
100001108	1.4565552631578946	1.4997463414634147	1.2940454545454545	stable	0.3704	0.1706721455835809
100004227	1.2342157894736843	1.2351658536585366	1.062990909090909	stable	0.6876	0.21546539768133016
100001310	1.1712631578947368	1.039270731707317	1.1241272727272729	stable	0.7264	0.05925986961510201
100001994	1.3050697368421054	1.1621487804878048	1.4667181818181818	dynamic	0.5406	0.16846479556017696
100015839	1.0323802631578947	1.0609926829268292	1.1858818181818183	stable	0.9225	0.19998577625963773
100003271	1.0854157894736842	1.1173926829268293	1.1538636363636363	stable	0.7943	0.08822493558002721
100020496	1.097007894736842	1.026009756097561	1.3945636363636364	dynamic	0.4739	0.3462398602610979
302	1.0853276315789473	1.3417829268292683	1.3361	dynamic	0.5076	0.29989737020296525
811	1.012103947368421	1.016380487804878	1.0486818181818183	stable	0.9989	0.05121954591963396
100001267	1.4811736842105263	1.1837634146341462	1.2191272727272728	dynamic	0.5415	0.28089207644488
100001197	1.1156013157894737	1.128090243902439	0.986009090909091	stable	0.8161	0.17814868777130935
432	1.0334434210526315	1.170931707317073	1.0975727272727274	stable	0.7876	0.08685713239118449
444	0.9796684210526316	1.036060975609756	0.9627909090909091	stable	0.9878	0.02507101713527252
100015968	1.0205605263157895	1.2073536585365854	1.1764272727272727	stable	0.3808	0.20505038852330548
828	0.9368921052631579	0.9435097560975609	1.0846909090909091	stable	0.5942	0.21132917597852993
100004054	1.1011157894736843	1.0430390243902439	1.138590909090909	stable	0.941	0.048283300275644925
100004635	1.1596657894736841	1.1865780487804878	0.8396454545454546	dynamic	0.2346	0.46585691222051906
100000491	1.0595618421052633	1.1849756097560975	1.0571454545454546	stable	0.9254	0.003293900738460352
100000939	1.5738605263157894	1.1415731707317074	1.0067454545454546	dynamic	0.6011	0.6446087380261922
241	1.0757486842105264	1.1656951219512195	1.1123454545454545	stable	0.7919	0.04826383123979028
136	3.215025	3.3994560975609756	4.4813363636363635	dynamic	0.5452	0.47909906150496095
100000792	1.4303960526315789	1.254439024390244	1.1355727272727272	stable	0.309	0.3329945545357776
100020973	1.1239223684210526	1.5163341463414635	1.0616454545454546	down	0.2048	0.08224034275477755
100000936	1.035596052631579	1.0563560975609756	1.0356818181818181	stable	0.997	0.00011947555257867093
100001313	1.0828197368421053	1.1470439024390244	1.0926636363636364	stable	0.845	0.013056263380812679
100001951	0.9727407894736843	0.9685853658536585	1.1138	stable	0.9552	0.19536287772314573
100006098	1.345471052631579	1.5423585365853658	1.695718181818182	stable	0.295	0.3337850703664785
100000007	1.0126894736842105	1.0282024390243902	0.9694	stable	1.0	0.06302787314170914
100006641	1.2715986842105262	1.164209756097561	1.5740818181818181	dynamic	0.4059	0.30786710295027475
913	1.0186013157894738	1.3639121951219513	0.9024636363636364	down	0.1013	0.17464877926378003
100001579	1.1178013157894737	1.1394853658536586	0.9552363636363637	stable	0.6808	0.22673411552350484
100002911	2.9995526315789474	2.100070731707317	1.8689272727272728	dynamic	0.5565	0.6825369166778427
100001293	1.1119960526315789	1.1213243902439025	0.9259727272727273	stable	0.7841	0.26411005934038234
100002241	1.459517105263158	1.9628	1.9043909090909092	dynamic	0.5776	0.3838385280409513
100003179	1.0643394736842104	1.1661975609756097	0.9783090909090909	stable	0.7942	0.12159612217309386
100021372	1.092675	1.0398146341463415	1.1119363636363637	stable	0.6992	0.025209868133636543
100001956	2.6449184210526315	2.974431707317073	5.311318181818182	dynamic	0.589	1.0058467336100214
100021162	1.0411276315789473	1.0113390243902438	0.9935090909090909	stable	0.9923	0.06754186536261535
100002259	1.1629473684210527	1.0596439024390243	1.2321636363636363	stable	0.7535	0.08340805839797956
252	1.0035197368421054	1.0138414634146342	1.1193272727272727	stable	0.9987	0.15756292673816444
100000707	1.5960671052631579	1.273319512195122	1.2592454545454546	dynamic	0.5084	0.3419617863432253
1489	2.270940789473684	2.8151512195121953	3.8742727272727273	dynamic	0.575	0.7706354242655026
100020361	0.9357263157894737	1.0924073170731707	0.9587636363636364	stable	0.9682	0.03508856454627637
55	1.3262671052631578	1.5006536585365855	1.1928	dynamic	0.4225	0.15301919539507075
100000863	1.109542105263158	1.1256756097560976	0.8863636363636364	dynamic	0.5622	0.3239938162074516
100015840	1.0086184210526317	1.1089317073170732	1.1349272727272728	stable	0.9097	0.17021937161553993
100001541	1.1859526315789475	1.0959878048780487	1.3120181818181818	stable	0.6769	0.14574132481679455
100006082	1.1021723684210527	0.9646024390243902	1.0490272727272727	stable	0.7842	0.07129767846944332
1254	1.1642315789473685	1.2147365853658536	1.3116363636363637	stable	0.6623	0.17198974918974955
100001624	1.5870144736842104	2.261609756097561	1.5516636363636362	down	0.1873	0.03249943614231771
100015850	0.909225	1.0186926829268292	1.0520727272727273	stable	0.807	0.21052518006061346
100001104	1.0802381578947369	1.078851219512195	1.0678	stable	0.8995	0.016707961362289414
100000900	1.0382526315789473	1.012529268292683	0.9836545454545454	stable	0.9804	0.07793388609582341
100000269	1.0519776315789473	1.0359634146341463	1.0657	stable	0.9745	0.018697340588612343
1022	1.0717973684210527	1.078239024390244	0.9034727272727273	stable	0.5688	0.24647922205432005
100005373	1.1283592105263158	1.0427658536585365	1.007509090909091	stable	0.9241	0.16343356299241957
100001129	1.6449868421052631	1.0194121951219512	1.2667545454545455	up	0.0848	0.37693903855448946
935	1.9015065789473684	2.46740243902439	2.9217	dynamic	0.5819	0.6196651193957909
100001262	0.9761	0.9695585365853658	0.8202272727272727	stable	0.8567	0.25100524295835297
100019978	1.333836842105263	1.2188853658536585	0.9702363636363637	dynamic	0.4531	0.4591740469970536
100002293	0.991996052631579	1.0218121951219512	1.0293636363636365	stable	0.935	0.05334643850225233
100001426	1.0514263157894737	1.0994463414634146	1.1298454545454546	stable	0.9338	0.1037776984818841
234	1.0572526315789474	1.0899292682926829	1.0776818181818182	stable	0.9356	0.027611138907963288
100005403	1.358592105263158	0.9447536585365853	1.310481818181818	up	0.0695	0.0520150382256302
100001083	1.0056473684210527	0.9785731707317074	1.238590909090909	dynamic	0.4157	0.30057525133688967
439	1.0055973684210526	1.0753878048780487	0.9729272727272728	stable	0.8888	0.047648908169573005
100001086	2.2997934210526316	2.5605146341463416	3.2691090909090907	dynamic	0.5629	0.5073932440626077
100005864	2.155086842105263	1.3346756097560974	9.187536363636363	up	0.148	2.0919320491242868
491	1.9571986842105262	1.8546829268292684	9.753118181818182	dynamic	0.504	2.3170733204911103
100002029	1.4067855263157896	1.156080487804878	0.9489	stable	0.2101	0.5680744353245942
100002154	1.2953934210526317	1.0061	1.208790909090909	dynamic	0.4329	0.0998256065280496
891	1.0992894736842105	1.1780365853658537	1.0773636363636363	stable	0.599	0.029066061642416482
100020261	1.633771052631579	1.3145341463414635	1.207190909090909	dynamic	0.5594	0.4365519799688377
100001296	1.7904315789473684	1.7879219512195121	3.6300090909090907	dynamic	0.5748	1.019665773922296
2050	1.495675	1.6768853658536584	1.0840727272727273	dynamic	0.5214	0.46433517532990387
100002761	1.696257894736842	1.2383658536585367	1.8407545454545455	up	0.0667	0.11794173376159513
100006614	1.3389815789473685	1.1969634146341463	1.2072636363636364	stable	0.5346	0.14939535368059292
100001597	1.0110605263157895	1.1172682926829267	1.0218	stable	0.8915	0.015243475259292238
100020853	1.3127171052631579	1.6854365853658537	1.3072272727272727	down	0.2657	0.006046056422479836
100001446	0.9807236842105264	1.0107268292682927	0.9449909090909091	stable	0.9954	0.053546268413537386
100003240	1.0699710526315789	1.2212365853658536	1.0400454545454545	stable	0.489	0.04092518414011458
100001502	1.0091473684210526	1.0477731707317073	0.9226272727272727	stable	0.8174	0.12931702634582493
100020866	1.0123526315789473	1.2466707317073171	1.8498272727272727	dynamic	0.4506	0.8696786558427237
100020419	1.0539157894736841	1.2578829268292684	1.3461636363636365	stable	0.5313	0.35309419448083884
35	0.9615736842105264	1.047309756097561	0.9310090909090909	stable	0.8142	0.04660215859202769
100003696	1.1184789473684211	1.0787560975609756	1.042181818181818	stable	0.8563	0.10193111048297943
100016038	1.066021052631579	0.9956731707317074	1.0212181818181818	stable	0.9428	0.061944800968495986
100009333	1.468578947368421	1.1096926829268292	1.3340818181818181	dynamic	0.5354	0.13857367507703705
100001611	0.9885039473684211	1.0474829268292682	1.1651272727272728	stable	0.8549	0.23716892418463514
100005383	1.1645407894736841	1.0976560975609755	1.3811454545454545	dynamic	0.4417	0.24610409159982322
100009239	1.2040907894736843	1.1183439024390245	1.5128454545454546	dynamic	0.4347	0.3293204392397408
100009332	1.3451026315789474	1.2326317073170732	1.3496363636363635	stable	0.4241	0.004854495325172902
100001731	0.9765105263157895	1.4404463414634145	1.6708818181818181	dynamic	0.5109	0.774902194017541
100003415	1.5591973684210527	1.2643341463414635	1.2372727272727273	dynamic	0.4458	0.33364001766963564
100020578	2.0535315789473683	1.9180658536585367	1.243	dynamic	0.519	0.7242808366779533
893	1.0553894736842104	1.2173682926829268	0.9582090909090909	dynamic	0.0827	0.1393630933978322
100000963	1.2424697368421052	1.3165	1.0223363636363636	dynamic	0.4366	0.2813407699413349
273	0.8626013157894736	1.0024975609756097	0.8258818181818182	stable	0.6581	0.06275856670277002
197	1.0037184210526315	1.0750268292682927	1.1919090909090908	stable	0.9414	0.2479196045562512
100000808	1.0024157894736843	1.1164073170731708	1.1207818181818183	stable	0.9244	0.16102441258523056
100002284	1.0971842105263159	1.0883219512195121	1.1443454545454546	stable	0.7876	0.060716872304408184
888	1.4055565789473685	1.4511414634146342	1.0682090909090909	dynamic	0.4567	0.3959474614603868
100006435	1.013417105263158	1.1040536585365854	1.0467	stable	0.9779	0.046619918228527374
100006374	1.6172723684210526	1.5206585365853658	2.0727727272727274	dynamic	0.5519	0.3579992716023871
100003169	1.1100631578947369	1.3767585365853658	1.0030363636363635	down	0.2385	0.14626785242575244
1004	1.0714302631578947	1.1313219512195123	1.0972090909090908	stable	0.8974	0.03430052928732334
100005998	1.1676973684210525	1.0155048780487805	1.0905363636363636	stable	0.7624	0.09862854301324984
100000773	1.2885815789473685	1.2974658536585366	1.1454363636363636	stable	0.3607	0.1698865659494394
100010850	1.0187447368421052	1.306819512195122	1.0309363636363638	down	0.0499	0.017162676617281165
397	1.0040421052631578	1.0312853658536585	1.000409090909091	stable	0.9907	0.0052296983248816325
100000039	1.113375	1.2093951219512196	1.1253181818181819	stable	0.7695	0.015393384666611186
100020833	1.1597315789473683	1.2336829268292684	0.8843545454545455	dynamic	0.2979	0.3910941510232386
1021	0.9857631578947368	1.0072170731707317	1.0257454545454545	stable	0.9939	0.05735979357099848
100020479	0.9913473684210526	1.1831585365853658	1.0824454545454545	stable	0.4767	0.12683175611433392
100001335	1.2481394736842106	1.3941536585365855	1.0186272727272727	dynamic	0.457	0.29315290797400295
100000743	1.1637486842105262	1.2174146341463414	0.9325454545454546	dynamic	0.2195	0.3195335839275992
100009246	1.0612934210526317	1.6915463414634146	1.8263181818181817	dynamic	0.5707	0.7831145536240726
878	1.4542355263157896	1.3195170731707317	1.2135090909090909	stable	0.3561	0.26107602904563987
100021103	1.058653947368421	1.2350682926829268	1.286509090909091	stable	0.4126	0.28123057321220263
100021363	7.897867105263158	22.575595121951217	3.6158	down	0.3209	1.1271482117947071
266	1.0013907894736842	0.967090243902439	0.8938909090909091	stable	1.0	0.163834411055096
100001195	1.204621052631579	1.421360975609756	1.2681636363636364	stable	0.4476	0.0741615367567035
100019801	1.355288157894737	1.1547853658536584	1.2877636363636364	stable	0.3214	0.07373180921274067
100002196	1.2512078947368421	1.286580487804878	1.0967	stable	0.6227	0.19015258726239498
100006370	1.1161947368421052	1.1703243902439024	1.192390909090909	stable	0.6423	0.09526853240806137
100001510	1.119278947368421	1.5209756097560976	1.4547272727272726	dynamic	0.4956	0.3781790765267958
100000437	1.1963026315789473	1.2379926829268293	1.093890909090909	stable	0.5081	0.12911352870911857
100001767	1.2741197368421053	1.3239048780487805	1.245918181818182	stable	0.4159	0.03229153170781133
100001810	1.0159723684210527	1.0418878048780489	1.0049727272727274	stable	0.9988	0.015704815016248454
209	1.2929026315789474	1.3480853658536585	1.0378636363636364	dynamic	0.4379	0.31699672775370247
100001485	1.0107144736842104	1.067770731707317	1.1479818181818182	stable	0.9433	0.18372429849181854
100002500	1.109357894736842	4.681619512195122	1.2150272727272728	down	0.4454	0.1312638225292806
171	0.9988092105263158	1.0191853658536585	0.8347181818181818	stable	0.7147	0.2589199291444888
100020487	1.0648565789473685	1.021380487804878	1.1169090909090909	stable	0.8804	0.06885263165462024
1206	3.5021618421052634	1.1093536585365853	1.1787818181818182	dynamic	0.4934	1.5709490419524414
344	0.9766460526315789	1.059919512195122	1.033990909090909	stable	0.9866	0.08231578811621176
100001405	1.2401578947368421	1.1550975609756098	1.3569909090909091	stable	0.4164	0.12988724200246576
1239	1.0999618421052633	1.1690926829268293	0.9533909090909091	stable	0.724	0.20631370324641113
391	0.9517197368421053	1.0324317073170732	0.9685	stable	0.9999	0.025215258695024684
100006430	1.040553947368421	1.0942219512195122	1.0965	stable	0.9783	0.07555404868422423
100001417	0.9417723684210526	1.1817536585365853	1.093	dynamic	0.2964	0.21484310127706466
100002951	1.2334723684210527	1.172719512195122	1.1703545454545454	stable	0.6342	0.07577975363021239
100000014	1.5511276315789473	1.7110682926829268	1.0732818181818182	dynamic	0.5331	0.5312884575561568
100003926	1.4478407894736842	1.1512146341463414	1.0746363636363636	dynamic	0.5073	0.4300544044437223
100021538	2.487426315789474	4.10839756097561	4.305627272727272	dynamic	0.5724	0.7915696446373358
132	1.2097052631578948	1.2842365853658537	1.1312909090909091	stable	0.4826	0.09668562397614017
100001425	1.0237828947368421	1.0854487804878048	1.1011	stable	0.9782	0.10503569068633033
100020262	2.4888671052631577	1.5707365853658537	1.376209090909091	dynamic	0.5365	0.8547895197216375
100002679	0.9848776315789474	1.044060975609756	1.0418545454545454	stable	0.9659	0.08113748551157139
100001270	1.0715723684210525	1.016239024390244	1.0618545454545454	stable	0.866	0.013143128433168413
1102	0.9869934210526315	1.0897560975609757	0.9882818181818182	stable	0.9484	0.001882030793131128
331	1.1186013157894736	1.172480487804878	1.1504	stable	0.8977	0.04043964843795443
100006361	3.2354552631578946	3.2826121951219513	1.9398727272727272	dynamic	0.5806	0.7380067271001096
180	1.1238894736842104	1.2555073170731708	1.1360363636363635	stable	0.6078	0.015508851101306573
1053	1.1026763157894737	1.190190243902439	1.4262454545454546	stable	0.7078	0.37121293029446273
100001359	1.0169263157894737	1.0660536585365854	1.0528181818181819	stable	0.9955	0.050041160741593635
