chemID	pval	/Users/m221138/RA_project/data/filled_qc_data/MLR.clp.sc.ready.ignor.norm.qc.fillna.l.tsv	/Users/m221138/RA_project/data/filled_qc_data/MLR.clp.sc.ready.ignor.norm.qc.fillna.m.tsv
TAG52:0FA20:0	error	0.306635294117647	0.428736585365854
TAG58:6FA22:5	error	0.340252941176471	0.316385365853659
TAG50:1FA20:1	error	0.136805882352941	0.206048780487805
TAG54:6FA20:3	error	0.553882352941176	0.635375609756098
CE(24:0)	error	0.269947058823529	0.245336585365854
LCER(22:0)	error	0.199694117647059	0.190117073170732
TAG48:4FA16:1	error	0.270817647058824	0.388987804878049
TAG51:4FA16:0	error	1.18513529411765	1.22698292682927
PC(16:0/18:1)	error	189.420535294118	198.489187804878
TAG50:3FA14:1	error	0.915717647058824	1.05570975609756
CE(17:0)	error	5.99645882352941	6.71196829268293
TAG56:6FA22:6	error	0.860652941176471	0.598724390243902
PC(18:1/16:1)	error	7.21580588235294	7.80104390243902
TAG53:3FA16:0	error	0.739252941176471	0.907236585365854
TAG54:4FA20:4	error	1.71537058823529	1.99513902439024
DAG(14:0/20:4)	error	0.0289147058823529	0.0400170731707317
CE(18:2)	error	1244.94536470588	1323.6068
DAG(14:1/18:1)	error	0.152411764705882	0.151768292682927
DCER(20:0)	error	0.0545647058823529	0.0515341463414634
LCER(20:1)	error	0.0326588235294118	0.0339487804878049
TAG54:3FA16:0	error	3.68215882352941	3.93418048780488
TAG48:3FA14:0	error	1.89027647058824	2.80503170731707
TAG56:1FA18:1	error	0.314829411764706	0.402109756097561
TAG58:9FA18:1	error	0.562152941176471	0.388780487804878
PE(P18:1/22:4)	error	0.844729411764706	0.81750487804878
TAG54:4FA16:0	error	4.73074705882353	5.43093414634146
PC(18:2/16:1)	error	10.6520588235294	12.040856097561
DAG(14:0/18:1)	error	0.335035294117647	0.430563414634146
TAG46:2FA14:1	error	0.330158823529412	0.542580487804878
TAG52:4FA20:0	error	0.457052941176471	0.509814634146341
PC(18:0/18:2)	error	158.761276470588	176.922892682927
PE(P16:0/22:4)	error	2.61911176470588	2.74349024390244
TAG50:4FA16:0	error	1.19980588235294	1.72780487804878
DAG(18:1/20:1)	error	0.0971352941176471	0.104453658536585
LPC(15:0)	error	0.172676470588235	0.184046341463415
TAG48:3FA18:2	error	4.04617647058824	6.00149512195122
TAG52:6FA22:6	error	0.367823529411765	0.352019512195122
TAG56:7FA18:3	error	0.365252941176471	0.39549756097561
PC(18:0/22:6)	error	13.4465764705882	11.8918268292683
SM(26:1)	error	0.542947058823529	0.537256097560976
TAG48:2FA14:0	error	7.91844117647059	11.8083853658537
TAG48:3FA18:1	error	2.37282941176471	3.44222682926829
DAG(16:1/18:2)	error	0.818547058823529	1.03306829268293
TAG53:6FA18:3	error	2.90361764705882	2.82874878048781
PC(16:0/12:0)	error	0.465858823529412	0.473351219512195
TAG51:5FA18:2	error	0.183623529411765	0.212382926829268
PE(P16:0/20:4)	error	10.8097470588235	9.83685609756098
TAG49:1FA16:1	error	0.226441176470588	0.3401
TAG56:5FA20:1	error	0.381035294117647	0.401417073170732
LPE(18:0)	error	1.08354117647059	1.05791219512195
FFA(20:4)	error	5.49374705882353	5.61445365853659
TAG46:1FA14:1	error	1.04809411764706	1.24061219512195
TAG46:3FA14:0	error	0.167747058823529	0.284987804878049
PE(P18:1/22:5)	error	0.908288235294118	0.871092682926829
TAG50:1FA14:0	error	2.66937058823529	3.29303414634146
TAG56:8FA20:4	error	2.15315294117647	2.60903658536585
TAG56:4FA20:1	error	1.01515882352941	0.981285365853659
MAG(18:3)	error	0.0878294117647059	0.0926317073170732
PE(18:0/20:4)	error	16.4838764705882	16.3759780487805
TAG53:2FA18:1	error	5.84859411764706	6.23134634146341
TAG54:7FA22:5	error	0.255923529411765	0.252987804878049
TAG60:12FA22:6	error	0.313164705882353	0.136885365853659
PC(18:0/20:2)	error	1.51251176470588	1.69427804878049
LPC(18:2)	error	7.80244117647059	7.32421707317073
PC(15:0/18:2)	error	0.977564705882353	1.18869024390244
DAG(18:1/18:1)	error	3.75253529411765	3.8559487804878
TAG56:4FA22:4	error	0.165717647058824	0.198948780487805
TAG56:9FA20:5	error	0.569188235294118	0.487934146341463
TAG49:2FA14:0	error	0.335888235294118	0.467546341463415
PC(16:0/18:3)	error	5.29324117647059	7.1343243902439
LPE(22:5)	error	0.136494117647059	0.155685365853659
TAG54:6FA20:5	error	2.46937647058824	2.15573902439024
TAG56:7FA22:6	error	6.58509411764706	4.3013
TAG51:4FA16:1	error	0.273523529411765	0.31449756097561
TAG52:5FA20:5	error	0.5748	0.604890243902439
SM(20:0)	error	39.1041882352941	43.2918878048781
TAG55:5FA20:4	error	0.279211764705882	0.322509756097561
TAG58:6FA20:4	error	0.147205882352941	0.14420243902439
PE(O18:0/20:4)	error	2.1517	2.0089
DAG(18:2/18:3)	error	0.280423529411765	0.330948780487805
TAG48:4FA18:3	error	0.451864705882353	0.677265853658537
TAG52:0FA16:0	error	2.43604117647059	2.88349756097561
TAG58:9FA22:5	error	0.400170588235294	0.37689756097561
TAG58:9FA22:6	error	1.96977058823529	1.11458780487805
PE(P18:1/16:0)	error	0.198694117647059	0.175946341463415
DAG(14:0/18:2)	error	0.282288235294118	0.390758536585366
TAG54:0FA18:0	error	0.712594117647059	0.682743902439024
TAG56:2FA16:0	error	0.177464705882353	0.239114634146341
TAG56:8FA22:5	error	0.508411764705882	0.485607317073171
PC(16:0/20:2)	error	5.1402	5.66893170731707
PC(15:0/18:1)	error	0.584973529411765	0.745240243902439
TAG56:7FA18:2	error	3.17202352941176	3.3507487804878
LPE(18:1)	error	0.603664705882353	0.59390243902439
TAG50:2FA16:1	error	26.9762352941176	34.744556097561
PC(17:0/18:1)	error	1.14893529411765	1.29120731707317
DAG(16:0/18:1)	error	2.55135294117647	3.11647073170732
LPC(22:5)	error	0.326338235294118	0.31654512195122
TAG46:0FA18:0	error	0.445082352941176	0.657868292682927
PE(18:0/20:5)	error	2.21543529411765	1.89077317073171
LPE(22:4)	error	0.0515588235294118	0.0632390243902439
TAG46:1FA18:1	error	3.585	5.65732926829268
TAG58:10FA20:4	error	0.588023529411765	0.680043902439024
DAG(14:0/16:1)	error	0.0567970588235294	0.0811085365853659
SM(24:0)	error	26.2764352941176	26.8196073170732
TAG53:6FA18:2	error	1.67649411764706	1.6430756097561
HCER(18:0)	error	0.0688117647058824	0.0661634146341463
LPC(20:3)	error	1.80164117647059	1.79089512195122
TAG53:5FA18:2	error	11.5317764705882	11.3177292682927
TAG50:1FA18:0	error	4.43611764705882	5.8042756097561
TAG52:5FA20:3	error	0.306817647058824	0.383307317073171
PE(P16:0/22:5)	error	2.69632941176471	2.59518292682927
TAG44:0FA12:0	error	0.500611764705882	0.891470731707317
TAG55:6FA18:1	error	1.45931176470588	1.4466512195122
PC(20:0/18:2)	error	2.96546470588235	3.20794878048781
PE(P18:0/18:1)	error	1.00459411764706	1.00475853658537
MAG(18:2)	error	0.101258823529412	0.102580487804878
TAG52:5FA18:2	error	16.9556882352941	18.2035170731707
SM(16:0)	error	164.170641176471	164.11677804878
TAG49:1FA18:1	error	2.1795	3.0260487804878
FFA(14:0)	error	34.5577117647059	35.8353243902439
TAG56:4FA20:4	error	0.538947058823529	0.535163414634146
TAG46:2FA18:2	error	1.49108823529412	2.79048048780488
FFA(16:0)	error	638.072341176471	637.098531707317
TAG52:5FA22:5	error	0.341441176470588	0.440365853658537
PE(P18:1/20:3)	error	0.465894117647059	0.488309756097561
TAG56:8FA18:3	error	0.450935294117647	0.502943902439024
TAG46:3FA16:1	error	0.226835294117647	0.36780243902439
TAG50:1FA18:1	error	49.0010764705882	63.7171512195122
TAG44:0FA16:0	error	1.34562941176471	2.36971463414634
CE(22:5)	error	2.29442941176471	2.41233170731707
TAG49:2FA16:1	error	0.682641176470588	0.927763414634146
TAG53:4FA18:1	error	17.5967235294118	17.3710634146341
TAG52:3FA20:3	error	0.835588235294118	1.21184146341463
TAG49:1FA17:0	error	0.455447058823529	0.672607317073171
TAG56:7FA18:1	error	3.34035294117647	2.98817804878049
TAG50:2FA18:0	error	1.5769	2.07203658536585
TAG44:2FA16:0	error	0.395817647058824	0.633626829268293
TAG44:3FA18:2	error	0.142502941176471	0.225513414634146
TAG47:0FA15:0	error	0.250052941176471	0.397819512195122
TAG54:7FA16:1	error	0.545911764705882	0.5656
TAG52:3FA20:2	error	0.609323529411765	0.761429268292683
TAG52:5FA16:1	error	8.61612352941176	8.89108292682927
TAG51:2FA15:0	error	2.23892352941176	2.54686829268293
TAG54:7FA20:4	error	1.32738235294118	1.63845609756098
PE(P18:1/18:2)	error	1.75404705882353	1.76553414634146
TAG52:1FA16:1	error	0.427117647058824	0.461712195121951
TAG47:1FA15:0	error	0.302982352941176	0.474824390243902
TAG50:5FA14:0	error	0.548188235294118	0.695678048780488
TAG55:1FA16:0	error	1.00272941176471	0.728539024390244
TAG56:3FA18:0	error	0.406823529411765	0.42490243902439
TAG50:2FA14:0	error	13.3456529411765	15.4783073170732
TAG56:2FA18:1	error	1.64930588235294	1.62685609756098
TAG51:3FA18:2	error	3.77796470588235	4.55374146341463
PC(16:0/16:1)	error	8.36585882352941	11.3043682926829
TAG51:1FA16:0	error	2.4051	3.2861243902439
TAG52:3FA18:1	error	182.663005882353	193.786809756098
TAG56:4FA18:1	error	2.50062941176471	2.41701707317073
TAG54:4FA20:1	error	0.305788235294118	0.330563414634146
TAG56:7FA18:0	error	0.232082352941176	0.202629268292683
TAG54:4FA18:3	error	1.99438823529412	2.14059024390244
TAG56:7FA20:3	error	0.669782352941176	0.74039756097561
PE(18:0/18:1)	error	1.79822941176471	1.8735487804878
TAG50:4FA14:1	error	0.647170588235294	0.766621951219512
TAG47:2FA18:2	error	0.197323529411765	0.308282926829268
TAG50:5FA18:1	error	0.168694117647059	0.203973170731707
TAG53:4FA18:0	error	1.11240588235294	1.11112926829268
PC(16:0/20:3)	error	56.0828058823529	66.2131487804878
TAG56:6FA18:2	error	2.53408235294118	2.69842682926829
PC(14:0/20:4)	error	3.60245294117647	3.99397804878049
PC(18:1/22:5)	error	1.20486470588235	1.29480853658537
LCER(24:1)	error	0.276482352941176	0.283624390243902
DAG(15:0/18:1)	error	0.0981764705882353	0.129946341463415
TAG45:1FA16:0	error	0.0977411764705882	0.154185365853659
TAG56:4FA20:3	error	0.682011764705882	0.699590243902439
TAG60:10FA22:6	error	0.219682352941176	0.131356097560976
TAG54:5FA22:1	error	0.227270588235294	0.231534146341463
PE(16:0/22:6)	error	4.41178823529412	3.9797
LPE(18:2)	error	0.383058823529412	0.435890243902439
TAG54:6FA20:4	error	8.32767058823529	9.97796585365854
TAG54:2FA18:1	error	31.6224411764706	31.4960951219512
TAG56:8FA16:1	error	0.357317647058824	0.257482926829268
TAG58:9FA20:4	error	0.748511764705882	0.894214634146342
PE(16:0/18:1)	error	0.788535294117647	0.942609756097561
DAG(16:1/16:1)	error	0.0895294117647059	0.103551219512195
PC(18:1/22:6)	error	3.36061470588235	3.0699743902439
TAG52:4FA20:2	error	0.224517647058824	0.257
TAG42:0FA16:0	error	0.596911764705882	1.01398536585366
TAG52:2FA20:1	error	0.499105882352941	0.636165853658537
TAG52:4FA16:1	error	22.5572470588235	22.693012195122
TAG58:8FA22:5	error	0.880605882352941	0.794041463414634
TAG56:8FA16:0	error	1.28130588235294	0.900926829268293
FFA(20:2)	error	1.99716470588235	9.24489024390244
TAG46:3FA18:1	error	0.407311764705882	0.572187804878049
TAG50:4FA20:4	error	0.412935294117647	0.662090243902439
TAG53:2FA17:0	error	3.00515882352941	3.22804634146341
PE(18:1/18:2)	error	1.75000588235294	2.05819512195122
TAG51:1FA17:0	error	2.02222352941176	2.6529
TAG54:2FA20:2	error	0.277723529411765	0.305556097560976
TAG56:6FA18:1	error	5.52572941176471	5.55045121951219
FFA(22:1)	error	12.2386	12.881243902439
LPC(16:1)	error	0.970017647058824	1.04521463414634
PC(14:0/20:3)	error	0.822155882352941	1.05685243902439
TAG48:3FA12:0	error	1.915	2.82007804878049
TAG54:6FA16:0	error	3.29518235294118	3.61640975609756
TAG46:0FA14:0	error	2.03864705882353	3.41263902439024
FFA(22:5)	error	4.49609411764706	4.6642243902439
TAG56:2FA20:1	error	0.331241176470588	0.338792682926829
TAG58:5FA18:1	error	0.195	0.197614634146341
TAG50:4FA20:3	error	0.0979941176470588	0.143812195121951
TAG52:1FA20:0	error	0.274729411764706	0.359414634146341
PE(O18:0/22:5)	error	0.401182352941176	0.443219512195122
TAG53:7FA18:3	error	0.340058823529412	0.334114634146341
TAG50:3FA18:0	error	0.249811764705882	0.332470731707317
TAG46:3FA18:3	error	0.160629411764706	0.288758536585366
TAG54:7FA18:1	error	0.776235294117647	0.704351219512195
TAG55:4FA18:2	error	0.375023529411765	0.44649756097561
PE(P18:0/22:6)	error	7.90754117647059	6.57480243902439
FFA(18:1)	error	125.715105882353	132.449990243902
TAG50:5FA20:4	error	0.228294117647059	0.340409756097561
TAG53:3FA18:1	error	11.1215647058824	11.2482170731707
TAG50:5FA16:1	error	0.267147058823529	0.3514
TAG50:4FA16:1	error	2.37818235294118	2.99640243902439
TAG52:4FA20:4	error	2.36924705882353	3.30838536585366
PC(18:1/20:5)	error	1.80715	1.81131219512195
DAG(18:2/20:4)	error	0.4565	0.556490243902439
TAG54:7FA18:2	error	4.22121764705882	4.16187804878049
TAG56:7FA22:4	error	0.176964705882353	0.201926829268293
DAG(18:2/22:6)	error	0.140723529411765	0.0816146341463415
TAG49:2FA15:0	error	1.19312941176471	1.68762682926829
TAG46:3FA12:0	error	0.244811764705882	0.415446341463415
TAG47:0FA16:0	error	0.563676470588235	0.904970731707317
PC(18:2/18:2)	error	12.5216	14.2602097560976
PC(18:2/20:3)	error	1.95858235294118	2.27011951219512
CE(15:0)	error	5.37398823529412	6.29022926829268
TAG54:1FA16:0	error	0.652547058823529	0.798856097560976
TAG49:2FA17:0	error	0.200970588235294	0.299421951219512
TAG54:8FA18:3	error	0.5587	0.551443902439024
DAG(16:1/18:0)	error	0.199305882352941	0.214063414634146
PC(16:0/18:0)	error	12.4593588235294	13.5842756097561
TAG54:5FA18:3	error	8.12608235294118	7.77680243902439
LPE(20:3)	error	0.135452941176471	0.155736585365854
TAG55:1FA18:1	error	0.561170588235294	0.506029268292683
TAG55:2FA18:2	error	0.424405882352941	0.3944
PC(18:0/20:4)	error	95.3307588235294	95.8611268292683
TAG54:5FA20:3	error	3.12810588235294	3.55410975609756
TAG56:3FA20:1	error	1.19310588235294	1.10269756097561
TAG48:3FA14:1	error	1.02517058823529	1.57309512195122
TAG56:8FA20:5	error	1.22626470588235	1.0524487804878
DAG(14:0/16:0)	error	0.178794117647059	0.285190243902439
SM(26:0)	error	0.278952941176471	0.295278048780488
TAG51:4FA18:2	error	1.61621176470588	1.89888536585366
TAG56:7FA16:0	error	3.00502352941176	2.51483414634146
TAG48:4FA18:2	error	1.23788235294118	1.87058292682927
TAG50:5FA18:3	error	0.635094117647059	0.825621951219512
TAG53:0FA16:0	error	0.755441176470588	0.750248780487805
TAG44:1FA16:1	error	0.299488235294118	0.519436585365854
TAG60:11FA22:6	error	0.285394117647059	0.171765853658537
LPC(20:0)	error	0.375964705882353	0.348546341463415
TAG52:4FA14:0	error	0.369041176470588	0.467424390243902
TAG53:6FA18:1	error	2.86511764705882	2.80757804878049
PI(18:1/18:2)	error	0.807194117647059	0.932073170731707
TAG52:4FA18:0	error	0.299023529411765	0.35020487804878
PE(18:1/20:3)	error	0.271688235294118	0.328839024390244
MAG(16:1)	error	0.0517	0.0512890243902439
SM(22:0)	error	48.9254	53.7802609756098
TAG55:8FA20:4	error	0.402576470588235	0.396207317073171
TAG58:6FA18:1	error	0.603994117647059	0.58990243902439
TAG56:5FA16:0	error	1.30447647058824	1.50383414634146
DAG(18:2/20:5)	error	0.145305882352941	0.125770731707317
TAG58:2FA18:1	error	0.491176470588235	0.423734146341463
CE(22:0)	error	0.718964705882353	0.718178048780488
TAG54:5FA22:4	error	0.314711764705882	0.424817073170732
TAG58:3FA18:1	error	0.282276470588235	0.277314634146341
TAG56:3FA20:2	error	0.214094117647059	0.214580487804878
TAG52:2FA18:2	error	20.2581941176471	23.3693243902439
TAG53:4FA16:0	error	0.254535294117647	0.308548780487805
LCER(22:1)	error	0.0623470588235294	0.0639878048780488
LPC(20:4)	error	2.73192352941176	2.40001951219512
TAG48:2FA12:0	error	2.1576	2.89019268292683
TAG58:7FA22:4	error	0.294911764705882	0.315731707317073
PC(18:0/18:0)	error	1.02045882352941	1.06887073170732
CE(18:3)	error	39.5293588235294	47.7017024390244
TAG51:4FA20:4	error	0.123011764705882	0.164985365853659
TAG56:4FA20:2	error	0.792994117647059	0.769804878048781
DAG(15:0/18:2)	error	0.120764705882353	0.324465853658537
TAG46:1FA16:0	error	3.28119411764706	5.74308048780488
DAG(16:0/16:0)	error	0.638570588235294	0.893556097560976
TAG54:5FA18:2	error	44.7254705882353	46.4365951219512
TAG42:1FA12:0	error	0.316867647058824	0.562479268292683
DAG(18:1/20:2)	error	0.161441176470588	0.163975609756098
TAG52:7FA16:0	error	0.380370588235294	0.50519756097561
TAG55:5FA18:1	error	0.299352941176471	0.319353658536585
TAG52:2FA20:0	error	0.150217647058824	0.187024390243902
TAG46:1FA14:0	error	2.64277058823529	4.29183902439024
DAG(16:1/20:2)	error	0.0674647058823529	0.0787560975609756
TAG53:5FA18:1	error	9.14773529411765	8.94344390243903
CER(18:0)	error	0.114617647058824	0.115126829268293
CE(24:1)	error	0.485647058823529	0.473875609756098
PC(18:2/20:4)	error	9.82188823529412	10.3100317073171
PC(16:0/16:0)	error	14.5198	15.4916634146341
TAG50:6FA20:4	error	0.0947058823529412	0.146763414634146
TAG52:2FA18:0	error	14.1168705882353	17.0796780487805
TAG55:2FA18:1	error	0.424911764705882	0.489287804878049
CER(24:1)	error	0.612629411764706	0.606475609756098
PE(18:0/18:2)	error	6.73835882352941	7.98925609756098
TAG52:0FA18:0	error	3.69765882352941	3.98800243902439
TAG50:4FA14:0	error	3.93959411764706	4.86378048780488
TAG52:2FA20:2	error	0.426658823529412	0.595814634146342
TAG58:6FA18:0	error	0.280670588235294	0.262743902439024
TAG55:6FA20:4	error	0.383723529411765	0.425334146341463
PE(P18:0/22:4)	error	2.69821176470588	2.82040975609756
TAG51:2FA18:1	error	7.00002352941176	8.16673170731707
TAG50:2FA18:2	error	27.5227529411765	37.4595487804878
TAG53:3FA18:2	error	3.26776470588235	3.60222682926829
CER(24:0)	error	1.71373529411765	1.76720731707317
DCER(22:1)	error	0.0626058823529412	0.0604926829268293
TAG46:2FA12:0	error	1.203	2.13667073170732
SM(22:1)	error	32.4187235294118	33.4749780487805
TAG48:1FA16:0	error	16.1673294117647	25.4301414634146
TAG56:3FA18:2	error	0.469352941176471	0.519236585365854
DAG(18:2/22:5)	error	0.108041176470588	0.102163414634146
TAG57:9FA22:6	error	3.53079411764706	3.44660487804878
PC(18:1/18:1)	error	12.4156352941176	12.1081463414634
TAG52:4FA22:4	error	0.1193	0.163687804878049
PI(16:0/20:3)	error	0.341488235294118	0.40770243902439
TAG50:2FA20:2	error	0.125835294117647	0.185319512195122
TAG58:10FA22:6	error	0.953782352941177	0.520353658536585
TAG54:4FA22:1	error	0.230829411764706	0.220473170731707
TAG42:0FA14:0	error	0.342547058823529	0.677653658536585
TAG47:0FA17:0	error	0.159270588235294	0.235636585365854
TAG48:2FA16:1	error	4.56743529411765	6.8991756097561
TAG54:3FA20:2	error	2.31077058823529	2.45213170731707
TAG42:1FA16:1	error	0.121764705882353	0.176251219512195
FFA(18:4)	error	3.105	3.12824634146341
DAG(16:0/22:6)	error	0.0593	0.0496439024390244
SM(14:0)	error	16.0456823529412	17.1802902439024
TAG47:1FA16:1	error	0.1675	0.27000243902439
TAG51:4FA15:0	error	0.854217647058824	1.03741707317073
TAG47:2FA16:1	error	0.0855	0.132051219512195
PC(16:0/22:6)	error	55.3103176470588	47.1761219512195
LPC(17:0)	error	0.665952941176471	0.624126829268293
TAG55:3FA18:1	error	0.756605882352941	0.855834146341463
TAG46:3FA18:2	error	0.621076470588235	0.979126829268293
TAG53:1FA17:0	error	0.551523529411765	0.622046341463415
HCER(24:0)	error	0.673070588235294	0.67500243902439
TAG53:6FA20:4	error	0.133305882352941	0.1642
TAG54:3FA18:2	error	18.7392117647059	19.7002195121951
TAG48:5FA18:3	error	0.133935294117647	0.200736585365854
TAG50:2FA14:1	error	0.233464705882353	0.287460975609756
TAG52:4FA22:1	error	0.1531	0.167309756097561
TAG52:1FA16:0	error	27.8933235294118	30.8500829268293
TAG54:4FA16:1	error	0.563958823529412	0.584485365853659
TAG48:4FA12:0	error	0.689511764705882	1.02806097560976
TAG58:7FA16:0	error	0.187723529411765	0.2011
TAG51:2FA16:0	error	3.97875294117647	4.97094390243902
TAG56:6FA18:3	error	0.219482352941176	0.226870731707317
LCER(16:0)	error	3.21068823529412	3.31043414634146
TAG52:6FA18:2	error	1.58987058823529	1.74994390243902
DCER(22:2)	error	0.0892294117647059	0.0946512195121951
DAG(18:0/18:3)	error	0.0552823529411765	0.0673439024390244
TAG48:2FA18:2	error	6.32531176470588	10.0744292682927
LPC(20:1)	error	0.310017647058824	0.268909756097561
TAG54:8FA20:5	error	0.338082352941177	0.312129268292683
FFA(22:0)	error	6.15085294117647	6.26006341463415
TAG53:1FA18:1	error	0.978829411764706	1.10089512195122
TAG55:6FA20:3	error	2.1904	2.20558048780488
TAG51:4FA18:3	error	0.365270588235294	0.473063414634146
TAG58:10FA22:5	error	0.111464705882353	0.0942414634146341
CE(20:0)	error	0.811505882352941	0.724165853658537
FFA(14:1)	error	3.11261176470588	3.92052682926829
TAG48:1FA16:1	error	3.23737647058824	5.51030487804878
TAG53:2FA18:0	error	0.893311764705882	0.98020243902439
TAG54:6FA18:2	error	18.5849176470588	20.1957024390244
FFA(12:0)	error	9.47616470588235	10.6396292682927
TAG51:1FA18:0	error	0.577523529411765	0.726960975609756
DAG(18:1/22:6)	error	0.169717647058824	0.108865853658537
DAG(18:1/20:3)	error	0.246794117647059	0.276578048780488
CE(20:3)	error	27.1089823529412	30.2430634146341
TAG36:0FA12:0	error	0.082214705882353	0.350328048780488
TAG53:2FA18:2	error	0.535147058823529	0.641726829268293
TAG53:1FA16:0	error	0.4004	0.50280487804878
DAG(16:0/18:3)	error	0.141217647058824	0.206929268292683
PC(18:2/22:6)	error	1.73374117647059	1.86708780487805
PC(16:0/20:5)	error	14.8496529411765	14.1970292682927
TAG47:2FA14:0	error	0.151623529411765	0.240856097560976
PE(18:0/22:6)	error	5.33119411764706	4.90190243902439
HCER(24:1)	error	0.460111764705882	0.448512195121951
PI(18:0/16:0)	error	0.146723529411765	0.173326829268293
TAG53:4FA18:2	error	3.40208235294118	3.55406341463415
TAG54:5FA16:1	error	0.751958823529412	0.851951219512195
PE(16:0/20:4)	error	2.53982352941176	2.6934756097561
TAG52:1FA18:0	error	21.4498529411765	23.9787585365854
PI(18:1/18:1)	error	1.12789411764706	1.1959756097561
TAG54:5FA20:4	error	11.0131647058824	12.5864243902439
DAG(18:1/18:2)	error	8.55958235294118	8.83902195121951
TAG56:8FA18:2	error	2.02921764705882	1.81896829268293
TAG56:8FA18:1	error	0.704529411764706	0.633524390243902
TAG46:1FA16:1	error	1.016	1.76020487804878
TAG53:5FA18:3	error	0.432317647058824	0.45689756097561
DAG(18:0/18:1)	error	0.601717647058824	0.661321951219512
TAG42:1FA14:0	error	0.172	0.260687804878049
DAG(16:0/18:0)	error	0.635488235294118	0.751948780487805
TAG46:2FA16:1	error	0.744341176470588	1.21346097560976
TAG56:7FA16:1	error	0.323494117647059	0.306507317073171
PC(18:0/22:5)	error	4.62978823529412	5.23375609756098
TAG47:1FA17:0	error	0.0984647058823529	0.147407317073171
TAG49:0FA17:0	error	0.393994117647059	0.593575609756098
PC(18:0/22:4)	error	1.81224117647059	2.10836829268293
TAG54:8FA22:6	error	0.473641176470588	0.329919512195122
LCER(20:0)	error	0.0623764705882353	0.0619658536585366
TAG44:1FA14:0	error	0.639876470588235	1.11154634146341
TAG50:3FA20:3	error	0.236764705882353	0.368934146341463
TAG54:5FA18:0	error	1.10411176470588	1.21467073170732
TAG48:1FA14:0	error	10.7324117647059	15.644256097561
TAG40:0FA12:0	error	0.151317647058824	0.442417073170732
DAG(16:0/20:4)	error	0.211564705882353	0.272712195121951
TAG52:6FA16:1	error	1.25261764705882	1.35700731707317
TAG54:0FA16:0	error	0.1886	0.254090243902439
CE(22:1)	error	0.242947058823529	0.245492682926829
DAG(16:0/20:3)	error	0.0834647058823529	0.108441463414634
TAG52:4FA20:3	error	1.02318823529412	1.32931707317073
TAG51:3FA16:1	error	0.696229411764706	0.818436585365854
TAG52:3FA20:0	error	0.414758823529412	0.45340487804878
TAG47:1FA18:1	error	0.383352941176471	0.569107317073171
TAG53:3FA17:0	error	3.20130588235294	3.45336341463415
TAG54:7FA20:5	error	1.96010588235294	1.70936829268293
TAG56:6FA20:5	error	0.487482352941176	0.3925
TAG50:0FA18:0	error	4.93681176470588	6.44973170731707
TAG50:4FA18:1	error	1.25925294117647	1.54440487804878
PE(18:1/22:5)	error	0.429911764705882	0.429507317073171
TAG46:2FA18:1	error	1.37369411764706	1.91603170731707
TAG47:1FA14:0	error	0.350282352941176	0.518870731707317
PC(18:0/18:1)	error	27.3711529411765	28.6723487804878
TAG50:0FA16:0	error	12.7400294117647	16.7915073170732
TAG54:6FA22:6	error	1.18839411764706	1.03006585365854
TAG56:7FA20:4	error	5.22559411764706	5.82116829268293
TAG52:4FA16:0	error	66.1127705882353	74.138612195122
TAG42:1FA16:0	error	0.270997058823529	0.402037804878049
LPC(22:6)	error	0.400920588235294	0.311820731707317
PI(18:0/20:2)	error	0.197288235294118	0.228937804878049
TAG52:2FA18:1	error	252.739535294118	265.221758536585
TAG52:3FA16:1	error	22.2233470588235	22.2601463414634
TAG51:3FA18:3	error	0.131923529411765	0.196360975609756
TAG52:7FA18:1	error	0.199458823529412	0.245548780487805
DAG(18:1/22:5)	error	0.151582352941176	0.143739024390244
TAG56:5FA20:2	error	0.700447058823529	0.703865853658537
TAG46:1FA18:0	error	0.221697058823529	0.27555487804878
TAG56:5FA20:4	error	4.1468	4.00814390243902
TAG56:2FA20:0	error	0.759247058823529	0.746841463414634
DAG(18:0/18:2)	error	0.670058823529412	0.790873170731707
DAG(16:0/20:5)	error	0.0632647058823529	0.060590243902439
PC(18:1/20:3)	error	5.60024117647059	6.66462682926829
DAG(14:1/16:0)	error	0.122805882352941	0.10019512195122
TAG48:5FA18:2	error	0.1327	0.195509756097561
TAG54:3FA18:0	error	19.1851529411765	20.200312195122
TAG49:3FA16:0	error	0.171482352941176	0.2469
TAG49:3FA16:1	error	0.2988	0.402914634146341
FFA(20:0)	error	11.1832470588235	11.6752926829268
PE(P18:1/18:1)	error	0.590429411764706	0.563187804878049
TAG54:8FA20:4	error	0.169994117647059	0.219790243902439
CE(14:1)	error	0.785405882352941	1.05479024390244
SM(20:1)	error	8.08794117647059	8.2984487804878
TAG51:0FA16:0	error	0.488711764705882	0.654334146341463
DCER(16:0)	error	0.0824411764705882	0.0871048780487805
TAG56:6FA18:0	error	1.26006470588235	1.18597073170732
TAG48:4FA18:1	error	0.264735294117647	0.374017073170732
TAG50:1FA16:0	error	82.9322764705882	108.535968292683
TAG52:5FA14:0	error	0.378270588235294	0.482370731707317
PE(P16:0/18:2)	error	2.13895294117647	2.22297073170732
PE(P18:0/20:5)	error	2.27994117647059	1.56619024390244
CE(18:0)	error	33.7942529411765	36.0587634146342
PI(18:0/20:4)	error	21.8127294117647	21.9272731707317
TAG49:1FA14:0	error	0.290752941176471	0.4255
PE(O16:0/20:4)	error	0.995341176470588	0.862024390243902
TAG53:3FA18:0	error	7.88411764705882	7.8506756097561
TAG56:5FA20:3	error	1.89077058823529	1.94035609756098
TAG48:0FA14:0	error	1.62665882352941	2.3390756097561
FFA(17:0)	error	77.7936588235294	167.71563902439
TAG50:5FA20:5	error	0.152870588235294	0.166741463414634
PC(16:0/14:0)	error	1.33219411764706	1.76558780487805
TAG48:2FA18:0	error	0.288423529411765	0.452509756097561
TAG50:5FA18:2	error	0.650352941176471	0.841229268292683
TAG52:7FA20:5	error	0.183017647058824	0.181214634146341
TAG48:1FA18:0	error	0.857452941176471	1.17543902439024
TAG56:6FA22:4	error	1.09629411764706	1.29108780487805
TAG52:2FA16:1	error	4.07796470588235	4.39056097560976
TAG49:0FA15:0	error	0.246229411764706	0.341831707317073
TAG46:1FA12:0	error	1.91345294117647	3.12512926829268
TAG51:3FA15:0	error	2.26282941176471	2.64108292682927
TAG54:7FA18:3	error	2.96587058823529	2.95653170731707
TAG57:2FA18:1	error	0.476611764705882	0.333263414634146
PC(16:0/20:1)	error	0.883255882352941	0.884393902439024
TAG38:0FA12:0	error	0.107923529411765	0.357026829268293
TAG49:0FA18:0	error	0.231070588235294	0.320565853658537
TAG51:2FA16:1	error	0.601023529411765	0.738714634146341
TAG54:3FA18:1	error	119.073717647059	110.230087804878
TAG54:3FA20:3	error	0.540647058823529	0.634495121951219
TAG58:7FA18:0	error	0.300541176470588	0.24890243902439
DCER(24:1)	error	0.151758823529412	0.156331707317073
DAG(16:1/18:1)	error	0.788423529411765	0.965226829268293
LPE(20:1)	error	0.0302529411764706	0.0279731707317073
DAG(14:0/14:0)	error	0.0212058823529412	0.0352463414634146
TAG48:2FA14:1	error	1.65055882352941	2.43061463414634
TAG56:9FA18:3	error	0.278217647058824	0.272812195121951
PE(18:0/18:0)	error	0.390347058823529	0.356336585365854
TAG50:3FA16:1	error	19.3668529411765	24.8260097560976
TAG51:1FA18:1	error	2.65731764705882	3.42816097560976
TAG52:1FA18:1	error	36.1927764705882	39.437643902439
PI(18:0/18:2)	error	4.91247647058823	5.68458048780488
TAG49:1FA15:0	error	1.50243529411765	2.14373414634146
PE(P18:1/20:4)	error	10.1580470588235	8.76053658536585
TAG51:0FA17:0	error	0.313541176470588	0.41589512195122
TAG48:3FA16:0	error	1.49954705882353	2.42305853658537
CE(12:0)	error	0.655405882352941	0.722265853658537
TAG53:1FA18:0	error	0.517335294117647	0.596931707317073
CE(18:1)	error	469.405341176471	481.264353658537
PE(P18:0/20:4)	error	24.8864411764706	22.8588170731707
TAG54:3FA18:3	error	0.421741176470588	0.451617073170732
TAG54:4FA18:1	error	97.7090941176471	95.145543902439
TAG58:8FA20:4	error	0.4693	0.553451219512195
PE(18:0/22:4)	error	0.912529411764706	1.04771707317073
TAG44:2FA18:1	error	0.322447058823529	0.43679756097561
PE(16:0/20:3)	error	0.202535294117647	0.28934756097561
TAG46:2FA14:0	error	1.07678823529412	1.83473170731707
PE(18:2/16:1)	error	0.281829411764706	0.306448780487805
TAG56:4FA16:0	error	0.275258823529412	0.328580487804878
DAG(18:1/20:4)	error	0.665864705882353	0.759229268292683
TAG52:3FA18:0	error	2.64355882352941	3.14510975609756
TAG58:10FA20:5	error	0.203641176470588	0.174848780487805
PC(18:0/18:3)	error	1.51238823529412	2.07077073170732
TAG55:7FA18:1	error	1.02224117647059	1.01339024390244
TAG60:11FA22:5	error	0.103835294117647	0.0847341463414634
DAG(18:2/20:3)	error	0.165229411764706	0.188073170731707
TAG40:0FA16:0	error	0.231194117647059	0.424243902439024
TAG54:5FA16:0	error	5.14706470588235	6.07331707317073
TAG58:6FA22:4	error	0.367758823529412	0.377107317073171
TAG56:4FA18:2	error	1.01628823529412	1.05075365853659
PE(O16:0/22:5)	error	0.511873529411765	0.534307317073171
PE(O18:0/22:6)	error	1.12898823529412	1.00508658536585
SM(18:1)	error	10.9221176470588	11.0822292682927
TAG51:5FA18:3	error	0.161823529411765	0.197278048780488
TAG54:6FA22:5	error	0.808170588235294	0.892980487804878
TAG56:4FA18:0	error	0.862947058823529	0.889541463414634
TAG51:3FA18:1	error	8.83659411764706	9.20872195121951
LPC(18:0)	error	25.9845647058824	24.7877829268293
FFA(20:5)	error	8.64130588235294	8.73311463414634
TAG54:6FA18:1	error	7.45064117647059	7.04628536585366
TAG52:6FA18:1	error	0.298570588235294	0.301068292682927
PC(18:2/20:2)	error	0.456826470588235	0.507428048780488
PC(16:0/22:5)	error	19.5163411764706	20.4167609756098
TAG45:1FA15:0	error	0.0691294117647059	0.119131707317073
TAG50:3FA18:3	error	2.59885294117647	3.91822682926829
TAG48:1FA12:0	error	0.513594117647059	0.702982926829268
TAG52:6FA20:5	error	0.553917647058824	0.579365853658537
TAG53:5FA20:4	error	0.276117647058824	0.346809756097561
CE(20:4)	error	226.824582352941	224.74416097561
CER(22:1)	error	0.0445176470588235	0.0468024390243902
MAG(18:0)	error	1.0768	0.962041463414634
TAG48:3FA18:3	error	0.657723529411765	1.10998780487805
FFA(18:0)	error	464.859411764706	458.795270731707
TAG52:4FA18:2	error	108.321823529412	118.050234146341
TAG42:1FA18:1	error	0.429435294117647	0.641578048780488
TAG60:10FA22:5	error	0.125035294117647	0.1166
DCER(26:0)	error	0.141485294117647	0.132423170731707
LCER(18:0)	error	0.131911764705882	0.129648780487805
TAG42:0FA12:0	error	0.243861764705882	0.538362195121951
TAG51:3FA17:0	error	0.401617647058824	0.520007317073171
TAG52:6FA16:0	error	0.637747058823529	0.776834146341463
CE(22:4)	error	0.455876470588235	0.506341463414634
TAG48:4FA14:1	error	0.201394117647059	0.292660975609756
TAG50:3FA18:1	error	17.7851882352941	21.4609585365854
TAG53:4FA17:0	error	1.22882941176471	1.38251463414634
PC(16:0/20:4)	error	223.090335294118	224.772797560976
TAG44:1FA18:1	error	1.16531176470588	1.70088536585366
TAG48:0FA16:0	error	11.6415882352941	18.2482609756098
DAG(16:1/20:4)	error	0.0663705882352941	0.0995731707317073
PC(17:0/18:2)	error	2.58506470588235	2.9478756097561
TAG54:4FA18:2	error	57.2963823529412	57.4877024390244
TAG50:0FA14:0	error	0.317064705882353	0.385765853658537
TAG58:7FA20:4	error	0.231782352941176	0.257292682926829
TAG52:4FA18:3	error	15.6161411764706	18.0513829268293
FFA(16:1)	error	17.3138941176471	19.3140390243902
TAG51:3FA16:0	error	9.95012352941177	10.1807390243902
TAG50:4FA18:3	error	1.78594117647059	2.46592926829268
TAG54:4FA20:3	error	4.21925882352941	4.81744146341463
PE(O18:0/18:2)	error	0.395552941176471	0.443153658536585
PC(18:1/20:2)	error	0.644032352941176	0.783246341463415
TAG49:2FA18:1	error	1.04538235294118	1.32675365853659
PC(18:1/20:4)	error	26.0984823529412	26.3814829268293
TAG47:0FA14:0	error	0.137141176470588	0.21679756097561
TAG52:8FA18:2	error	0.1349	0.171129268292683
FFA(22:6)	error	4.72650588235294	4.72022682926829
TAG47:2FA15:0	error	0.147864705882353	0.236334146341463
TAG48:2FA18:1	error	8.19856470588235	11.0365609756098
TAG55:4FA18:1	error	0.534358823529412	0.588648780487805
TAG52:3FA14:0	error	0.269576470588235	0.331885365853659
TAG46:2FA16:0	error	1.25524117647059	2.34292682926829
TAG54:4FA20:2	error	1.65481764705882	1.80831219512195
TAG48:4FA20:4	error	0.132247058823529	0.214217073170732
TAG56:3FA18:1	error	2.07211764705882	1.93381707317073
TAG54:7FA22:6	error	1.37623529411765	1.05120975609756
TAG49:3FA18:2	error	0.543688235294118	0.733390243902439
TAG52:3FA16:0	error	170.521717647059	183.118124390244
TAG54:8FA18:2	error	0.437629411764706	0.403431707317073
TAG54:6FA18:3	error	7.39308823529412	7.03967073170732
TAG56:8FA22:6	error	5.3872	3.28891219512195
TAG58:8FA18:1	error	1.02596470588235	0.713792682926829
TAG55:7FA22:6	error	0.201617647058824	0.143687804878049
DAG(14:0/18:3)	error	0.0285058823529412	0.0399439024390244
PC(16:0/22:4)	error	5.83038235294118	6.72402195121951
TAG56:9FA20:4	error	0.493441176470588	0.58410243902439
TAG57:8FA22:6	error	0.276176470588235	0.201117073170732
TAG56:2FA18:0	error	0.302688235294118	0.328070731707317
PC(17:0/20:4)	error	2.49232352941176	2.44359756097561
LPC(20:2)	error	0.361629411764706	0.350982926829268
TAG45:1FA18:1	error	0.119641176470588	0.18029756097561
TAG52:5FA20:4	error	2.24472352941176	3.10257317073171
PE(18:1/18:1)	error	0.554758823529412	0.589334146341463
PE(P18:1/22:6)	error	3.63976470588235	3.13571463414634
PI(16:0/20:4)	error	2.04815882352941	2.28936585365854
TAG49:3FA15:0	error	0.295888235294118	0.403924390243902
TAG51:2FA18:0	error	0.385205882352941	0.453651219512195
LPE(20:4)	error	0.405994117647059	0.406865853658537
TAG44:2FA12:0	error	0.203211764705882	0.433043902439024
TAG56:1FA16:0	error	0.168341176470588	0.248236585365854
MAG(15:0)	error	0.118776470588235	0.132209756097561
DAG(16:0/18:2)	error	2.13775294117647	2.62982926829268
HCER(20:0)	error	0.0903823529411765	0.0902
LCER(24:0)	error	0.162494117647059	0.156585365853659
TAG49:0FA16:0	error	0.901752941176471	1.37250975609756
TAG50:3FA18:2	error	30.4518470588235	38.4746317073171
TAG55:7FA20:4	error	3.22529411764706	3.20345121951219
HCER(22:0)	error	0.469629411764706	0.491951219512195
TAG58:7FA22:5	error	1.04453529411765	0.924709756097561
FFA(22:2)	error	1.85906470588235	1.92852682926829
TAG44:1FA12:0	error	0.567635294117647	1.02095365853659
TAG46:0FA12:0	error	0.327205882352941	0.53749756097561
TAG52:6FA14:0	error	0.243564705882353	0.284148780487805
TAG51:2FA17:0	error	1.61042941176471	2.11428292682927
TAG56:3FA20:0	error	0.601082352941176	0.652778048780488
PE(P16:0/20:3)	error	0.600835294117647	0.649853658536585
PI(18:1/20:4)	error	1.2683	1.31653902439024
DAG(12:0/18:2)	error	0.0581176470588235	0.08765
TAG52:2FA16:0	error	156.975329411765	169.271724390244
TAG52:3FA20:1	error	0.237958823529412	0.276370731707317
PE(P16:0/22:6)	error	5.52140588235294	4.72059756097561
TAG56:5FA22:4	error	1.4448	1.66814634146341
TAG56:9FA22:6	error	0.868517647058824	0.51690243902439
TAG55:7FA20:3	error	0.281311764705882	0.271170731707317
TAG50:5FA16:0	error	0.176982352941176	0.228
TAG56:3FA16:0	error	0.129105882352941	0.155360975609756
MAG(18:1)	error	0.161223529411765	0.157946341463415
PC(18:1/18:2)	error	55.1055411764706	59.9967756097561
TAG56:6FA22:5	error	4.21695294117647	4.09421219512195
TAG57:3FA18:2	error	0.276088235294118	0.212578048780488
LCER(18:1)	error	0.248341176470588	0.252917073170732
TAG52:8FA16:1	error	0.100823529411765	0.1307
TAG58:8FA22:6	error	2.24474705882353	1.27491707317073
TAG50:3FA16:0	error	20.0884058823529	27.3325292682927
FFA(24:1)	error	6.20042352941176	6.39955365853659
TAG55:7FA15:0	error	0.0530647058823529	0.0451365853658537
DAG(16:1/18:3)	error	0.0591058823529412	0.0783024390243902
CER(20:0)	error	0.101435294117647	0.10469756097561
PC(18:2/20:5)	error	1.17741176470588	1.16222682926829
TAG52:5FA18:3	error	10.5217882352941	12.2866390243902
TAG51:0FA18:0	error	0.293364705882353	0.378317073170732
TAG55:3FA18:2	error	0.232423529411765	0.275826829268293
TAG42:2FA18:2	error	0.189282352941176	0.362375609756098
PC(14:0/18:2)	error	4.15849411764706	5.44513170731707
TAG50:3FA14:0	error	13.2249764705882	15.8873
TAG54:5FA20:2	error	0.326770588235294	0.349814634146341
FFA(20:3)	error	2.1748	2.31824634146341
TAG56:6FA16:0	error	3.24963529411765	3.20328536585366
PI(16:0/18:1)	error	1.11465882352941	1.30880243902439
TAG52:3FA18:3	error	1.90663529411765	2.31276585365854
TAG58:10FA18:2	error	0.342858823529412	0.261053658536585
LPC(16:0)	error	71.1601882352941	67.6291317073171
TAG44:2FA16:1	error	0.144670588235294	0.21360487804878
TAG56:10FA18:2	error	0.180758823529412	0.2177
TAG56:5FA18:0	error	1.7868	1.75711463414634
DAG(14:0/20:0)	error	0.0745941176470588	0.0878512195121951
TAG52:1FA20:1	error	0.469958823529412	0.656873170731707
CE(14:0)	error	18.7189	21.9598195121951
DAG(18:1/22:4)	error	0.0468882352941176	0.0512536585365854
PC(18:0/20:3)	error	19.1691470588235	22.8290463414634
TAG54:2FA18:0	error	17.3562823529412	17.6505902439024
TAG56:7FA22:5	error	3.11798235294118	3.07367317073171
PE(18:0/20:3)	error	1.32049411764706	1.6649512195122
TAG51:1FA15:0	error	0.409376470588235	0.503834146341463
TAG58:7FA18:1	error	0.972464705882353	0.861629268292683
PI(18:0/20:3)	error	2.22209411764706	2.50461219512195
TAG51:4FA18:1	error	1.0476	1.10857804878049
TAG52:6FA18:3	error	1.75077058823529	2.00212682926829
TAG44:2FA14:0	error	0.19815	0.41344756097561
TAG50:5FA14:1	error	0.270588235294118	0.327675609756098
TAG54:2FA18:2	error	2.2222	2.55798536585366
TAG48:2FA16:0	error	8.66732352941176	13.7023512195122
TAG56:6FA20:2	error	0.320152941176471	0.322395121951219
TAG56:5FA18:2	error	1.37051176470588	1.42694146341463
CER(16:0)	error	0.385888235294118	0.407739024390244
PC(18:2/18:3)	error	1.07334705882353	1.22889756097561
TAG49:2FA18:2	error	1.14623529411765	1.70844634146341
TAG54:3FA20:1	error	1.64315294117647	1.8067756097561
TAG44:0FA18:0	error	3.78864117647059	3.79755609756098
TAG54:1FA18:0	error	4.68395882352941	4.54384146341463
FFA(20:1)	error	3.12342352941176	6.76715609756098
TAG48:4FA14:0	error	0.189664705882353	0.291646341463415
TAG48:3FA16:1	error	1.84378235294118	2.64242682926829
TAG49:3FA18:3	error	0.116617647058824	0.1821
SM(18:0)	error	31.1978823529412	31.9578512195122
PE(P18:0/18:2)	error	4.17709411764706	4.36215609756098
TAG53:2FA16:0	error	1.01403529411765	1.22933414634146
PC(18:1/18:3)	error	0.821988235294118	1.00730487804878
TAG53:4FA20:4	error	0.132841176470588	0.17210487804878
TAG46:3FA16:0	error	0.180047058823529	0.302873170731707
LPC(18:1)	error	11.5620352941176	10.3643317073171
TAG50:2FA18:1	error	55.3633764705882	68.0948707317073
PI(18:0/18:1)	error	1.23798823529412	1.35766341463415
TAG48:1FA18:1	error	11.9924411764706	17.5413585365854
TAG54:4FA18:0	error	7.96300588235294	8.97835365853659
TAG54:6FA16:1	error	0.833276470588235	0.966512195121951
TAG56:6FA20:4	error	7.35032941176471	7.77369268292683
PC(20:0/20:4)	error	1.83210588235294	1.85172682926829
TAG54:1FA20:0	error	1.31503529411765	1.48896585365854
TAG44:2FA18:2	error	0.490211764705882	0.897768292682927
PC(18:0/20:5)	error	6.82525294117647	6.68755609756098
TAG58:7FA22:6	error	0.712770588235294	0.434529268292683
TAG52:3FA22:1	error	0.108811764705882	0.119287804878049
CE(16:1)	error	80.7615529411765	97.5192390243902
TAG54:2FA20:1	error	2.30100588235294	2.52465609756098
TAG44:1FA16:0	error	0.910423529411765	1.43798292682927
DAG(16:0/16:1)	error	0.206611764705882	0.300826829268293
TAG46:3FA14:1	error	0.122976470588235	0.185758536585366
TAG52:6FA20:4	error	0.683005882352941	0.925743902439024
CE(16:0)	error	309.389570588235	323.199448780488
PE(P18:0/20:3)	error	1.17824705882353	1.25861707317073
DAG(12:0/16:0)	error	0.141473529411765	0.163180487804878
TAG45:0FA14:0	error	0.128123529411765	0.20159756097561
FFA(18:2)	error	69.6970470588235	77.2377024390244
LPE(16:0)	error	0.829588235294118	0.811646341463415
CE(20:1)	error	2.06234117647059	2.07888048780488
DCER(22:0)	error	0.1386	0.152453658536585
PC(14:0/18:1)	error	3.39756470588235	4.06505609756098
PE(18:1/22:6)	error	1.51238235294118	1.32575853658537
TAG48:4FA16:0	error	0.1736	0.278092682926829
TAG54:2FA16:0	error	2.19378235294118	2.44948780487805
TAG58:9FA18:2	error	0.583941176470588	0.416075609756098
TAG52:5FA16:0	error	8.08491764705882	9.6878487804878
FFA(15:0)	error	15.6775882352941	12.5810463414634
TAG52:5FA18:1	error	3.08321176470588	3.26317317073171
TAG54:5FA18:1	error	36.6183882352941	36.8736341463415
FFA(24:0)	error	3.35974117647059	3.56383902439024
TAG54:5FA22:5	error	0.732882352941176	0.893241463414634
TAG58:8FA18:2	error	0.596341176470588	0.523614634146341
TAG44:0FA14:0	error	0.815811764705882	1.42548292682927
PE(P16:0/18:1)	error	0.733564705882353	0.715436585365854
CER(22:0)	error	0.631641176470588	0.688219512195122
TAG52:4FA18:1	error	31.2133294117647	33.0624268292683
TAG58:8FA20:3	error	0.177552941176471	0.203275609756098
PE(18:0/22:5)	error	1.37742352941176	1.39771707317073
TAG47:2FA18:1	error	0.159582352941176	0.214519512195122
CE(22:2)	error	0.192341176470588	0.167717073170732
TAG55:5FA18:2	error	0.259541176470588	0.328673170731707
TAG52:2FA14:0	error	0.177070588235294	0.236887804878049
FFA(22:4)	error	3.19146470588235	3.49363902439024
TAG54:1FA18:1	error	3.93492352941176	4.04474878048781
TAG40:0FA14:0	error	0.181041176470588	0.382734146341463
DAG(16:0/22:5)	error	0.0623764705882353	0.0690121951219512
DAG(18:0/22:6)	error	0.0287235294117647	0.0348939024390244
TAG47:1FA16:0	error	0.328805882352941	0.526480487804878
DAG(18:1/20:5)	error	0.213458823529412	0.18409756097561
TAG54:3FA16:1	error	0.336058823529412	0.340039024390244
MAG(16:0)	error	0.656811764705882	0.626631707317073
PI(16:0/18:2)	error	1.80454705882353	2.28676341463415
CE(22:6)	error	13.2452882352941	11.8090853658537
TAG46:4FA18:2	error	0.1779	0.287965853658537
CE(18:4)	error	0.736347058823529	0.947248780487805
TAG54:2FA20:0	error	0.838329411764706	0.968056097560976
TAG56:6FA20:3	error	1.54476470588235	1.66475609756098
DAG(18:2/22:4)	error	0.0386117647058824	0.0425317073170732
DCER(24:0)	error	0.192011764705882	0.202121951219512
TAG58:6FA16:0	error	0.130917647058824	0.146782926829268
PC(16:0/18:2)	error	426.232882352941	476.418687804878
TAG52:3FA18:2	error	157.320164705882	169.346773170732
TAG48:0FA18:0	error	1.28435294117647	1.79244390243902
TAG58:7FA18:2	error	0.391547058823529	0.38780243902439
TAG50:1FA16:1	error	3.41722941176471	4.5619
LPE(16:1)	error	0.0296294117647059	0.0373536585365854
TAG48:1FA14:1	error	0.239682352941176	0.337578048780488
TAG51:2FA18:2	error	1.4542	1.96319756097561
TAG50:2FA16:0	error	71.8389117647059	96.497056097561
LCER(14:0)	error	0.129347058823529	0.144051219512195
LPE(22:6)	error	0.219388235294118	0.194529268292683
PE(18:1/20:4)	error	4.13264705882353	3.9788512195122
TAG54:4FA22:4	error	0.305552941176471	0.431907317073171
PE(16:0/18:2)	error	1.64054117647059	2.0855487804878
TAG50:4FA18:2	error	5.83443529411765	7.11786829268293
HCER(16:0)	error	0.597052941176471	0.621156097560976
PE(16:0/22:5)	error	0.896888235294118	0.94260243902439
PE(O18:0/18:1)	error	0.150929411764706	0.152824390243902
TAG44:1FA14:1	error	0.108294117647059	0.184236585365854
TAG56:7FA20:5	error	1.42458823529412	1.16078292682927
TAG45:0FA16:0	error	0.171964705882353	0.276743902439024
TAG46:0FA16:0	error	3.67333529411765	6.31974634146341
SM(24:1)	error	59.6593352941176	59.3640195121951
TAG52:7FA22:6	error	0.219317647058824	0.183592682926829
CE(20:2)	error	1.74348823529412	1.9656
TAG54:5FA20:5	error	0.335152941176471	0.302973170731707
TAG45:0FA15:0	error	0.101776470588235	0.167143902439024
TAG56:5FA22:5	error	0.505229411764706	0.50819512195122
PC(18:0/16:1)	error	0.952129411764706	1.17638292682927
TAG49:2FA16:0	error	1.31024705882353	1.90846097560976
CE(20:5)	error	22.3443470588235	20.8686780487805
HCER(22:1)	error	0.0489470588235294	0.053019512195122
TAG49:1FA16:0	error	2.56218823529412	3.68172195121951
TAG56:5FA18:1	error	4.25650588235294	4.36014390243902
TAG53:4FA18:3	error	0.325423529411765	0.367375609756098
PC(20:0/18:1)	error	1.14643529411765	1.12846585365854
TAG54:1FA20:1	error	0.302382352941176	0.346114634146341
DAG(12:0/18:1)	error	0.0935823529411765	0.121878048780488
PE(P18:0/22:5)	error	2.68152352941176	2.60590243902439
