chemID	pval	/Users/m221138/RA_project/data/filled_qc_data/MLR.clp.sc.ready.ignor.norm.qc.fillna.h.tsv	/Users/m221138/RA_project/data/filled_qc_data/MLR.clp.sc.ready.ignor.norm.qc.fillna.r.tsv
TAG52:0FA20:0	error	0.540327272727273	0.389472881355932
TAG58:6FA22:5	error	0.293663636363636	0.344150847457627
TAG50:1FA20:1	error	0.205945454545455	0.185281355932203
TAG54:6FA20:3	error	0.482563636363636	0.578925423728814
CE(24:0)	error	0.240390909090909	0.258506779661017
LCER(22:0)	error	0.278390909090909	0.236242372881356
TAG48:4FA16:1	error	0.333418181818182	0.346157627118644
TAG51:4FA16:0	error	1.22443636363636	1.2264186440678
PC(16:0/18:1)	error	213.250272727273	202.387127118644
TAG50:3FA14:1	error	1.08361818181818	0.976572881355932
CE(17:0)	error	7.1527	7.02249491525424
TAG56:6FA22:6	error	0.932727272727273	0.805052542372881
PC(18:1/16:1)	error	8.06922727272727	7.47060847457627
TAG53:3FA16:0	error	0.817281818181818	0.87261186440678
TAG54:4FA20:4	error	1.81225454545455	1.69132542372881
DAG(14:0/20:4)	error	0.0408181818181818	0.0300466101694915
CE(18:2)	error	1302.46460909091	1385.21618644068
DAG(14:1/18:1)	error	0.144936363636364	0.148618644067797
DCER(20:0)	error	0.0589636363636364	0.0597254237288136
LCER(20:1)	error	0.0412272727272727	0.0369050847457627
TAG54:3FA16:0	error	3.32043636363636	3.84783898305085
TAG48:3FA14:0	error	2.44288181818182	2.60826101694915
TAG56:1FA18:1	error	0.533409090909091	0.382764406779661
TAG58:9FA18:1	error	0.485709090909091	0.578016949152542
PE(P18:1/22:4)	error	0.918854545454545	0.86073220338983
TAG54:4FA16:0	error	4.64729090909091	4.97276271186441
PC(18:2/16:1)	error	11.3565545454545	12.0976542372881
DAG(14:0/18:1)	error	0.412018181818182	0.416240677966102
TAG46:2FA14:1	error	0.620081818181818	0.43188813559322
TAG52:4FA20:0	error	0.391863636363636	0.519557627118644
PC(18:0/18:2)	error	189.3379	184.322423728814
PE(P16:0/22:4)	error	2.99989090909091	2.80047966101695
TAG50:4FA16:0	error	1.37246363636364	1.52302711864407
DAG(18:1/20:1)	error	0.0913454545454545	0.104896610169492
LPC(15:0)	error	0.186590909090909	0.197710169491525
TAG48:3FA18:2	error	5.15584545454545	6.65219661016949
TAG52:6FA22:6	error	0.532954545454545	0.412005084745763
TAG56:7FA18:3	error	0.300645454545455	0.380276271186441
PC(18:0/22:6)	error	14.5526818181818	13.0204
SM(26:1)	error	0.5889	0.550320338983051
TAG48:2FA14:0	error	11.0592363636364	10.6841898305085
TAG48:3FA18:1	error	2.98638181818182	4.59306610169492
DAG(16:1/18:2)	error	0.783645454545455	0.886728813559322
TAG53:6FA18:3	error	2.8257	2.84253220338983
PC(16:0/12:0)	error	0.608545454545455	0.5606
TAG51:5FA18:2	error	0.210272727272727	0.2469
PE(P16:0/20:4)	error	10.0108545454545	10.2864423728814
TAG49:1FA16:1	error	0.358281818181818	0.280283050847458
TAG56:5FA20:1	error	0.338527272727273	0.472513559322034
LPE(18:0)	error	1.19883636363636	1.14136949152542
FFA(20:4)	error	4.90374545454545	5.25124406779661
TAG46:1FA14:1	error	1.36405454545455	1.09680508474576
TAG46:3FA14:0	error	0.282527272727273	0.285201694915254
PE(P18:1/22:5)	error	0.985436363636364	0.907894915254237
TAG50:1FA14:0	error	3.67853636363636	3.24579491525424
TAG56:8FA20:4	error	2.12433636363636	2.26337966101695
TAG56:4FA20:1	error	0.860427272727273	1.12107627118644
MAG(18:3)	error	0.0976090909090909	0.0937966101694915
PE(18:0/20:4)	error	14.7403636363636	15.6206169491525
TAG53:2FA18:1	error	6.10676363636364	6.11649322033898
TAG54:7FA22:5	error	0.208145454545455	0.257815254237288
TAG60:12FA22:6	error	0.319790909090909	0.266303389830508
PC(18:0/20:2)	error	1.83268181818182	1.69016610169492
LPC(18:2)	error	7.26264545454545	8.52389661016949
PC(15:0/18:2)	error	1.16052727272727	1.24505084745763
DAG(18:1/18:1)	error	3.23919090909091	3.88807288135593
TAG56:4FA22:4	error	0.156709090909091	0.158579661016949
TAG56:9FA20:5	error	0.651281818181818	0.819157627118644
TAG49:2FA14:0	error	0.460445454545455	0.418501694915254
PC(16:0/18:3)	error	6.50030909090909	7.25939830508475
LPE(22:5)	error	0.149154545454545	0.151779661016949
TAG54:6FA20:5	error	2.49864545454545	2.80850338983051
TAG56:7FA22:6	error	5.7046	5.9762593220339
TAG51:4FA16:1	error	0.252009090909091	0.285681355932203
TAG52:5FA20:5	error	0.724990909090909	0.691398305084746
SM(20:0)	error	41.4019636363636	46.7519016949153
TAG55:5FA20:4	error	0.291572727272727	0.281362711864407
TAG58:6FA20:4	error	0.138654545454545	0.142515254237288
PE(O18:0/20:4)	error	2.0074	2.06824915254237
DAG(18:2/18:3)	error	0.234945454545455	0.320586440677966
TAG48:4FA18:3	error	0.592009090909091	0.820642372881356
TAG52:0FA16:0	error	3.53068181818182	3.00156101694915
TAG58:9FA22:5	error	0.298627272727273	0.4141
TAG58:9FA22:6	error	1.51825454545455	1.90485254237288
PE(P18:1/16:0)	error	0.217027272727273	0.20521186440678
DAG(14:0/18:2)	error	0.351881818181818	0.369705084745763
TAG54:0FA18:0	error	1.07215454545455	0.965623728813559
TAG56:2FA16:0	error	0.266945454545455	0.206394915254237
TAG56:8FA22:5	error	0.381309090909091	0.500271186440678
PC(16:0/20:2)	error	5.34535454545455	5.6169593220339
PC(15:0/18:1)	error	0.886045454545455	0.785283050847458
TAG56:7FA18:2	error	2.67628181818182	3.31261016949153
LPE(18:1)	error	0.747736363636364	0.67425593220339
TAG50:2FA16:1	error	31.1894818181818	28.0917152542373
PC(17:0/18:1)	error	1.38694545454545	1.33888305084746
DAG(16:0/18:1)	error	2.97281818181818	2.94191355932203
LPC(22:5)	error	0.306281818181818	0.336515254237288
TAG46:0FA18:0	error	0.884281818181818	1.08477966101695
PE(18:0/20:5)	error	2.22956363636364	2.16865762711864
LPE(22:4)	error	0.0597181818181818	0.0568627118644068
TAG46:1FA18:1	error	6.1627	6.55290847457627
TAG58:10FA20:4	error	0.708009090909091	0.587945762711864
DAG(14:0/16:1)	error	0.0809636363636364	0.0664372881355932
SM(24:0)	error	29.7985	27.8537288135593
TAG53:6FA18:2	error	1.65404545454545	1.65217457627119
HCER(18:0)	error	0.0669909090909091	0.0732576271186441
LPC(20:3)	error	1.80647272727273	1.7999813559322
TAG53:5FA18:2	error	11.1896181818182	11.4718847457627
TAG50:1FA18:0	error	6.39611818181818	5.16308983050847
TAG52:5FA20:3	error	0.323063636363636	0.338945762711864
PE(P16:0/22:5)	error	2.76042727272727	2.69876779661017
TAG44:0FA12:0	error	1.19042727272727	1.49416440677966
TAG55:6FA18:1	error	1.45139090909091	1.46719152542373
PC(20:0/18:2)	error	3.40553636363636	3.51201016949153
PE(P18:0/18:1)	error	1.1827	1.08827627118644
MAG(18:2)	error	0.0999818181818182	0.11278813559322
TAG52:5FA18:2	error	13.7349272727273	19.4689779661017
SM(16:0)	error	179.904527272727	171.858742372881
TAG49:1FA18:1	error	3.28787272727273	2.64981186440678
FFA(14:0)	error	32.8892090909091	35.2963525423729
TAG56:4FA20:4	error	0.4921	0.513894915254237
TAG46:2FA18:2	error	2.69341818181818	3.65982033898305
FFA(16:0)	error	616.632218181818	633.312620338983
TAG52:5FA22:5	error	0.381372727272727	0.419042372881356
PE(P18:1/20:3)	error	0.499036363636364	0.468681355932203
TAG56:8FA18:3	error	0.404209090909091	0.475862711864407
TAG46:3FA16:1	error	0.373190909090909	0.414864406779661
TAG50:1FA18:1	error	57.6191	53.8872084745763
TAG44:0FA16:0	error	3.12270909090909	3.56218813559322
CE(22:5)	error	2.27958181818182	2.36636101694915
TAG49:2FA16:1	error	0.871518181818182	0.775081355932203
TAG53:4FA18:1	error	17.3073727272727	17.4273271186441
TAG52:3FA20:3	error	1.06826363636364	0.930115254237288
TAG49:1FA17:0	error	0.746972727272727	0.574891525423729
TAG56:7FA18:1	error	2.97724545454545	3.46786610169492
TAG50:2FA18:0	error	2.324	2.05420338983051
TAG44:2FA16:0	error	0.699818181818182	0.607716949152542
TAG44:3FA18:2	error	0.213263636363636	0.238628813559322
TAG47:0FA15:0	error	0.469018181818182	0.358145762711864
TAG54:7FA16:1	error	0.558036363636364	0.536369491525424
TAG52:3FA20:2	error	0.628063636363636	0.670425423728814
TAG52:5FA16:1	error	6.55420909090909	9.23460677966102
TAG51:2FA15:0	error	2.53305454545455	2.51061016949153
TAG54:7FA20:4	error	1.25687272727273	1.35814406779661
PE(P18:1/18:2)	error	1.92643636363636	1.93965254237288
TAG52:1FA16:1	error	0.506763636363636	0.429323728813559
TAG47:1FA15:0	error	0.528081818181818	0.411415254237288
TAG50:5FA14:0	error	0.612563636363636	0.813422033898305
TAG55:1FA16:0	error	0.827309090909091	0.943086440677966
TAG56:3FA18:0	error	0.437154545454545	0.437503389830508
TAG50:2FA14:0	error	14.6971454545455	15.1437050847458
TAG56:2FA18:1	error	1.83344545454545	1.77650508474576
TAG51:3FA18:2	error	3.97671818181818	4.30114576271186
PC(16:0/16:1)	error	11.2907818181818	9.38668474576271
TAG51:1FA16:0	error	3.45188181818182	2.84195762711864
TAG52:3FA18:1	error	162.245736363636	189.457025423729
TAG56:4FA18:1	error	2.10489090909091	2.57968813559322
TAG54:4FA20:1	error	0.263790909090909	0.346715254237288
TAG56:7FA18:0	error	0.227545454545455	0.268657627118644
TAG54:4FA18:3	error	2.10697272727273	2.56169830508475
TAG56:7FA20:3	error	0.613581818181818	0.700279661016949
PE(18:0/18:1)	error	2.17522727272727	1.92394237288136
TAG50:4FA14:1	error	0.701490909090909	0.735527118644068
TAG47:2FA18:2	error	0.319109090909091	0.30251186440678
TAG50:5FA18:1	error	0.189463636363636	0.218838983050847
TAG53:4FA18:0	error	1.11564545454545	1.11417118644068
PC(16:0/20:3)	error	64.3976272727273	59.4231406779661
TAG56:6FA18:2	error	2.07584545454545	2.60429830508475
PC(14:0/20:4)	error	3.67270909090909	3.59684406779661
PC(18:1/22:5)	error	1.28099545454545	1.35189152542373
LCER(24:1)	error	0.366954545454545	0.328801694915254
DAG(15:0/18:1)	error	0.130909090909091	0.123661016949153
TAG45:1FA16:0	error	0.194145454545455	0.138686440677966
TAG56:4FA20:3	error	0.637527272727273	0.672833898305085
TAG60:10FA22:6	error	0.185618181818182	0.178283050847458
TAG54:5FA22:1	error	0.1929	0.270315254237288
PE(16:0/22:6)	error	4.49734545454545	3.96909491525424
LPE(18:2)	error	0.462354545454545	0.515252542372881
TAG54:6FA20:4	error	7.55388181818182	8.20756440677966
TAG54:2FA18:1	error	32.7415636363636	36.3534627118644
TAG56:8FA16:1	error	0.265009090909091	0.315215254237288
TAG58:9FA20:4	error	0.795809090909091	0.716927118644068
PE(16:0/18:1)	error	0.991663636363636	0.851184745762712
DAG(16:1/16:1)	error	0.0911545454545454	0.0930016949152542
PC(18:1/22:6)	error	3.78663636363636	3.42973559322034
TAG52:4FA20:2	error	0.1978	0.256033898305085
TAG42:0FA16:0	error	1.25628181818182	1.37745593220339
TAG52:2FA20:1	error	0.572609090909091	0.562079661016949
TAG52:4FA16:1	error	17.4406727272727	23.0710915254237
TAG58:8FA22:5	error	0.658636363636364	0.887410169491525
TAG56:8FA16:0	error	1.05096363636364	1.17118474576271
FFA(20:2)	error	1.80617272727273	11.2511813559322
TAG46:3FA18:1	error	0.508663636363636	0.578371186440678
TAG50:4FA20:4	error	0.598527272727273	0.502877966101695
TAG53:2FA17:0	error	3.15946363636364	3.17454745762712
PE(18:1/18:2)	error	2.05708181818182	2.15230508474576
TAG51:1FA17:0	error	2.86348181818182	2.33793728813559
TAG54:2FA20:2	error	0.274354545454545	0.291598305084746
TAG56:6FA18:1	error	4.7497	5.46237118644068
FFA(22:1)	error	11.8414363636364	11.9522271186441
LPC(16:1)	error	1.07416363636364	1.02059661016949
PC(14:0/20:3)	error	1.04715454545455	0.94775593220339
TAG48:3FA12:0	error	2.38423636363636	3.92117796610169
TAG54:6FA16:0	error	3.27783636363636	3.46879830508475
TAG46:0FA14:0	error	3.84868181818182	3.07213728813559
FFA(22:5)	error	4.46304545454545	4.50979661016949
TAG56:2FA20:1	error	0.363372727272727	0.377171186440678
TAG58:5FA18:1	error	0.178181818181818	0.191210169491525
TAG50:4FA20:3	error	0.133663636363636	0.126686440677966
TAG52:1FA20:0	error	0.409081818181818	0.321076271186441
PE(O18:0/22:5)	error	0.477090909090909	0.464584745762712
TAG53:7FA18:3	error	0.338045454545455	0.342422033898305
TAG50:3FA18:0	error	0.385845454545455	0.354772881355932
TAG46:3FA18:3	error	0.295236363636364	0.430045762711864
TAG54:7FA18:1	error	0.701481818181818	0.931908474576271
TAG55:4FA18:2	error	0.461418181818182	0.518101694915254
PE(P18:0/22:6)	error	8.24673636363636	7.41841694915254
FFA(18:1)	error	105.671	119.440074576271
TAG50:5FA20:4	error	0.323163636363636	0.287820338983051
TAG53:3FA18:1	error	10.6901090909091	11.3123203389831
TAG50:5FA16:1	error	0.260754545454545	0.317338983050847
TAG50:4FA16:1	error	2.25276363636364	2.75782711864407
TAG52:4FA20:4	error	2.69678181818182	2.4133186440678
PC(18:1/20:5)	error	1.94054545454545	2.12707542372881
DAG(18:2/20:4)	error	0.412072727272727	0.441410169491525
TAG54:7FA18:2	error	3.78415454545455	5.57695423728814
TAG56:7FA22:4	error	0.137445454545455	0.175406779661017
DAG(18:2/22:6)	error	0.110218181818182	0.123537288135593
TAG49:2FA15:0	error	1.6643	1.52743050847458
TAG46:3FA12:0	error	0.413481818181818	0.568425423728814
TAG47:0FA16:0	error	1.06916363636364	0.8323
PC(18:2/18:2)	error	16.1681545454545	16.2588745762712
PC(18:2/20:3)	error	2.35629090909091	2.26236440677966
CE(15:0)	error	6.95541818181818	6.79306949152542
TAG54:1FA16:0	error	1.07593636363636	0.808194915254237
TAG49:2FA17:0	error	0.323918181818182	0.269023728813559
TAG54:8FA18:3	error	0.539927272727273	0.778750847457627
DAG(16:1/18:0)	error	0.210545454545455	0.18954406779661
PC(16:0/18:0)	error	14.3048181818182	13.6750508474576
TAG54:5FA18:3	error	6.72097272727273	9.61980847457627
LPE(20:3)	error	0.170118181818182	0.156554237288136
TAG55:1FA18:1	error	0.604345454545455	0.712879661016949
TAG55:2FA18:2	error	0.453781818181818	0.53815593220339
PC(18:0/20:4)	error	84.5535545454545	89.9299559322034
TAG54:5FA20:3	error	2.87161818181818	3.18790508474576
TAG56:3FA20:1	error	1.01645454545455	1.27996101694915
TAG48:3FA14:1	error	1.58680909090909	1.32956610169492
TAG56:8FA20:5	error	1.38154545454545	1.75588644067797
DAG(14:0/16:0)	error	0.304509090909091	0.262877966101695
SM(26:0)	error	0.332718181818182	0.317598305084746
TAG51:4FA18:2	error	1.60981818181818	1.97175254237288
TAG56:7FA16:0	error	2.43067272727273	2.95911186440678
TAG48:4FA18:2	error	1.45334545454545	2.75025254237288
TAG50:5FA18:3	error	0.687245454545454	0.880937288135593
TAG53:0FA16:0	error	0.821818181818182	0.901835593220339
TAG44:1FA16:1	error	0.701781818181818	0.507342372881356
TAG60:11FA22:6	error	0.272381818181818	0.256303389830508
LPC(20:0)	error	0.3664	0.380691525423729
TAG52:4FA14:0	error	0.437436363636364	0.422625423728814
TAG53:6FA18:1	error	2.87895454545455	2.83766271186441
PI(18:1/18:2)	error	1.10815454545455	1.00526610169492
TAG52:4FA18:0	error	0.331690909090909	0.351406779661017
PE(18:1/20:3)	error	0.327681818181818	0.306972881355932
MAG(16:1)	error	0.0516727272727273	0.0511754237288136
SM(22:0)	error	57.0650272727273	56.128013559322
TAG55:8FA20:4	error	0.384545454545455	0.391693220338983
TAG58:6FA18:1	error	0.536027272727273	0.591471186440678
TAG56:5FA16:0	error	1.20558181818182	1.28774576271186
DAG(18:2/20:5)	error	0.157309090909091	0.196762711864407
TAG58:2FA18:1	error	0.493218181818182	0.429316949152542
CE(22:0)	error	0.814363636363636	0.77826779661017
TAG54:5FA22:4	error	0.339090909090909	0.319837288135593
TAG58:3FA18:1	error	0.309718181818182	0.280371186440678
TAG56:3FA20:2	error	0.201336363636364	0.225127118644068
TAG52:2FA18:2	error	21.2914909090909	22.9807745762712
TAG53:4FA16:0	error	0.285118181818182	0.295842372881356
LCER(22:1)	error	0.0753727272727273	0.0675559322033898
LPC(20:4)	error	2.09907272727273	2.43090677966102
TAG48:2FA12:0	error	2.83070909090909	4.03465762711864
TAG58:7FA22:4	error	0.245881818181818	0.29338813559322
PC(18:0/18:0)	error	1.20343636363636	1.09748644067797
CE(18:3)	error	51.1565363636364	48.5819644067797
TAG51:4FA20:4	error	0.173409090909091	0.135342372881356
TAG56:4FA20:2	error	0.661063636363636	0.807408474576271
DAG(15:0/18:2)	error	0.324927272727273	0.274464406779661
TAG46:1FA16:0	error	6.81865454545455	6.31898305084746
DAG(16:0/16:0)	error	0.878518181818182	0.796333898305085
TAG54:5FA18:2	error	38.0739	53.2664203389831
TAG42:1FA12:0	error	0.484772727272727	1.12829152542373
DAG(18:1/20:2)	error	0.142554545454545	0.155089830508475
TAG52:7FA16:0	error	0.579345454545455	0.515618644067797
TAG55:5FA18:1	error	0.315563636363636	0.335935593220339
TAG52:2FA20:0	error	0.185154545454545	0.185257627118644
TAG46:1FA14:0	error	4.71856363636364	3.69860847457627
DAG(16:1/20:2)	error	0.0718454545454545	0.0675525423728814
TAG53:5FA18:1	error	8.99972727272727	9.03175593220339
CER(18:0)	error	0.105909090909091	0.108493220338983
CE(24:1)	error	0.436963636363636	0.451357627118644
PC(18:2/20:4)	error	9.72092727272727	9.9763813559322
PC(16:0/16:0)	error	16.3526909090909	16.1031762711864
TAG50:6FA20:4	error	0.129772727272727	0.148508474576271
TAG52:2FA18:0	error	16.5767363636364	16.572506779661
TAG55:2FA18:1	error	0.544536363636364	0.72231186440678
CER(24:1)	error	0.5962	0.607359322033898
PE(18:0/18:2)	error	7.3598	7.97748305084746
TAG52:0FA18:0	error	4.99246363636364	4.28534745762712
TAG50:4FA14:0	error	3.97599090909091	5.25932033898305
TAG52:2FA20:2	error	0.488554545454545	0.482128813559322
TAG58:6FA18:0	error	0.257336363636364	0.292576271186441
TAG55:6FA20:4	error	0.381436363636364	0.378728813559322
PE(P18:0/22:4)	error	3.06449090909091	2.94356949152542
TAG51:2FA18:1	error	7.81418181818182	7.55079491525424
TAG50:2FA18:2	error	31.2606727272727	33.2206728813559
TAG53:3FA18:2	error	3.27451818181818	3.60182542372881
CER(24:0)	error	2.07490909090909	1.90453728813559
DCER(22:1)	error	0.0673363636363636	0.0638338983050847
TAG46:2FA12:0	error	2.28824545454545	2.96073559322034
SM(22:1)	error	34.1290818181818	34.139806779661
TAG48:1FA16:0	error	25.6153909090909	20.2252186440678
TAG56:3FA18:2	error	0.587236363636364	0.561757627118644
DAG(18:2/22:5)	error	0.0798909090909091	0.0992542372881356
TAG57:9FA22:6	error	3.47235454545455	3.46726610169492
PC(18:1/18:1)	error	13.8246545454545	12.9220728813559
TAG52:4FA22:4	error	0.136409090909091	0.131801694915254
PI(16:0/20:3)	error	0.489527272727273	0.424291525423729
TAG50:2FA20:2	error	0.174981818181818	0.158861016949153
TAG58:10FA22:6	error	0.687018181818182	0.875713559322034
TAG54:4FA22:1	error	0.1846	0.247361016949153
TAG42:0FA14:0	error	0.792009090909091	1.01401186440678
TAG47:0FA17:0	error	0.259390909090909	0.218933898305085
TAG48:2FA16:1	error	6.35470909090909	5.34297627118644
TAG54:3FA20:2	error	2.03737272727273	2.3999406779661
TAG42:1FA16:1	error	0.236627272727273	0.183033898305085
FFA(18:4)	error	2.92225454545455	3.09834915254237
DAG(16:0/22:6)	error	0.0741818181818182	0.0605372881355932
SM(14:0)	error	18.8468818181818	18.5405576271186
TAG47:1FA16:1	error	0.294836363636364	0.230330508474576
TAG51:4FA15:0	error	0.906981818181818	1.09618644067797
TAG47:2FA16:1	error	0.1362	0.111666101694915
PC(16:0/22:6)	error	52.9872545454545	52.820806779661
LPC(17:0)	error	0.635363636363636	0.695689830508475
TAG55:3FA18:1	error	0.8636	1.00022033898305
TAG46:3FA18:2	error	0.892572727272727	1.03033559322034
TAG53:1FA17:0	error	0.736409090909091	0.623091525423729
HCER(24:0)	error	0.788854545454545	0.762340677966102
TAG53:6FA20:4	error	0.154818181818182	0.146008474576271
TAG54:3FA18:2	error	18.9417818181818	21.7190372881356
TAG48:5FA18:3	error	0.176827272727273	0.342722033898305
TAG50:2FA14:1	error	0.356363636363636	0.266247457627119
TAG52:4FA22:1	error	0.127936363636364	0.169222033898305
TAG52:1FA16:0	error	31.3942727272727	29.7765711864407
TAG54:4FA16:1	error	0.464	0.579593220338983
TAG48:4FA12:0	error	0.828427272727273	1.65550338983051
TAG58:7FA16:0	error	0.254109090909091	0.245277966101695
TAG51:2FA16:0	error	4.86577272727273	4.3813593220339
TAG56:6FA18:3	error	0.197981818181818	0.246722033898305
LCER(16:0)	error	3.91083636363636	3.51067118644068
TAG52:6FA18:2	error	1.33535454545455	1.89317796610169
DCER(22:2)	error	0.0977727272727273	0.0958966101694915
DAG(18:0/18:3)	error	0.0659909090909091	0.067471186440678
TAG48:2FA18:2	error	9.04242727272727	9.36575254237288
LPC(20:1)	error	0.321509090909091	0.319793220338983
TAG54:8FA20:5	error	0.341218181818182	0.426683050847458
FFA(22:0)	error	5.79472727272727	6.00792372881356
TAG53:1FA18:1	error	1.22320909090909	1.16628644067797
TAG55:6FA20:3	error	2.14968181818182	2.19077288135593
TAG51:4FA18:3	error	0.428663636363636	0.469576271186441
TAG58:10FA22:5	error	0.0857909090909091	0.115461016949153
CE(20:0)	error	0.773790909090909	0.857972881355932
FFA(14:1)	error	3.30755454545455	3.58281355932203
TAG48:1FA16:1	error	5.17107272727273	3.95045084745763
TAG53:2FA18:0	error	1.07754545454545	0.979530508474576
TAG54:6FA18:2	error	16.4414090909091	24.0116169491525
FFA(12:0)	error	9.27123636363636	10.8302728813559
TAG51:1FA18:0	error	0.890545454545455	0.674920338983051
DAG(18:1/22:6)	error	0.154827272727273	0.154530508474576
DAG(18:1/20:3)	error	0.233627272727273	0.241467796610169
CE(20:3)	error	29.7991363636364	28.1873677966102
TAG36:0FA12:0	error	0.0795	0.841066101694915
TAG53:2FA18:2	error	0.691227272727273	0.679032203389831
TAG53:1FA16:0	error	0.557209090909091	0.603786440677966
DAG(16:0/18:3)	error	0.163818181818182	0.186872881355932
PC(18:2/22:6)	error	1.92770909090909	1.89373050847458
PC(16:0/20:5)	error	17.0889636363636	18.0623118644068
TAG47:2FA14:0	error	0.249563636363636	0.224935593220339
PE(18:0/22:6)	error	5.40639090909091	4.70242542372881
HCER(24:1)	error	0.461381818181818	0.488013559322034
PI(18:0/16:0)	error	0.162045454545455	0.182189830508475
TAG53:4FA18:2	error	3.1609	3.6405813559322
TAG54:5FA16:1	error	0.682827272727273	0.767157627118644
PE(16:0/20:4)	error	2.50420909090909	2.51646271186441
TAG52:1FA18:0	error	25.2833454545455	23.2830644067797
PI(18:1/18:1)	error	1.6796	1.30631186440678
TAG54:5FA20:4	error	10.5154636363636	10.3759576271186
DAG(18:1/18:2)	error	7.03440909090909	8.63016101694915
TAG56:8FA18:2	error	1.79826363636364	2.09139322033898
TAG56:8FA18:1	error	0.738881818181818	0.881193220338983
TAG46:1FA16:1	error	1.96244545454545	1.38127966101695
TAG53:5FA18:3	error	0.424518181818182	0.483859322033898
DAG(18:0/18:1)	error	0.681545454545455	0.692076271186441
TAG42:1FA14:0	error	0.300163636363636	0.253330508474576
DAG(16:0/18:0)	error	0.851027272727273	0.705076271186441
TAG46:2FA16:1	error	1.305	1.07580169491525
TAG56:7FA16:1	error	0.245972727272727	0.314786440677966
PC(18:0/22:5)	error	5.21955454545455	4.91276949152542
TAG47:1FA17:0	error	0.179154545454545	0.149838983050847
TAG49:0FA17:0	error	0.682563636363636	0.534618644067797
PC(18:0/22:4)	error	1.95418181818182	1.82538474576271
TAG54:8FA22:6	error	0.407827272727273	0.463328813559322
LCER(20:0)	error	0.0786	0.0691593220338983
TAG44:1FA14:0	error	1.22005454545455	1.30157118644068
TAG50:3FA20:3	error	0.378745454545455	0.286389830508475
TAG54:5FA18:0	error	1.2892	1.53612203389831
TAG48:1FA14:0	error	16.1160272727273	13.5974796610169
TAG40:0FA12:0	error	0.327545454545455	1.13508305084746
DAG(16:0/20:4)	error	0.237190909090909	0.210735593220339
TAG52:6FA16:1	error	1.0237	1.43058983050847
TAG54:0FA16:0	error	0.381427272727273	0.247301694915254
CE(22:1)	error	0.2335	0.253506779661017
DAG(16:0/20:3)	error	0.101454545454545	0.0904508474576271
TAG52:4FA20:3	error	1.17502727272727	1.0795593220339
TAG51:3FA16:1	error	0.7178	0.723186440677966
TAG52:3FA20:0	error	0.373745454545455	0.453503389830508
TAG47:1FA18:1	error	0.622136363636364	0.509493220338983
TAG53:3FA17:0	error	3.14024545454545	3.47874745762712
TAG54:7FA20:5	error	1.91091818181818	2.29080677966102
TAG56:6FA20:5	error	0.553754545454545	0.602596610169492
TAG50:0FA18:0	error	7.18930909090909	6.01136101694915
TAG50:4FA18:1	error	1.39255454545455	1.60766101694915
PE(18:1/22:5)	error	0.455527272727273	0.421961016949153
TAG46:2FA18:1	error	1.89876363636364	1.80297966101695
TAG47:1FA14:0	error	0.5899	0.454420338983051
PC(18:0/18:1)	error	35.1759181818182	30.0586389830508
TAG50:0FA16:0	error	17.2118636363636	14.9123016949153
TAG54:6FA22:6	error	1.66006363636364	1.20752711864407
TAG56:7FA20:4	error	4.86798181818182	5.16655423728814
TAG52:4FA16:0	error	57.3851636363636	74.9866118644068
TAG42:1FA16:0	error	0.544554545454546	0.387523728813559
LPC(22:6)	error	0.312845454545455	0.361476271186441
PI(18:0/20:2)	error	0.246731818181818	0.228337288135593
TAG52:2FA18:1	error	244.833009090909	254.503366101695
TAG52:3FA16:1	error	19.0466636363636	22.1105728813559
TAG51:3FA18:3	error	0.2026	0.193613559322034
TAG52:7FA18:1	error	0.248309090909091	0.246247457627119
DAG(18:1/22:5)	error	0.118072727272727	0.146466101694915
TAG56:5FA20:2	error	0.566527272727273	0.765671186440678
TAG46:1FA18:0	error	0.360945454545455	0.286252542372881
TAG56:5FA20:4	error	3.24547272727273	3.8690813559322
TAG56:2FA20:0	error	0.852654545454545	0.875218644067797
DAG(18:0/18:2)	error	0.773772727272727	0.788110169491525
DAG(16:0/20:5)	error	0.0893727272727273	0.0833627118644068
PC(18:1/20:3)	error	6.53182727272727	6.03991016949153
DAG(14:1/16:0)	error	0.101927272727273	0.0916135593220339
TAG48:5FA18:2	error	0.179109090909091	0.322032203389831
TAG54:3FA18:0	error	19.6442	22.6404457627119
TAG49:3FA16:0	error	0.249672727272727	0.238476271186441
TAG49:3FA16:1	error	0.345581818181818	0.360989830508475
FFA(20:0)	error	10.9146545454545	11.6998237288136
PE(P18:1/18:1)	error	0.710027272727273	0.62244406779661
TAG54:8FA20:4	error	0.1895	0.182510169491525
CE(14:1)	error	1.46083636363636	1.10856440677966
SM(20:1)	error	7.5708	8.29540847457627
TAG51:0FA16:0	error	0.781654545454545	0.670157627118644
DCER(16:0)	error	0.104772727272727	0.0890542372881356
TAG56:6FA18:0	error	1.05176363636364	1.23143389830508
TAG48:4FA18:1	error	0.336690909090909	0.54094406779661
TAG50:1FA16:0	error	101.300745454545	92.5963491525424
TAG52:5FA14:0	error	0.440163636363636	0.421010169491525
PE(P16:0/18:2)	error	2.42498181818182	2.56931525423729
PE(P18:0/20:5)	error	2.98583636363636	2.54212203389831
CE(18:0)	error	38.7644727272727	35.9571559322034
PI(18:0/20:4)	error	20.7514272727273	21.203486440678
TAG49:1FA14:0	error	0.481590909090909	0.384501694915254
PE(O16:0/20:4)	error	0.832772727272727	0.882025423728814
TAG53:3FA18:0	error	7.91500909090909	7.88648644067797
TAG56:5FA20:3	error	1.68375454545455	1.85989322033898
TAG48:0FA14:0	error	2.71638181818182	2.1969779661017
FFA(17:0)	error	221.184745454545	106.969227118644
TAG50:5FA20:5	error	0.206254545454545	0.182296610169492
PC(16:0/14:0)	error	2.28730909090909	1.70812033898305
TAG48:2FA18:0	error	0.501636363636364	0.735986440677966
TAG50:5FA18:2	error	0.748163636363636	0.921172881355932
TAG52:7FA20:5	error	0.213854545454545	0.232118644067797
TAG48:1FA18:0	error	1.40506363636364	1.56021525423729
TAG56:6FA22:4	error	0.909672727272727	1.08271355932203
TAG52:2FA16:1	error	4.13355454545455	4.0855406779661
TAG49:0FA15:0	error	0.430481818181818	0.309961016949153
TAG46:1FA12:0	error	3.89911818181818	4.26732881355932
TAG51:3FA15:0	error	2.33197272727273	2.65849491525424
TAG54:7FA18:3	error	2.57459090909091	3.8769813559322
TAG57:2FA18:1	error	0.399772727272727	0.480449152542373
PC(16:0/20:1)	error	0.968409090909091	0.882332203389831
TAG38:0FA12:0	error	0.139709090909091	0.643135593220339
TAG49:0FA18:0	error	0.439181818181818	0.311852542372881
TAG51:2FA16:1	error	0.709836363636364	0.638477966101695
TAG54:3FA18:1	error	99.3428272727273	126.93786440678
TAG54:3FA20:3	error	0.611345454545455	0.556338983050848
TAG58:7FA18:0	error	0.291545454545455	0.316125423728814
DCER(24:1)	error	0.171509090909091	0.162520338983051
DAG(16:1/18:1)	error	0.7632	0.832315254237288
LPE(20:1)	error	0.0361090909090909	0.0305949152542373
DAG(14:0/14:0)	error	0.0386636363636364	0.0340237288135593
TAG48:2FA14:1	error	2.69711818181818	1.9601
TAG56:9FA18:3	error	0.264836363636364	0.296230508474576
PE(18:0/18:0)	error	0.391536363636364	0.388852542372881
TAG50:3FA16:1	error	20.0568545454545	21.4701474576271
TAG51:1FA18:1	error	3.6185	3.06374237288136
TAG52:1FA18:1	error	37.9102	37.5674508474576
PI(18:0/18:2)	error	5.87242727272727	5.73637627118644
TAG49:1FA15:0	error	2.35597272727273	1.8918406779661
PE(P18:1/20:4)	error	8.89865454545455	9.06570169491525
TAG51:0FA17:0	error	0.506054545454545	0.389694915254237
TAG48:3FA16:0	error	2.33427272727273	2.15548305084746
CE(12:0)	error	1.38062727272727	0.872537288135593
TAG53:1FA18:0	error	0.765654545454545	0.610883050847458
CE(18:1)	error	525.505154545455	502.847808474576
PE(P18:0/20:4)	error	22.6856454545455	23.4929745762712
TAG54:3FA18:3	error	0.536554545454545	0.502681355932203
TAG54:4FA18:1	error	79.7921454545454	107.832027118644
TAG58:8FA20:4	error	0.447890909090909	0.440774576271186
PE(18:0/22:4)	error	1.02361818181818	0.99938813559322
TAG44:2FA18:1	error	0.425218181818182	0.409445762711864
PE(16:0/20:3)	error	0.289727272727273	0.222944915254237
TAG46:2FA14:0	error	1.75721818181818	1.73180677966102
PE(18:2/16:1)	error	0.305663636363636	0.35015593220339
TAG56:4FA16:0	error	0.291490909090909	0.279701694915254
DAG(18:1/20:4)	error	0.631127272727273	0.621228813559322
TAG52:3FA18:0	error	2.9887	3.16450508474576
TAG58:10FA20:5	error	0.257190909090909	0.238433898305085
PC(18:0/18:3)	error	2.22671818181818	2.09299491525424
TAG55:7FA18:1	error	1.09592727272727	1.07126610169492
TAG60:11FA22:5	error	0.0986454545454546	0.0985779661016949
DAG(18:2/20:3)	error	0.152990909090909	0.160464406779661
TAG40:0FA16:0	error	0.4294	0.8432
TAG54:5FA16:0	error	5.15963636363636	5.31176101694915
TAG58:6FA22:4	error	0.287190909090909	0.345367796610169
TAG56:4FA18:2	error	0.9342	1.16035084745763
PE(O16:0/22:5)	error	0.485354545454545	0.515614406779661
PE(O18:0/22:6)	error	1.12596363636364	1.10122627118644
SM(18:1)	error	9.32162727272727	10.4003423728814
TAG51:5FA18:3	error	0.176236363636364	0.217033898305085
TAG54:6FA22:5	error	0.745718181818182	0.805184745762712
TAG56:4FA18:0	error	0.825872727272727	0.868366101694915
TAG51:3FA18:1	error	8.8602	9.20505254237288
LPC(18:0)	error	26.3925	26.9666355932203
FFA(20:5)	error	8.4483	8.7516
TAG54:6FA18:1	error	6.16335454545455	9.06334406779661
TAG52:6FA18:1	error	0.286263636363636	0.348101694915254
PC(18:2/20:2)	error	0.415422727272727	0.568814406779661
PC(16:0/22:5)	error	19.2340545454545	20.6594440677966
TAG45:1FA15:0	error	0.142972727272727	0.116086440677966
TAG50:3FA18:3	error	3.21335454545455	3.57566779661017
TAG48:1FA12:0	error	0.818109090909091	1.1616406779661
TAG52:6FA20:5	error	0.654872727272727	0.623301694915254
TAG53:5FA20:4	error	0.327763636363636	0.285523728813559
CE(20:4)	error	196.490590909091	215.998633898305
CER(22:1)	error	0.0503909090909091	0.0467423728813559
MAG(18:0)	error	1.03394545454545	1.13233050847458
TAG48:3FA18:3	error	1.05865454545455	1.09182881355932
FFA(18:0)	error	450.761163636364	459.623749152542
TAG52:4FA18:2	error	90.0178	120.389296610169
TAG42:1FA18:1	error	0.533972727272727	0.962771186440678
TAG60:10FA22:5	error	0.104981818181818	0.119686440677966
DCER(26:0)	error	0.132554545454545	0.127025423728814
LCER(18:0)	error	0.145363636363636	0.138442372881356
TAG42:0FA12:0	error	0.631663636363636	1.13982203389831
TAG51:3FA17:0	error	0.481081818181818	0.474771186440678
TAG52:6FA16:0	error	0.698445454545454	0.841177966101695
CE(22:4)	error	0.491063636363636	0.491816949152542
TAG48:4FA14:1	error	0.274863636363636	0.260147457627119
TAG50:3FA18:1	error	18.3155181818182	20.8823576271186
TAG53:4FA17:0	error	1.24622727272727	1.43816271186441
PC(16:0/20:4)	error	187.627018181818	212.648774576271
TAG44:1FA18:1	error	1.70574545454545	1.89198983050847
TAG48:0FA16:0	error	17.6182	15.4059915254237
DAG(16:1/20:4)	error	0.0688636363636364	0.066971186440678
PC(17:0/18:2)	error	2.76242727272727	3.0897186440678
TAG54:4FA18:2	error	49.3858090909091	65.0480338983051
TAG50:0FA14:0	error	0.522	0.415906779661017
TAG58:7FA20:4	error	0.214081818181818	0.224577966101695
TAG52:4FA18:3	error	14.5990545454545	18.3021186440678
FFA(16:1)	error	14.6008727272727	17.2020389830508
TAG51:3FA16:0	error	10.1397454545455	10.0740457627119
TAG50:4FA18:3	error	2.00779090909091	2.31509661016949
TAG54:4FA20:3	error	4.2651	4.26033389830508
PE(O18:0/18:2)	error	0.478672727272727	0.484879661016949
PC(18:1/20:2)	error	0.7806	0.783524576271186
TAG49:2FA18:1	error	1.3252	1.20478474576271
PC(18:1/20:4)	error	23.7475	25.0163152542373
TAG47:0FA14:0	error	0.2633	0.204954237288136
TAG52:8FA18:2	error	0.172772727272727	0.176966101694915
FFA(22:6)	error	4.70810909090909	4.75382203389831
TAG47:2FA15:0	error	0.248718181818182	0.221025423728814
TAG48:2FA18:1	error	10.8079090909091	11.7300661016949
TAG55:4FA18:1	error	0.586218181818182	0.663620338983051
TAG52:3FA14:0	error	0.298054545454545	0.323566101694915
TAG46:2FA16:0	error	2.53474545454545	3.11172542372881
TAG54:4FA20:2	error	1.3956	1.77392711864407
TAG48:4FA20:4	error	0.2132	0.222152542372881
TAG56:3FA18:1	error	1.8941	2.21883898305085
TAG54:7FA22:6	error	1.41222727272727	1.25369322033898
TAG49:3FA18:2	error	0.658836363636364	0.667381355932203
TAG52:3FA16:0	error	151.400227272727	180.392613559322
TAG54:8FA18:2	error	0.409581818181818	0.55945593220339
TAG54:6FA18:3	error	6.09162727272727	8.85352881355932
TAG56:8FA22:6	error	4.22561818181818	4.69887627118644
TAG58:8FA18:1	error	0.791654545454545	1.0564
TAG55:7FA22:6	error	0.1931	0.189618644067797
DAG(14:0/18:3)	error	0.0339272727272727	0.0355525423728814
PC(16:0/22:4)	error	5.96445454545455	6.13827966101695
TAG56:9FA20:4	error	0.532181818181818	0.542059322033898
TAG57:8FA22:6	error	0.235536363636364	0.253825423728814
TAG56:2FA18:0	error	0.383427272727273	0.357549152542373
PC(17:0/20:4)	error	1.9182	2.43910677966102
LPC(20:2)	error	0.344772727272727	0.386850847457627
TAG45:1FA18:1	error	0.194363636363636	0.172228813559322
TAG52:5FA20:4	error	2.59859090909091	2.28153898305085
PE(18:1/18:1)	error	0.732745454545455	0.633089830508475
PE(P18:1/22:6)	error	3.98562727272727	3.58974237288136
PI(16:0/20:4)	error	2.48631818181818	2.18935593220339
TAG49:3FA15:0	error	0.372454545454545	0.380930508474576
TAG51:2FA18:0	error	0.508781818181818	0.462035593220339
LPE(20:4)	error	0.3825	0.396945762711864
TAG44:2FA12:0	error	0.403509090909091	0.627913559322034
TAG56:1FA16:0	error	0.287663636363636	0.199249152542373
MAG(15:0)	error	0.148218181818182	0.133445762711864
DAG(16:0/18:2)	error	2.28188181818182	2.5616220338983
HCER(20:0)	error	0.0912636363636364	0.104576271186441
LCER(24:0)	error	0.231218181818182	0.195483050847458
TAG49:0FA16:0	error	1.6059	1.23302203389831
TAG50:3FA18:2	error	31.0988	35.0842372881356
TAG55:7FA20:4	error	3.17035454545455	3.1876406779661
HCER(22:0)	error	0.550718181818182	0.559427118644068
TAG58:7FA22:5	error	0.791090909090909	1.0491406779661
FFA(22:2)	error	1.88064545454545	1.92953728813559
TAG44:1FA12:0	error	1.19750909090909	1.25334745762712
TAG46:0FA12:0	error	0.711309090909091	0.934376271186441
TAG52:6FA14:0	error	0.290163636363636	0.276396610169492
TAG51:2FA17:0	error	2.10649090909091	1.91601016949153
TAG56:3FA20:0	error	0.678481818181818	0.73181186440678
PE(P16:0/20:3)	error	0.694936363636364	0.62854406779661
PI(18:1/20:4)	error	1.47162727272727	1.26125762711864
DAG(12:0/18:2)	error	0.101027272727273	0.126924576271186
TAG52:2FA16:0	error	152.345918181818	163.031061016949
TAG52:3FA20:1	error	0.232063636363636	0.27114406779661
PE(P16:0/22:6)	error	5.22325454545455	5.32664237288136
TAG56:5FA22:4	error	1.2572	1.36194576271186
TAG56:9FA22:6	error	0.626036363636364	0.739820338983051
TAG55:7FA20:3	error	0.280236363636364	0.277247457627119
TAG50:5FA16:0	error	0.208627272727273	0.211254237288136
TAG56:3FA16:0	error	0.162272727272727	0.146013559322034
MAG(18:1)	error	0.143309090909091	0.175445762711864
PC(18:1/18:2)	error	63.6343090909091	63.2908983050847
TAG56:6FA22:5	error	3.30412727272727	4.15210338983051
TAG57:3FA18:2	error	0.247536363636364	0.293701694915254
LCER(18:1)	error	0.274581818181818	0.266513559322034
TAG52:8FA16:1	error	0.145581818181818	0.117705084745763
TAG58:8FA22:6	error	1.82830909090909	2.20955084745763
TAG50:3FA16:0	error	21.8277909090909	23.7038271186441
FFA(24:1)	error	6.27556363636364	6.08465762711864
TAG55:7FA15:0	error	0.0528363636363636	0.0547169491525424
DAG(16:1/18:3)	error	0.0587454545454545	0.0625864406779661
CER(20:0)	error	0.109554545454545	0.107345762711864
PC(18:2/20:5)	error	1.35508181818182	1.29282711864407
TAG52:5FA18:3	error	9.53946363636364	12.756286440678
TAG51:0FA18:0	error	0.507672727272727	0.37761186440678
TAG55:3FA18:2	error	0.320581818181818	0.3565
TAG42:2FA18:2	error	0.278	0.609818644067797
PC(14:0/18:2)	error	5.48279090909091	5.40648644067797
TAG50:3FA14:0	error	13.4966181818182	15.8596694915254
TAG54:5FA20:2	error	0.264072727272727	0.354145762711864
FFA(20:3)	error	2.07582727272727	2.18997288135593
TAG56:6FA16:0	error	2.64183636363636	3.25153050847458
PI(16:0/18:1)	error	1.70650909090909	1.35460508474576
TAG52:3FA18:3	error	2.10919090909091	2.38689322033898
TAG58:10FA18:2	error	0.305390909090909	0.354240677966102
LPC(16:0)	error	68.6465909090909	74.6544457627119
TAG44:2FA16:1	error	0.268072727272727	0.198233898305085
TAG56:10FA18:2	error	0.247263636363636	0.279391525423729
TAG56:5FA18:0	error	1.45776363636364	1.72177796610169
DAG(14:0/20:0)	error	0.0956	0.0738745762711864
TAG52:1FA20:1	error	0.587090909090909	0.554227118644068
CE(14:0)	error	27.5549727272727	23.5306813559322
DAG(18:1/22:4)	error	0.0406090909090909	0.0475864406779661
PC(18:0/20:3)	error	24.9119727272727	20.5375779661017
TAG54:2FA18:0	error	19.7426818181818	20.509479661017
TAG56:7FA22:5	error	2.36286363636364	3.09864576271186
PE(18:0/20:3)	error	1.57330909090909	1.44114576271186
TAG51:1FA15:0	error	0.596918181818182	0.489125423728814
TAG58:7FA18:1	error	0.828209090909091	1.04903559322034
PI(18:0/20:3)	error	2.66892727272727	2.44830677966102
TAG51:4FA18:1	error	1.09481818181818	1.14845084745763
TAG52:6FA18:3	error	1.52099090909091	2.15292372881356
TAG44:2FA14:0	error	0.372254545454545	0.62468813559322
TAG50:5FA14:1	error	0.314681818181818	0.32944406779661
TAG54:2FA18:2	error	2.87803636363636	2.81853220338983
TAG48:2FA16:0	error	13.2379	11.7968152542373
TAG56:6FA20:2	error	0.259790909090909	0.350201694915254
TAG56:5FA18:2	error	1.18472727272727	1.52237457627119
CER(16:0)	error	0.427463636363636	0.41306779661017
PC(18:2/18:3)	error	1.27043636363636	1.2941593220339
TAG49:2FA18:2	error	1.68378181818182	1.55953559322034
TAG54:3FA20:1	error	1.49402727272727	1.7977813559322
TAG44:0FA18:0	error	4.03310909090909	4.05587627118644
TAG54:1FA18:0	error	6.13939090909091	5.77842542372881
FFA(20:1)	error	2.87399090909091	6.71556610169492
TAG48:4FA14:0	error	0.258063636363636	0.26868813559322
TAG48:3FA16:1	error	2.25512727272727	2.27616271186441
TAG49:3FA18:3	error	0.186372727272727	0.178181355932203
SM(18:0)	error	29.2268909090909	31.6708983050847
PE(P18:0/18:2)	error	4.77490909090909	4.89671694915254
TAG53:2FA16:0	error	1.18028181818182	1.20535593220339
PC(18:1/18:3)	error	1.10891818181818	1.06750508474576
TAG53:4FA20:4	error	0.170609090909091	0.141542372881356
TAG46:3FA16:0	error	0.326618181818182	0.396815254237288
LPC(18:1)	error	11.4962818181818	11.6623050847458
TAG50:2FA18:1	error	61.2018090909091	59.5812542372881
PI(18:0/18:1)	error	1.75363636363636	1.42863389830508
TAG48:1FA18:1	error	17.8777454545455	15.589913559322
TAG54:4FA18:0	error	8.35951818181818	10.3863220338983
TAG54:6FA16:1	error	0.798545454545455	0.825689830508475
TAG56:6FA20:4	error	6.49087272727273	7.05235254237288
PC(20:0/20:4)	error	1.61925454545455	1.80276440677966
TAG54:1FA20:0	error	1.76473636363636	1.48731186440678
TAG44:2FA18:2	error	0.857936363636364	1.14807966101695
PC(18:0/20:5)	error	8.27774545454545	8.0016
TAG58:7FA22:6	error	0.698572727272727	0.686669491525424
TAG52:3FA22:1	error	0.0954	0.120869491525424
CE(16:1)	error	105.000981818182	91.3492271186441
TAG54:2FA20:1	error	2.26119090909091	2.46117966101695
TAG44:1FA16:0	error	1.84059090909091	1.34117966101695
DAG(16:0/16:1)	error	0.273	0.247866101694915
TAG46:3FA14:1	error	0.194836363636364	0.161237288135593
TAG52:6FA20:4	error	0.773154545454545	0.735928813559322
CE(16:0)	error	328.120618181818	335.906942372881
PE(P18:0/20:3)	error	1.36543636363636	1.24192711864407
DAG(12:0/16:0)	error	0.190372727272727	0.220573728813559
TAG45:0FA14:0	error	0.256645454545455	0.195405084745763
FFA(18:2)	error	57.9679818181818	74.0601271186441
LPE(16:0)	error	0.881518181818182	0.89851186440678
CE(20:1)	error	2.03836363636364	2.25676440677966
DCER(22:0)	error	0.180063636363636	0.157072881355932
PC(14:0/18:1)	error	4.68654545454545	3.97102203389831
PE(18:1/22:6)	error	1.46547272727273	1.44627288135593
TAG48:4FA16:0	error	0.281627272727273	0.260686440677966
TAG54:2FA16:0	error	2.33657272727273	2.40419491525424
TAG58:9FA18:2	error	0.453227272727273	0.591306779661017
TAG52:5FA16:0	error	7.85396363636364	10.3336271186441
FFA(15:0)	error	11.7568090909091	13.0048254237288
TAG52:5FA18:1	error	2.61654545454545	3.43179491525424
TAG54:5FA18:1	error	30.4888636363636	43.2245084745763
FFA(24:0)	error	3.48769090909091	3.38406779661017
TAG54:5FA22:5	error	0.813172727272727	0.788415254237288
TAG58:8FA18:2	error	0.496890909090909	0.625194915254237
TAG44:0FA14:0	error	1.72706363636364	1.52585254237288
PE(P16:0/18:1)	error	0.880336363636364	0.809018644067797
CER(22:0)	error	0.796436363636364	0.712574576271186
TAG52:4FA18:1	error	25.8431	33.9878644067797
TAG58:8FA20:3	error	0.175545454545455	0.172545762711864
PE(18:0/22:5)	error	1.26542727272727	1.33731525423729
TAG47:2FA18:1	error	0.235109090909091	0.199325423728814
CE(22:2)	error	0.163890909090909	0.180084745762712
TAG55:5FA18:2	error	0.328654545454545	0.361984745762712
TAG52:2FA14:0	error	0.236127272727273	0.22714406779661
FFA(22:4)	error	3.03578181818182	3.5072593220339
TAG54:1FA18:1	error	4.92433636363636	4.77122033898305
TAG40:0FA14:0	error	0.3087	0.502457627118644
DAG(16:0/22:5)	error	0.0614727272727273	0.0680254237288136
DAG(18:0/22:6)	error	0.0430227272727273	0.0367457627118644
TAG47:1FA16:0	error	0.620845454545455	0.458206779661017
DAG(18:1/20:5)	error	0.242372727272727	0.264483050847458
TAG54:3FA16:1	error	0.296354545454545	0.344418644067797
MAG(16:0)	error	0.6377	0.645220338983051
PI(16:0/18:2)	error	2.64514545454545	2.28685254237288
CE(22:6)	error	12.3785909090909	12.9400813559322
TAG46:4FA18:2	error	0.272072727272727	0.343003389830508
CE(18:4)	error	1.16078181818182	1.02622542372881
TAG54:2FA20:0	error	0.976363636363636	0.971922033898305
TAG56:6FA20:3	error	1.35962727272727	1.56139491525424
DAG(18:2/22:4)	error	0.0352909090909091	0.044128813559322
DCER(24:0)	error	0.252481818181818	0.216686440677966
TAG58:6FA16:0	error	0.177081818181818	0.15038813559322
PC(16:0/18:2)	error	454.420918181818	492.063230508475
TAG52:3FA18:2	error	139.6757	166.084608474576
TAG48:0FA18:0	error	2.24860909090909	1.94703220338983
TAG58:7FA18:2	error	0.343827272727273	0.400827118644068
TAG50:1FA16:1	error	4.3987	3.66191525423729
LPE(16:1)	error	0.0402454545454545	0.0329135593220339
TAG48:1FA14:1	error	0.431690909090909	0.288094915254237
TAG51:2FA18:2	error	1.92397272727273	1.80490677966102
TAG50:2FA16:0	error	83.5468	83.2561203389831
LCER(14:0)	error	0.204381818181818	0.160537288135593
LPE(22:6)	error	0.220418181818182	0.209357627118644
PE(18:1/20:4)	error	3.65969090909091	4.01556271186441
TAG54:4FA22:4	error	0.339	0.316584745762712
PE(16:0/18:2)	error	1.82430909090909	1.97603898305085
TAG50:4FA18:2	error	5.72081818181818	7.45681694915254
HCER(16:0)	error	0.666072727272727	0.657738983050847
PE(16:0/22:5)	error	0.850409090909091	0.870533898305085
PE(O18:0/18:1)	error	0.165381818181818	0.161467796610169
TAG44:1FA14:1	error	0.248254545454545	0.160689830508475
TAG56:7FA20:5	error	1.56366363636364	1.91983898305085
TAG45:0FA16:0	error	0.362836363636364	0.268754237288136
TAG46:0FA16:0	error	7.1717	6.08006101694915
SM(24:1)	error	62.8864090909091	58.806413559322
TAG52:7FA22:6	error	0.233036363636364	0.245416949152542
CE(20:2)	error	1.90606363636364	1.90993220338983
TAG54:5FA20:5	error	0.411227272727273	0.393569491525424
TAG45:0FA15:0	error	0.209836363636364	0.155774576271186
TAG56:5FA22:5	error	0.452509090909091	0.509669491525424
PC(18:0/16:1)	error	1.35057272727273	1.09908983050847
TAG49:2FA16:0	error	1.92023636363636	1.68902881355932
CE(20:5)	error	25.3365909090909	26.789886440678
HCER(22:1)	error	0.0514909090909091	0.0551983050847458
TAG49:1FA16:0	error	3.94127272727273	3.10458305084746
TAG56:5FA18:1	error	3.50506363636364	4.20335423728814
TAG53:4FA18:3	error	0.357327272727273	0.385438983050847
PC(20:0/18:1)	error	1.27006363636364	1.21884915254237
TAG54:1FA20:1	error	0.344527272727273	0.341418644067797
DAG(12:0/18:1)	error	0.123072727272727	0.165918644067797
PE(P18:0/22:5)	error	2.97235454545455	2.72259491525424
