chemID	pval	/Users/m221138/RA_project/data/filled_qc_data/MLR.clp.sc.ready.ignor.norm.qc.fillna.h.tsv	/Users/m221138/RA_project/data/filled_qc_data/MLR.clp.sc.ready.ignor.norm.qc.fillna.l.tsv
TAG52:0FA20:0	error	0.540327272727273	0.306635294117647
TAG58:6FA22:5	error	0.293663636363636	0.340252941176471
TAG50:1FA20:1	error	0.205945454545455	0.136805882352941
TAG54:6FA20:3	error	0.482563636363636	0.553882352941176
CE(24:0)	error	0.240390909090909	0.269947058823529
LCER(22:0)	error	0.278390909090909	0.199694117647059
TAG48:4FA16:1	error	0.333418181818182	0.270817647058824
TAG51:4FA16:0	error	1.22443636363636	1.18513529411765
PC(16:0/18:1)	error	213.250272727273	189.420535294118
TAG50:3FA14:1	error	1.08361818181818	0.915717647058824
CE(17:0)	error	7.1527	5.99645882352941
TAG56:6FA22:6	error	0.932727272727273	0.860652941176471
PC(18:1/16:1)	error	8.06922727272727	7.21580588235294
TAG53:3FA16:0	error	0.817281818181818	0.739252941176471
TAG54:4FA20:4	error	1.81225454545455	1.71537058823529
DAG(14:0/20:4)	error	0.0408181818181818	0.0289147058823529
CE(18:2)	error	1302.46460909091	1244.94536470588
DAG(14:1/18:1)	error	0.144936363636364	0.152411764705882
DCER(20:0)	error	0.0589636363636364	0.0545647058823529
LCER(20:1)	error	0.0412272727272727	0.0326588235294118
TAG54:3FA16:0	error	3.32043636363636	3.68215882352941
TAG48:3FA14:0	error	2.44288181818182	1.89027647058824
TAG56:1FA18:1	error	0.533409090909091	0.314829411764706
TAG58:9FA18:1	error	0.485709090909091	0.562152941176471
PE(P18:1/22:4)	error	0.918854545454545	0.844729411764706
TAG54:4FA16:0	error	4.64729090909091	4.73074705882353
PC(18:2/16:1)	error	11.3565545454545	10.6520588235294
DAG(14:0/18:1)	error	0.412018181818182	0.335035294117647
TAG46:2FA14:1	error	0.620081818181818	0.330158823529412
TAG52:4FA20:0	error	0.391863636363636	0.457052941176471
PC(18:0/18:2)	error	189.3379	158.761276470588
PE(P16:0/22:4)	error	2.99989090909091	2.61911176470588
TAG50:4FA16:0	error	1.37246363636364	1.19980588235294
DAG(18:1/20:1)	error	0.0913454545454545	0.0971352941176471
LPC(15:0)	error	0.186590909090909	0.172676470588235
TAG48:3FA18:2	error	5.15584545454545	4.04617647058824
TAG52:6FA22:6	error	0.532954545454545	0.367823529411765
TAG56:7FA18:3	error	0.300645454545455	0.365252941176471
PC(18:0/22:6)	error	14.5526818181818	13.4465764705882
SM(26:1)	error	0.5889	0.542947058823529
TAG48:2FA14:0	error	11.0592363636364	7.91844117647059
TAG48:3FA18:1	error	2.98638181818182	2.37282941176471
DAG(16:1/18:2)	error	0.783645454545455	0.818547058823529
TAG53:6FA18:3	error	2.8257	2.90361764705882
PC(16:0/12:0)	error	0.608545454545455	0.465858823529412
TAG51:5FA18:2	error	0.210272727272727	0.183623529411765
PE(P16:0/20:4)	error	10.0108545454545	10.8097470588235
TAG49:1FA16:1	error	0.358281818181818	0.226441176470588
TAG56:5FA20:1	error	0.338527272727273	0.381035294117647
LPE(18:0)	error	1.19883636363636	1.08354117647059
FFA(20:4)	error	4.90374545454545	5.49374705882353
TAG46:1FA14:1	error	1.36405454545455	1.04809411764706
TAG46:3FA14:0	error	0.282527272727273	0.167747058823529
PE(P18:1/22:5)	error	0.985436363636364	0.908288235294118
TAG50:1FA14:0	error	3.67853636363636	2.66937058823529
TAG56:8FA20:4	error	2.12433636363636	2.15315294117647
TAG56:4FA20:1	error	0.860427272727273	1.01515882352941
MAG(18:3)	error	0.0976090909090909	0.0878294117647059
PE(18:0/20:4)	error	14.7403636363636	16.4838764705882
TAG53:2FA18:1	error	6.10676363636364	5.84859411764706
TAG54:7FA22:5	error	0.208145454545455	0.255923529411765
TAG60:12FA22:6	error	0.319790909090909	0.313164705882353
PC(18:0/20:2)	error	1.83268181818182	1.51251176470588
LPC(18:2)	error	7.26264545454545	7.80244117647059
PC(15:0/18:2)	error	1.16052727272727	0.977564705882353
DAG(18:1/18:1)	error	3.23919090909091	3.75253529411765
TAG56:4FA22:4	error	0.156709090909091	0.165717647058824
TAG56:9FA20:5	error	0.651281818181818	0.569188235294118
TAG49:2FA14:0	error	0.460445454545455	0.335888235294118
PC(16:0/18:3)	error	6.50030909090909	5.29324117647059
LPE(22:5)	error	0.149154545454545	0.136494117647059
TAG54:6FA20:5	error	2.49864545454545	2.46937647058824
TAG56:7FA22:6	error	5.7046	6.58509411764706
TAG51:4FA16:1	error	0.252009090909091	0.273523529411765
TAG52:5FA20:5	error	0.724990909090909	0.5748
SM(20:0)	error	41.4019636363636	39.1041882352941
TAG55:5FA20:4	error	0.291572727272727	0.279211764705882
TAG58:6FA20:4	error	0.138654545454545	0.147205882352941
PE(O18:0/20:4)	error	2.0074	2.1517
DAG(18:2/18:3)	error	0.234945454545455	0.280423529411765
TAG48:4FA18:3	error	0.592009090909091	0.451864705882353
TAG52:0FA16:0	error	3.53068181818182	2.43604117647059
TAG58:9FA22:5	error	0.298627272727273	0.400170588235294
TAG58:9FA22:6	error	1.51825454545455	1.96977058823529
PE(P18:1/16:0)	error	0.217027272727273	0.198694117647059
DAG(14:0/18:2)	error	0.351881818181818	0.282288235294118
TAG54:0FA18:0	error	1.07215454545455	0.712594117647059
TAG56:2FA16:0	error	0.266945454545455	0.177464705882353
TAG56:8FA22:5	error	0.381309090909091	0.508411764705882
PC(16:0/20:2)	error	5.34535454545455	5.1402
PC(15:0/18:1)	error	0.886045454545455	0.584973529411765
TAG56:7FA18:2	error	2.67628181818182	3.17202352941176
LPE(18:1)	error	0.747736363636364	0.603664705882353
TAG50:2FA16:1	error	31.1894818181818	26.9762352941176
PC(17:0/18:1)	error	1.38694545454545	1.14893529411765
DAG(16:0/18:1)	error	2.97281818181818	2.55135294117647
LPC(22:5)	error	0.306281818181818	0.326338235294118
TAG46:0FA18:0	error	0.884281818181818	0.445082352941176
PE(18:0/20:5)	error	2.22956363636364	2.21543529411765
LPE(22:4)	error	0.0597181818181818	0.0515588235294118
TAG46:1FA18:1	error	6.1627	3.585
TAG58:10FA20:4	error	0.708009090909091	0.588023529411765
DAG(14:0/16:1)	error	0.0809636363636364	0.0567970588235294
SM(24:0)	error	29.7985	26.2764352941176
TAG53:6FA18:2	error	1.65404545454545	1.67649411764706
HCER(18:0)	error	0.0669909090909091	0.0688117647058824
LPC(20:3)	error	1.80647272727273	1.80164117647059
TAG53:5FA18:2	error	11.1896181818182	11.5317764705882
TAG50:1FA18:0	error	6.39611818181818	4.43611764705882
TAG52:5FA20:3	error	0.323063636363636	0.306817647058824
PE(P16:0/22:5)	error	2.76042727272727	2.69632941176471
TAG44:0FA12:0	error	1.19042727272727	0.500611764705882
TAG55:6FA18:1	error	1.45139090909091	1.45931176470588
PC(20:0/18:2)	error	3.40553636363636	2.96546470588235
PE(P18:0/18:1)	error	1.1827	1.00459411764706
MAG(18:2)	error	0.0999818181818182	0.101258823529412
TAG52:5FA18:2	error	13.7349272727273	16.9556882352941
SM(16:0)	error	179.904527272727	164.170641176471
TAG49:1FA18:1	error	3.28787272727273	2.1795
FFA(14:0)	error	32.8892090909091	34.5577117647059
TAG56:4FA20:4	error	0.4921	0.538947058823529
TAG46:2FA18:2	error	2.69341818181818	1.49108823529412
FFA(16:0)	error	616.632218181818	638.072341176471
TAG52:5FA22:5	error	0.381372727272727	0.341441176470588
PE(P18:1/20:3)	error	0.499036363636364	0.465894117647059
TAG56:8FA18:3	error	0.404209090909091	0.450935294117647
TAG46:3FA16:1	error	0.373190909090909	0.226835294117647
TAG50:1FA18:1	error	57.6191	49.0010764705882
TAG44:0FA16:0	error	3.12270909090909	1.34562941176471
CE(22:5)	error	2.27958181818182	2.29442941176471
TAG49:2FA16:1	error	0.871518181818182	0.682641176470588
TAG53:4FA18:1	error	17.3073727272727	17.5967235294118
TAG52:3FA20:3	error	1.06826363636364	0.835588235294118
TAG49:1FA17:0	error	0.746972727272727	0.455447058823529
TAG56:7FA18:1	error	2.97724545454545	3.34035294117647
TAG50:2FA18:0	error	2.324	1.5769
TAG44:2FA16:0	error	0.699818181818182	0.395817647058824
TAG44:3FA18:2	error	0.213263636363636	0.142502941176471
TAG47:0FA15:0	error	0.469018181818182	0.250052941176471
TAG54:7FA16:1	error	0.558036363636364	0.545911764705882
TAG52:3FA20:2	error	0.628063636363636	0.609323529411765
TAG52:5FA16:1	error	6.55420909090909	8.61612352941176
TAG51:2FA15:0	error	2.53305454545455	2.23892352941176
TAG54:7FA20:4	error	1.25687272727273	1.32738235294118
PE(P18:1/18:2)	error	1.92643636363636	1.75404705882353
TAG52:1FA16:1	error	0.506763636363636	0.427117647058824
TAG47:1FA15:0	error	0.528081818181818	0.302982352941176
TAG50:5FA14:0	error	0.612563636363636	0.548188235294118
TAG55:1FA16:0	error	0.827309090909091	1.00272941176471
TAG56:3FA18:0	error	0.437154545454545	0.406823529411765
TAG50:2FA14:0	error	14.6971454545455	13.3456529411765
TAG56:2FA18:1	error	1.83344545454545	1.64930588235294
TAG51:3FA18:2	error	3.97671818181818	3.77796470588235
PC(16:0/16:1)	error	11.2907818181818	8.36585882352941
TAG51:1FA16:0	error	3.45188181818182	2.4051
TAG52:3FA18:1	error	162.245736363636	182.663005882353
TAG56:4FA18:1	error	2.10489090909091	2.50062941176471
TAG54:4FA20:1	error	0.263790909090909	0.305788235294118
TAG56:7FA18:0	error	0.227545454545455	0.232082352941176
TAG54:4FA18:3	error	2.10697272727273	1.99438823529412
TAG56:7FA20:3	error	0.613581818181818	0.669782352941176
PE(18:0/18:1)	error	2.17522727272727	1.79822941176471
TAG50:4FA14:1	error	0.701490909090909	0.647170588235294
TAG47:2FA18:2	error	0.319109090909091	0.197323529411765
TAG50:5FA18:1	error	0.189463636363636	0.168694117647059
TAG53:4FA18:0	error	1.11564545454545	1.11240588235294
PC(16:0/20:3)	error	64.3976272727273	56.0828058823529
TAG56:6FA18:2	error	2.07584545454545	2.53408235294118
PC(14:0/20:4)	error	3.67270909090909	3.60245294117647
PC(18:1/22:5)	error	1.28099545454545	1.20486470588235
LCER(24:1)	error	0.366954545454545	0.276482352941176
DAG(15:0/18:1)	error	0.130909090909091	0.0981764705882353
TAG45:1FA16:0	error	0.194145454545455	0.0977411764705882
TAG56:4FA20:3	error	0.637527272727273	0.682011764705882
TAG60:10FA22:6	error	0.185618181818182	0.219682352941176
TAG54:5FA22:1	error	0.1929	0.227270588235294
PE(16:0/22:6)	error	4.49734545454545	4.41178823529412
LPE(18:2)	error	0.462354545454545	0.383058823529412
TAG54:6FA20:4	error	7.55388181818182	8.32767058823529
TAG54:2FA18:1	error	32.7415636363636	31.6224411764706
TAG56:8FA16:1	error	0.265009090909091	0.357317647058824
TAG58:9FA20:4	error	0.795809090909091	0.748511764705882
PE(16:0/18:1)	error	0.991663636363636	0.788535294117647
DAG(16:1/16:1)	error	0.0911545454545454	0.0895294117647059
PC(18:1/22:6)	error	3.78663636363636	3.36061470588235
TAG52:4FA20:2	error	0.1978	0.224517647058824
TAG42:0FA16:0	error	1.25628181818182	0.596911764705882
TAG52:2FA20:1	error	0.572609090909091	0.499105882352941
TAG52:4FA16:1	error	17.4406727272727	22.5572470588235
TAG58:8FA22:5	error	0.658636363636364	0.880605882352941
TAG56:8FA16:0	error	1.05096363636364	1.28130588235294
FFA(20:2)	error	1.80617272727273	1.99716470588235
TAG46:3FA18:1	error	0.508663636363636	0.407311764705882
TAG50:4FA20:4	error	0.598527272727273	0.412935294117647
TAG53:2FA17:0	error	3.15946363636364	3.00515882352941
PE(18:1/18:2)	error	2.05708181818182	1.75000588235294
TAG51:1FA17:0	error	2.86348181818182	2.02222352941176
TAG54:2FA20:2	error	0.274354545454545	0.277723529411765
TAG56:6FA18:1	error	4.7497	5.52572941176471
FFA(22:1)	error	11.8414363636364	12.2386
LPC(16:1)	error	1.07416363636364	0.970017647058824
PC(14:0/20:3)	error	1.04715454545455	0.822155882352941
TAG48:3FA12:0	error	2.38423636363636	1.915
TAG54:6FA16:0	error	3.27783636363636	3.29518235294118
TAG46:0FA14:0	error	3.84868181818182	2.03864705882353
FFA(22:5)	error	4.46304545454545	4.49609411764706
TAG56:2FA20:1	error	0.363372727272727	0.331241176470588
TAG58:5FA18:1	error	0.178181818181818	0.195
TAG50:4FA20:3	error	0.133663636363636	0.0979941176470588
TAG52:1FA20:0	error	0.409081818181818	0.274729411764706
PE(O18:0/22:5)	error	0.477090909090909	0.401182352941176
TAG53:7FA18:3	error	0.338045454545455	0.340058823529412
TAG50:3FA18:0	error	0.385845454545455	0.249811764705882
TAG46:3FA18:3	error	0.295236363636364	0.160629411764706
TAG54:7FA18:1	error	0.701481818181818	0.776235294117647
TAG55:4FA18:2	error	0.461418181818182	0.375023529411765
PE(P18:0/22:6)	error	8.24673636363636	7.90754117647059
FFA(18:1)	error	105.671	125.715105882353
TAG50:5FA20:4	error	0.323163636363636	0.228294117647059
TAG53:3FA18:1	error	10.6901090909091	11.1215647058824
TAG50:5FA16:1	error	0.260754545454545	0.267147058823529
TAG50:4FA16:1	error	2.25276363636364	2.37818235294118
TAG52:4FA20:4	error	2.69678181818182	2.36924705882353
PC(18:1/20:5)	error	1.94054545454545	1.80715
DAG(18:2/20:4)	error	0.412072727272727	0.4565
TAG54:7FA18:2	error	3.78415454545455	4.22121764705882
TAG56:7FA22:4	error	0.137445454545455	0.176964705882353
DAG(18:2/22:6)	error	0.110218181818182	0.140723529411765
TAG49:2FA15:0	error	1.6643	1.19312941176471
TAG46:3FA12:0	error	0.413481818181818	0.244811764705882
TAG47:0FA16:0	error	1.06916363636364	0.563676470588235
PC(18:2/18:2)	error	16.1681545454545	12.5216
PC(18:2/20:3)	error	2.35629090909091	1.95858235294118
CE(15:0)	error	6.95541818181818	5.37398823529412
TAG54:1FA16:0	error	1.07593636363636	0.652547058823529
TAG49:2FA17:0	error	0.323918181818182	0.200970588235294
TAG54:8FA18:3	error	0.539927272727273	0.5587
DAG(16:1/18:0)	error	0.210545454545455	0.199305882352941
PC(16:0/18:0)	error	14.3048181818182	12.4593588235294
TAG54:5FA18:3	error	6.72097272727273	8.12608235294118
LPE(20:3)	error	0.170118181818182	0.135452941176471
TAG55:1FA18:1	error	0.604345454545455	0.561170588235294
TAG55:2FA18:2	error	0.453781818181818	0.424405882352941
PC(18:0/20:4)	error	84.5535545454545	95.3307588235294
TAG54:5FA20:3	error	2.87161818181818	3.12810588235294
TAG56:3FA20:1	error	1.01645454545455	1.19310588235294
TAG48:3FA14:1	error	1.58680909090909	1.02517058823529
TAG56:8FA20:5	error	1.38154545454545	1.22626470588235
DAG(14:0/16:0)	error	0.304509090909091	0.178794117647059
SM(26:0)	error	0.332718181818182	0.278952941176471
TAG51:4FA18:2	error	1.60981818181818	1.61621176470588
TAG56:7FA16:0	error	2.43067272727273	3.00502352941176
TAG48:4FA18:2	error	1.45334545454545	1.23788235294118
TAG50:5FA18:3	error	0.687245454545454	0.635094117647059
TAG53:0FA16:0	error	0.821818181818182	0.755441176470588
TAG44:1FA16:1	error	0.701781818181818	0.299488235294118
TAG60:11FA22:6	error	0.272381818181818	0.285394117647059
LPC(20:0)	error	0.3664	0.375964705882353
TAG52:4FA14:0	error	0.437436363636364	0.369041176470588
TAG53:6FA18:1	error	2.87895454545455	2.86511764705882
PI(18:1/18:2)	error	1.10815454545455	0.807194117647059
TAG52:4FA18:0	error	0.331690909090909	0.299023529411765
PE(18:1/20:3)	error	0.327681818181818	0.271688235294118
MAG(16:1)	error	0.0516727272727273	0.0517
SM(22:0)	error	57.0650272727273	48.9254
TAG55:8FA20:4	error	0.384545454545455	0.402576470588235
TAG58:6FA18:1	error	0.536027272727273	0.603994117647059
TAG56:5FA16:0	error	1.20558181818182	1.30447647058824
DAG(18:2/20:5)	error	0.157309090909091	0.145305882352941
TAG58:2FA18:1	error	0.493218181818182	0.491176470588235
CE(22:0)	error	0.814363636363636	0.718964705882353
TAG54:5FA22:4	error	0.339090909090909	0.314711764705882
TAG58:3FA18:1	error	0.309718181818182	0.282276470588235
TAG56:3FA20:2	error	0.201336363636364	0.214094117647059
TAG52:2FA18:2	error	21.2914909090909	20.2581941176471
TAG53:4FA16:0	error	0.285118181818182	0.254535294117647
LCER(22:1)	error	0.0753727272727273	0.0623470588235294
LPC(20:4)	error	2.09907272727273	2.73192352941176
TAG48:2FA12:0	error	2.83070909090909	2.1576
TAG58:7FA22:4	error	0.245881818181818	0.294911764705882
PC(18:0/18:0)	error	1.20343636363636	1.02045882352941
CE(18:3)	error	51.1565363636364	39.5293588235294
TAG51:4FA20:4	error	0.173409090909091	0.123011764705882
TAG56:4FA20:2	error	0.661063636363636	0.792994117647059
DAG(15:0/18:2)	error	0.324927272727273	0.120764705882353
TAG46:1FA16:0	error	6.81865454545455	3.28119411764706
DAG(16:0/16:0)	error	0.878518181818182	0.638570588235294
TAG54:5FA18:2	error	38.0739	44.7254705882353
TAG42:1FA12:0	error	0.484772727272727	0.316867647058824
DAG(18:1/20:2)	error	0.142554545454545	0.161441176470588
TAG52:7FA16:0	error	0.579345454545455	0.380370588235294
TAG55:5FA18:1	error	0.315563636363636	0.299352941176471
TAG52:2FA20:0	error	0.185154545454545	0.150217647058824
TAG46:1FA14:0	error	4.71856363636364	2.64277058823529
DAG(16:1/20:2)	error	0.0718454545454545	0.0674647058823529
TAG53:5FA18:1	error	8.99972727272727	9.14773529411765
CER(18:0)	error	0.105909090909091	0.114617647058824
CE(24:1)	error	0.436963636363636	0.485647058823529
PC(18:2/20:4)	error	9.72092727272727	9.82188823529412
PC(16:0/16:0)	error	16.3526909090909	14.5198
TAG50:6FA20:4	error	0.129772727272727	0.0947058823529412
TAG52:2FA18:0	error	16.5767363636364	14.1168705882353
TAG55:2FA18:1	error	0.544536363636364	0.424911764705882
CER(24:1)	error	0.5962	0.612629411764706
PE(18:0/18:2)	error	7.3598	6.73835882352941
TAG52:0FA18:0	error	4.99246363636364	3.69765882352941
TAG50:4FA14:0	error	3.97599090909091	3.93959411764706
TAG52:2FA20:2	error	0.488554545454545	0.426658823529412
TAG58:6FA18:0	error	0.257336363636364	0.280670588235294
TAG55:6FA20:4	error	0.381436363636364	0.383723529411765
PE(P18:0/22:4)	error	3.06449090909091	2.69821176470588
TAG51:2FA18:1	error	7.81418181818182	7.00002352941176
TAG50:2FA18:2	error	31.2606727272727	27.5227529411765
TAG53:3FA18:2	error	3.27451818181818	3.26776470588235
CER(24:0)	error	2.07490909090909	1.71373529411765
DCER(22:1)	error	0.0673363636363636	0.0626058823529412
TAG46:2FA12:0	error	2.28824545454545	1.203
SM(22:1)	error	34.1290818181818	32.4187235294118
TAG48:1FA16:0	error	25.6153909090909	16.1673294117647
TAG56:3FA18:2	error	0.587236363636364	0.469352941176471
DAG(18:2/22:5)	error	0.0798909090909091	0.108041176470588
TAG57:9FA22:6	error	3.47235454545455	3.53079411764706
PC(18:1/18:1)	error	13.8246545454545	12.4156352941176
TAG52:4FA22:4	error	0.136409090909091	0.1193
PI(16:0/20:3)	error	0.489527272727273	0.341488235294118
TAG50:2FA20:2	error	0.174981818181818	0.125835294117647
TAG58:10FA22:6	error	0.687018181818182	0.953782352941177
TAG54:4FA22:1	error	0.1846	0.230829411764706
TAG42:0FA14:0	error	0.792009090909091	0.342547058823529
TAG47:0FA17:0	error	0.259390909090909	0.159270588235294
TAG48:2FA16:1	error	6.35470909090909	4.56743529411765
TAG54:3FA20:2	error	2.03737272727273	2.31077058823529
TAG42:1FA16:1	error	0.236627272727273	0.121764705882353
FFA(18:4)	error	2.92225454545455	3.105
DAG(16:0/22:6)	error	0.0741818181818182	0.0593
SM(14:0)	error	18.8468818181818	16.0456823529412
TAG47:1FA16:1	error	0.294836363636364	0.1675
TAG51:4FA15:0	error	0.906981818181818	0.854217647058824
TAG47:2FA16:1	error	0.1362	0.0855
PC(16:0/22:6)	error	52.9872545454545	55.3103176470588
LPC(17:0)	error	0.635363636363636	0.665952941176471
TAG55:3FA18:1	error	0.8636	0.756605882352941
TAG46:3FA18:2	error	0.892572727272727	0.621076470588235
TAG53:1FA17:0	error	0.736409090909091	0.551523529411765
HCER(24:0)	error	0.788854545454545	0.673070588235294
TAG53:6FA20:4	error	0.154818181818182	0.133305882352941
TAG54:3FA18:2	error	18.9417818181818	18.7392117647059
TAG48:5FA18:3	error	0.176827272727273	0.133935294117647
TAG50:2FA14:1	error	0.356363636363636	0.233464705882353
TAG52:4FA22:1	error	0.127936363636364	0.1531
TAG52:1FA16:0	error	31.3942727272727	27.8933235294118
TAG54:4FA16:1	error	0.464	0.563958823529412
TAG48:4FA12:0	error	0.828427272727273	0.689511764705882
TAG58:7FA16:0	error	0.254109090909091	0.187723529411765
TAG51:2FA16:0	error	4.86577272727273	3.97875294117647
TAG56:6FA18:3	error	0.197981818181818	0.219482352941176
LCER(16:0)	error	3.91083636363636	3.21068823529412
TAG52:6FA18:2	error	1.33535454545455	1.58987058823529
DCER(22:2)	error	0.0977727272727273	0.0892294117647059
DAG(18:0/18:3)	error	0.0659909090909091	0.0552823529411765
TAG48:2FA18:2	error	9.04242727272727	6.32531176470588
LPC(20:1)	error	0.321509090909091	0.310017647058824
TAG54:8FA20:5	error	0.341218181818182	0.338082352941177
FFA(22:0)	error	5.79472727272727	6.15085294117647
TAG53:1FA18:1	error	1.22320909090909	0.978829411764706
TAG55:6FA20:3	error	2.14968181818182	2.1904
TAG51:4FA18:3	error	0.428663636363636	0.365270588235294
TAG58:10FA22:5	error	0.0857909090909091	0.111464705882353
CE(20:0)	error	0.773790909090909	0.811505882352941
FFA(14:1)	error	3.30755454545455	3.11261176470588
TAG48:1FA16:1	error	5.17107272727273	3.23737647058824
TAG53:2FA18:0	error	1.07754545454545	0.893311764705882
TAG54:6FA18:2	error	16.4414090909091	18.5849176470588
FFA(12:0)	error	9.27123636363636	9.47616470588235
TAG51:1FA18:0	error	0.890545454545455	0.577523529411765
DAG(18:1/22:6)	error	0.154827272727273	0.169717647058824
DAG(18:1/20:3)	error	0.233627272727273	0.246794117647059
CE(20:3)	error	29.7991363636364	27.1089823529412
TAG36:0FA12:0	error	0.0795	0.082214705882353
TAG53:2FA18:2	error	0.691227272727273	0.535147058823529
TAG53:1FA16:0	error	0.557209090909091	0.4004
DAG(16:0/18:3)	error	0.163818181818182	0.141217647058824
PC(18:2/22:6)	error	1.92770909090909	1.73374117647059
PC(16:0/20:5)	error	17.0889636363636	14.8496529411765
TAG47:2FA14:0	error	0.249563636363636	0.151623529411765
PE(18:0/22:6)	error	5.40639090909091	5.33119411764706
HCER(24:1)	error	0.461381818181818	0.460111764705882
PI(18:0/16:0)	error	0.162045454545455	0.146723529411765
TAG53:4FA18:2	error	3.1609	3.40208235294118
TAG54:5FA16:1	error	0.682827272727273	0.751958823529412
PE(16:0/20:4)	error	2.50420909090909	2.53982352941176
TAG52:1FA18:0	error	25.2833454545455	21.4498529411765
PI(18:1/18:1)	error	1.6796	1.12789411764706
TAG54:5FA20:4	error	10.5154636363636	11.0131647058824
DAG(18:1/18:2)	error	7.03440909090909	8.55958235294118
TAG56:8FA18:2	error	1.79826363636364	2.02921764705882
TAG56:8FA18:1	error	0.738881818181818	0.704529411764706
TAG46:1FA16:1	error	1.96244545454545	1.016
TAG53:5FA18:3	error	0.424518181818182	0.432317647058824
DAG(18:0/18:1)	error	0.681545454545455	0.601717647058824
TAG42:1FA14:0	error	0.300163636363636	0.172
DAG(16:0/18:0)	error	0.851027272727273	0.635488235294118
TAG46:2FA16:1	error	1.305	0.744341176470588
TAG56:7FA16:1	error	0.245972727272727	0.323494117647059
PC(18:0/22:5)	error	5.21955454545455	4.62978823529412
TAG47:1FA17:0	error	0.179154545454545	0.0984647058823529
TAG49:0FA17:0	error	0.682563636363636	0.393994117647059
PC(18:0/22:4)	error	1.95418181818182	1.81224117647059
TAG54:8FA22:6	error	0.407827272727273	0.473641176470588
LCER(20:0)	error	0.0786	0.0623764705882353
TAG44:1FA14:0	error	1.22005454545455	0.639876470588235
TAG50:3FA20:3	error	0.378745454545455	0.236764705882353
TAG54:5FA18:0	error	1.2892	1.10411176470588
TAG48:1FA14:0	error	16.1160272727273	10.7324117647059
TAG40:0FA12:0	error	0.327545454545455	0.151317647058824
DAG(16:0/20:4)	error	0.237190909090909	0.211564705882353
TAG52:6FA16:1	error	1.0237	1.25261764705882
TAG54:0FA16:0	error	0.381427272727273	0.1886
CE(22:1)	error	0.2335	0.242947058823529
DAG(16:0/20:3)	error	0.101454545454545	0.0834647058823529
TAG52:4FA20:3	error	1.17502727272727	1.02318823529412
TAG51:3FA16:1	error	0.7178	0.696229411764706
TAG52:3FA20:0	error	0.373745454545455	0.414758823529412
TAG47:1FA18:1	error	0.622136363636364	0.383352941176471
TAG53:3FA17:0	error	3.14024545454545	3.20130588235294
TAG54:7FA20:5	error	1.91091818181818	1.96010588235294
TAG56:6FA20:5	error	0.553754545454545	0.487482352941176
TAG50:0FA18:0	error	7.18930909090909	4.93681176470588
TAG50:4FA18:1	error	1.39255454545455	1.25925294117647
PE(18:1/22:5)	error	0.455527272727273	0.429911764705882
TAG46:2FA18:1	error	1.89876363636364	1.37369411764706
TAG47:1FA14:0	error	0.5899	0.350282352941176
PC(18:0/18:1)	error	35.1759181818182	27.3711529411765
TAG50:0FA16:0	error	17.2118636363636	12.7400294117647
TAG54:6FA22:6	error	1.66006363636364	1.18839411764706
TAG56:7FA20:4	error	4.86798181818182	5.22559411764706
TAG52:4FA16:0	error	57.3851636363636	66.1127705882353
TAG42:1FA16:0	error	0.544554545454546	0.270997058823529
LPC(22:6)	error	0.312845454545455	0.400920588235294
PI(18:0/20:2)	error	0.246731818181818	0.197288235294118
TAG52:2FA18:1	error	244.833009090909	252.739535294118
TAG52:3FA16:1	error	19.0466636363636	22.2233470588235
TAG51:3FA18:3	error	0.2026	0.131923529411765
TAG52:7FA18:1	error	0.248309090909091	0.199458823529412
DAG(18:1/22:5)	error	0.118072727272727	0.151582352941176
TAG56:5FA20:2	error	0.566527272727273	0.700447058823529
TAG46:1FA18:0	error	0.360945454545455	0.221697058823529
TAG56:5FA20:4	error	3.24547272727273	4.1468
TAG56:2FA20:0	error	0.852654545454545	0.759247058823529
DAG(18:0/18:2)	error	0.773772727272727	0.670058823529412
DAG(16:0/20:5)	error	0.0893727272727273	0.0632647058823529
PC(18:1/20:3)	error	6.53182727272727	5.60024117647059
DAG(14:1/16:0)	error	0.101927272727273	0.122805882352941
TAG48:5FA18:2	error	0.179109090909091	0.1327
TAG54:3FA18:0	error	19.6442	19.1851529411765
TAG49:3FA16:0	error	0.249672727272727	0.171482352941176
TAG49:3FA16:1	error	0.345581818181818	0.2988
FFA(20:0)	error	10.9146545454545	11.1832470588235
PE(P18:1/18:1)	error	0.710027272727273	0.590429411764706
TAG54:8FA20:4	error	0.1895	0.169994117647059
CE(14:1)	error	1.46083636363636	0.785405882352941
SM(20:1)	error	7.5708	8.08794117647059
TAG51:0FA16:0	error	0.781654545454545	0.488711764705882
DCER(16:0)	error	0.104772727272727	0.0824411764705882
TAG56:6FA18:0	error	1.05176363636364	1.26006470588235
TAG48:4FA18:1	error	0.336690909090909	0.264735294117647
TAG50:1FA16:0	error	101.300745454545	82.9322764705882
TAG52:5FA14:0	error	0.440163636363636	0.378270588235294
PE(P16:0/18:2)	error	2.42498181818182	2.13895294117647
PE(P18:0/20:5)	error	2.98583636363636	2.27994117647059
CE(18:0)	error	38.7644727272727	33.7942529411765
PI(18:0/20:4)	error	20.7514272727273	21.8127294117647
TAG49:1FA14:0	error	0.481590909090909	0.290752941176471
PE(O16:0/20:4)	error	0.832772727272727	0.995341176470588
TAG53:3FA18:0	error	7.91500909090909	7.88411764705882
TAG56:5FA20:3	error	1.68375454545455	1.89077058823529
TAG48:0FA14:0	error	2.71638181818182	1.62665882352941
FFA(17:0)	error	221.184745454545	77.7936588235294
TAG50:5FA20:5	error	0.206254545454545	0.152870588235294
PC(16:0/14:0)	error	2.28730909090909	1.33219411764706
TAG48:2FA18:0	error	0.501636363636364	0.288423529411765
TAG50:5FA18:2	error	0.748163636363636	0.650352941176471
TAG52:7FA20:5	error	0.213854545454545	0.183017647058824
TAG48:1FA18:0	error	1.40506363636364	0.857452941176471
TAG56:6FA22:4	error	0.909672727272727	1.09629411764706
TAG52:2FA16:1	error	4.13355454545455	4.07796470588235
TAG49:0FA15:0	error	0.430481818181818	0.246229411764706
TAG46:1FA12:0	error	3.89911818181818	1.91345294117647
TAG51:3FA15:0	error	2.33197272727273	2.26282941176471
TAG54:7FA18:3	error	2.57459090909091	2.96587058823529
TAG57:2FA18:1	error	0.399772727272727	0.476611764705882
PC(16:0/20:1)	error	0.968409090909091	0.883255882352941
TAG38:0FA12:0	error	0.139709090909091	0.107923529411765
TAG49:0FA18:0	error	0.439181818181818	0.231070588235294
TAG51:2FA16:1	error	0.709836363636364	0.601023529411765
TAG54:3FA18:1	error	99.3428272727273	119.073717647059
TAG54:3FA20:3	error	0.611345454545455	0.540647058823529
TAG58:7FA18:0	error	0.291545454545455	0.300541176470588
DCER(24:1)	error	0.171509090909091	0.151758823529412
DAG(16:1/18:1)	error	0.7632	0.788423529411765
LPE(20:1)	error	0.0361090909090909	0.0302529411764706
DAG(14:0/14:0)	error	0.0386636363636364	0.0212058823529412
TAG48:2FA14:1	error	2.69711818181818	1.65055882352941
TAG56:9FA18:3	error	0.264836363636364	0.278217647058824
PE(18:0/18:0)	error	0.391536363636364	0.390347058823529
TAG50:3FA16:1	error	20.0568545454545	19.3668529411765
TAG51:1FA18:1	error	3.6185	2.65731764705882
TAG52:1FA18:1	error	37.9102	36.1927764705882
PI(18:0/18:2)	error	5.87242727272727	4.91247647058823
TAG49:1FA15:0	error	2.35597272727273	1.50243529411765
PE(P18:1/20:4)	error	8.89865454545455	10.1580470588235
TAG51:0FA17:0	error	0.506054545454545	0.313541176470588
TAG48:3FA16:0	error	2.33427272727273	1.49954705882353
CE(12:0)	error	1.38062727272727	0.655405882352941
TAG53:1FA18:0	error	0.765654545454545	0.517335294117647
CE(18:1)	error	525.505154545455	469.405341176471
PE(P18:0/20:4)	error	22.6856454545455	24.8864411764706
TAG54:3FA18:3	error	0.536554545454545	0.421741176470588
TAG54:4FA18:1	error	79.7921454545454	97.7090941176471
TAG58:8FA20:4	error	0.447890909090909	0.4693
PE(18:0/22:4)	error	1.02361818181818	0.912529411764706
TAG44:2FA18:1	error	0.425218181818182	0.322447058823529
PE(16:0/20:3)	error	0.289727272727273	0.202535294117647
TAG46:2FA14:0	error	1.75721818181818	1.07678823529412
PE(18:2/16:1)	error	0.305663636363636	0.281829411764706
TAG56:4FA16:0	error	0.291490909090909	0.275258823529412
DAG(18:1/20:4)	error	0.631127272727273	0.665864705882353
TAG52:3FA18:0	error	2.9887	2.64355882352941
TAG58:10FA20:5	error	0.257190909090909	0.203641176470588
PC(18:0/18:3)	error	2.22671818181818	1.51238823529412
TAG55:7FA18:1	error	1.09592727272727	1.02224117647059
TAG60:11FA22:5	error	0.0986454545454546	0.103835294117647
DAG(18:2/20:3)	error	0.152990909090909	0.165229411764706
TAG40:0FA16:0	error	0.4294	0.231194117647059
TAG54:5FA16:0	error	5.15963636363636	5.14706470588235
TAG58:6FA22:4	error	0.287190909090909	0.367758823529412
TAG56:4FA18:2	error	0.9342	1.01628823529412
PE(O16:0/22:5)	error	0.485354545454545	0.511873529411765
PE(O18:0/22:6)	error	1.12596363636364	1.12898823529412
SM(18:1)	error	9.32162727272727	10.9221176470588
TAG51:5FA18:3	error	0.176236363636364	0.161823529411765
TAG54:6FA22:5	error	0.745718181818182	0.808170588235294
TAG56:4FA18:0	error	0.825872727272727	0.862947058823529
TAG51:3FA18:1	error	8.8602	8.83659411764706
LPC(18:0)	error	26.3925	25.9845647058824
FFA(20:5)	error	8.4483	8.64130588235294
TAG54:6FA18:1	error	6.16335454545455	7.45064117647059
TAG52:6FA18:1	error	0.286263636363636	0.298570588235294
PC(18:2/20:2)	error	0.415422727272727	0.456826470588235
PC(16:0/22:5)	error	19.2340545454545	19.5163411764706
TAG45:1FA15:0	error	0.142972727272727	0.0691294117647059
TAG50:3FA18:3	error	3.21335454545455	2.59885294117647
TAG48:1FA12:0	error	0.818109090909091	0.513594117647059
TAG52:6FA20:5	error	0.654872727272727	0.553917647058824
TAG53:5FA20:4	error	0.327763636363636	0.276117647058824
CE(20:4)	error	196.490590909091	226.824582352941
CER(22:1)	error	0.0503909090909091	0.0445176470588235
MAG(18:0)	error	1.03394545454545	1.0768
TAG48:3FA18:3	error	1.05865454545455	0.657723529411765
FFA(18:0)	error	450.761163636364	464.859411764706
TAG52:4FA18:2	error	90.0178	108.321823529412
TAG42:1FA18:1	error	0.533972727272727	0.429435294117647
TAG60:10FA22:5	error	0.104981818181818	0.125035294117647
DCER(26:0)	error	0.132554545454545	0.141485294117647
LCER(18:0)	error	0.145363636363636	0.131911764705882
TAG42:0FA12:0	error	0.631663636363636	0.243861764705882
TAG51:3FA17:0	error	0.481081818181818	0.401617647058824
TAG52:6FA16:0	error	0.698445454545454	0.637747058823529
CE(22:4)	error	0.491063636363636	0.455876470588235
TAG48:4FA14:1	error	0.274863636363636	0.201394117647059
TAG50:3FA18:1	error	18.3155181818182	17.7851882352941
TAG53:4FA17:0	error	1.24622727272727	1.22882941176471
PC(16:0/20:4)	error	187.627018181818	223.090335294118
TAG44:1FA18:1	error	1.70574545454545	1.16531176470588
TAG48:0FA16:0	error	17.6182	11.6415882352941
DAG(16:1/20:4)	error	0.0688636363636364	0.0663705882352941
PC(17:0/18:2)	error	2.76242727272727	2.58506470588235
TAG54:4FA18:2	error	49.3858090909091	57.2963823529412
TAG50:0FA14:0	error	0.522	0.317064705882353
TAG58:7FA20:4	error	0.214081818181818	0.231782352941176
TAG52:4FA18:3	error	14.5990545454545	15.6161411764706
FFA(16:1)	error	14.6008727272727	17.3138941176471
TAG51:3FA16:0	error	10.1397454545455	9.95012352941177
TAG50:4FA18:3	error	2.00779090909091	1.78594117647059
TAG54:4FA20:3	error	4.2651	4.21925882352941
PE(O18:0/18:2)	error	0.478672727272727	0.395552941176471
PC(18:1/20:2)	error	0.7806	0.644032352941176
TAG49:2FA18:1	error	1.3252	1.04538235294118
PC(18:1/20:4)	error	23.7475	26.0984823529412
TAG47:0FA14:0	error	0.2633	0.137141176470588
TAG52:8FA18:2	error	0.172772727272727	0.1349
FFA(22:6)	error	4.70810909090909	4.72650588235294
TAG47:2FA15:0	error	0.248718181818182	0.147864705882353
TAG48:2FA18:1	error	10.8079090909091	8.19856470588235
TAG55:4FA18:1	error	0.586218181818182	0.534358823529412
TAG52:3FA14:0	error	0.298054545454545	0.269576470588235
TAG46:2FA16:0	error	2.53474545454545	1.25524117647059
TAG54:4FA20:2	error	1.3956	1.65481764705882
TAG48:4FA20:4	error	0.2132	0.132247058823529
TAG56:3FA18:1	error	1.8941	2.07211764705882
TAG54:7FA22:6	error	1.41222727272727	1.37623529411765
TAG49:3FA18:2	error	0.658836363636364	0.543688235294118
TAG52:3FA16:0	error	151.400227272727	170.521717647059
TAG54:8FA18:2	error	0.409581818181818	0.437629411764706
TAG54:6FA18:3	error	6.09162727272727	7.39308823529412
TAG56:8FA22:6	error	4.22561818181818	5.3872
TAG58:8FA18:1	error	0.791654545454545	1.02596470588235
TAG55:7FA22:6	error	0.1931	0.201617647058824
DAG(14:0/18:3)	error	0.0339272727272727	0.0285058823529412
PC(16:0/22:4)	error	5.96445454545455	5.83038235294118
TAG56:9FA20:4	error	0.532181818181818	0.493441176470588
TAG57:8FA22:6	error	0.235536363636364	0.276176470588235
TAG56:2FA18:0	error	0.383427272727273	0.302688235294118
PC(17:0/20:4)	error	1.9182	2.49232352941176
LPC(20:2)	error	0.344772727272727	0.361629411764706
TAG45:1FA18:1	error	0.194363636363636	0.119641176470588
TAG52:5FA20:4	error	2.59859090909091	2.24472352941176
PE(18:1/18:1)	error	0.732745454545455	0.554758823529412
PE(P18:1/22:6)	error	3.98562727272727	3.63976470588235
PI(16:0/20:4)	error	2.48631818181818	2.04815882352941
TAG49:3FA15:0	error	0.372454545454545	0.295888235294118
TAG51:2FA18:0	error	0.508781818181818	0.385205882352941
LPE(20:4)	error	0.3825	0.405994117647059
TAG44:2FA12:0	error	0.403509090909091	0.203211764705882
TAG56:1FA16:0	error	0.287663636363636	0.168341176470588
MAG(15:0)	error	0.148218181818182	0.118776470588235
DAG(16:0/18:2)	error	2.28188181818182	2.13775294117647
HCER(20:0)	error	0.0912636363636364	0.0903823529411765
LCER(24:0)	error	0.231218181818182	0.162494117647059
TAG49:0FA16:0	error	1.6059	0.901752941176471
TAG50:3FA18:2	error	31.0988	30.4518470588235
TAG55:7FA20:4	error	3.17035454545455	3.22529411764706
HCER(22:0)	error	0.550718181818182	0.469629411764706
TAG58:7FA22:5	error	0.791090909090909	1.04453529411765
FFA(22:2)	error	1.88064545454545	1.85906470588235
TAG44:1FA12:0	error	1.19750909090909	0.567635294117647
TAG46:0FA12:0	error	0.711309090909091	0.327205882352941
TAG52:6FA14:0	error	0.290163636363636	0.243564705882353
TAG51:2FA17:0	error	2.10649090909091	1.61042941176471
TAG56:3FA20:0	error	0.678481818181818	0.601082352941176
PE(P16:0/20:3)	error	0.694936363636364	0.600835294117647
PI(18:1/20:4)	error	1.47162727272727	1.2683
DAG(12:0/18:2)	error	0.101027272727273	0.0581176470588235
TAG52:2FA16:0	error	152.345918181818	156.975329411765
TAG52:3FA20:1	error	0.232063636363636	0.237958823529412
PE(P16:0/22:6)	error	5.22325454545455	5.52140588235294
TAG56:5FA22:4	error	1.2572	1.4448
TAG56:9FA22:6	error	0.626036363636364	0.868517647058824
TAG55:7FA20:3	error	0.280236363636364	0.281311764705882
TAG50:5FA16:0	error	0.208627272727273	0.176982352941176
TAG56:3FA16:0	error	0.162272727272727	0.129105882352941
MAG(18:1)	error	0.143309090909091	0.161223529411765
PC(18:1/18:2)	error	63.6343090909091	55.1055411764706
TAG56:6FA22:5	error	3.30412727272727	4.21695294117647
TAG57:3FA18:2	error	0.247536363636364	0.276088235294118
LCER(18:1)	error	0.274581818181818	0.248341176470588
TAG52:8FA16:1	error	0.145581818181818	0.100823529411765
TAG58:8FA22:6	error	1.82830909090909	2.24474705882353
TAG50:3FA16:0	error	21.8277909090909	20.0884058823529
FFA(24:1)	error	6.27556363636364	6.20042352941176
TAG55:7FA15:0	error	0.0528363636363636	0.0530647058823529
DAG(16:1/18:3)	error	0.0587454545454545	0.0591058823529412
CER(20:0)	error	0.109554545454545	0.101435294117647
PC(18:2/20:5)	error	1.35508181818182	1.17741176470588
TAG52:5FA18:3	error	9.53946363636364	10.5217882352941
TAG51:0FA18:0	error	0.507672727272727	0.293364705882353
TAG55:3FA18:2	error	0.320581818181818	0.232423529411765
TAG42:2FA18:2	error	0.278	0.189282352941176
PC(14:0/18:2)	error	5.48279090909091	4.15849411764706
TAG50:3FA14:0	error	13.4966181818182	13.2249764705882
TAG54:5FA20:2	error	0.264072727272727	0.326770588235294
FFA(20:3)	error	2.07582727272727	2.1748
TAG56:6FA16:0	error	2.64183636363636	3.24963529411765
PI(16:0/18:1)	error	1.70650909090909	1.11465882352941
TAG52:3FA18:3	error	2.10919090909091	1.90663529411765
TAG58:10FA18:2	error	0.305390909090909	0.342858823529412
LPC(16:0)	error	68.6465909090909	71.1601882352941
TAG44:2FA16:1	error	0.268072727272727	0.144670588235294
TAG56:10FA18:2	error	0.247263636363636	0.180758823529412
TAG56:5FA18:0	error	1.45776363636364	1.7868
DAG(14:0/20:0)	error	0.0956	0.0745941176470588
TAG52:1FA20:1	error	0.587090909090909	0.469958823529412
CE(14:0)	error	27.5549727272727	18.7189
DAG(18:1/22:4)	error	0.0406090909090909	0.0468882352941176
PC(18:0/20:3)	error	24.9119727272727	19.1691470588235
TAG54:2FA18:0	error	19.7426818181818	17.3562823529412
TAG56:7FA22:5	error	2.36286363636364	3.11798235294118
PE(18:0/20:3)	error	1.57330909090909	1.32049411764706
TAG51:1FA15:0	error	0.596918181818182	0.409376470588235
TAG58:7FA18:1	error	0.828209090909091	0.972464705882353
PI(18:0/20:3)	error	2.66892727272727	2.22209411764706
TAG51:4FA18:1	error	1.09481818181818	1.0476
TAG52:6FA18:3	error	1.52099090909091	1.75077058823529
TAG44:2FA14:0	error	0.372254545454545	0.19815
TAG50:5FA14:1	error	0.314681818181818	0.270588235294118
TAG54:2FA18:2	error	2.87803636363636	2.2222
TAG48:2FA16:0	error	13.2379	8.66732352941176
TAG56:6FA20:2	error	0.259790909090909	0.320152941176471
TAG56:5FA18:2	error	1.18472727272727	1.37051176470588
CER(16:0)	error	0.427463636363636	0.385888235294118
PC(18:2/18:3)	error	1.27043636363636	1.07334705882353
TAG49:2FA18:2	error	1.68378181818182	1.14623529411765
TAG54:3FA20:1	error	1.49402727272727	1.64315294117647
TAG44:0FA18:0	error	4.03310909090909	3.78864117647059
TAG54:1FA18:0	error	6.13939090909091	4.68395882352941
FFA(20:1)	error	2.87399090909091	3.12342352941176
TAG48:4FA14:0	error	0.258063636363636	0.189664705882353
TAG48:3FA16:1	error	2.25512727272727	1.84378235294118
TAG49:3FA18:3	error	0.186372727272727	0.116617647058824
SM(18:0)	error	29.2268909090909	31.1978823529412
PE(P18:0/18:2)	error	4.77490909090909	4.17709411764706
TAG53:2FA16:0	error	1.18028181818182	1.01403529411765
PC(18:1/18:3)	error	1.10891818181818	0.821988235294118
TAG53:4FA20:4	error	0.170609090909091	0.132841176470588
TAG46:3FA16:0	error	0.326618181818182	0.180047058823529
LPC(18:1)	error	11.4962818181818	11.5620352941176
TAG50:2FA18:1	error	61.2018090909091	55.3633764705882
PI(18:0/18:1)	error	1.75363636363636	1.23798823529412
TAG48:1FA18:1	error	17.8777454545455	11.9924411764706
TAG54:4FA18:0	error	8.35951818181818	7.96300588235294
TAG54:6FA16:1	error	0.798545454545455	0.833276470588235
TAG56:6FA20:4	error	6.49087272727273	7.35032941176471
PC(20:0/20:4)	error	1.61925454545455	1.83210588235294
TAG54:1FA20:0	error	1.76473636363636	1.31503529411765
TAG44:2FA18:2	error	0.857936363636364	0.490211764705882
PC(18:0/20:5)	error	8.27774545454545	6.82525294117647
TAG58:7FA22:6	error	0.698572727272727	0.712770588235294
TAG52:3FA22:1	error	0.0954	0.108811764705882
CE(16:1)	error	105.000981818182	80.7615529411765
TAG54:2FA20:1	error	2.26119090909091	2.30100588235294
TAG44:1FA16:0	error	1.84059090909091	0.910423529411765
DAG(16:0/16:1)	error	0.273	0.206611764705882
TAG46:3FA14:1	error	0.194836363636364	0.122976470588235
TAG52:6FA20:4	error	0.773154545454545	0.683005882352941
CE(16:0)	error	328.120618181818	309.389570588235
PE(P18:0/20:3)	error	1.36543636363636	1.17824705882353
DAG(12:0/16:0)	error	0.190372727272727	0.141473529411765
TAG45:0FA14:0	error	0.256645454545455	0.128123529411765
FFA(18:2)	error	57.9679818181818	69.6970470588235
LPE(16:0)	error	0.881518181818182	0.829588235294118
CE(20:1)	error	2.03836363636364	2.06234117647059
DCER(22:0)	error	0.180063636363636	0.1386
PC(14:0/18:1)	error	4.68654545454545	3.39756470588235
PE(18:1/22:6)	error	1.46547272727273	1.51238235294118
TAG48:4FA16:0	error	0.281627272727273	0.1736
TAG54:2FA16:0	error	2.33657272727273	2.19378235294118
TAG58:9FA18:2	error	0.453227272727273	0.583941176470588
TAG52:5FA16:0	error	7.85396363636364	8.08491764705882
FFA(15:0)	error	11.7568090909091	15.6775882352941
TAG52:5FA18:1	error	2.61654545454545	3.08321176470588
TAG54:5FA18:1	error	30.4888636363636	36.6183882352941
FFA(24:0)	error	3.48769090909091	3.35974117647059
TAG54:5FA22:5	error	0.813172727272727	0.732882352941176
TAG58:8FA18:2	error	0.496890909090909	0.596341176470588
TAG44:0FA14:0	error	1.72706363636364	0.815811764705882
PE(P16:0/18:1)	error	0.880336363636364	0.733564705882353
CER(22:0)	error	0.796436363636364	0.631641176470588
TAG52:4FA18:1	error	25.8431	31.2133294117647
TAG58:8FA20:3	error	0.175545454545455	0.177552941176471
PE(18:0/22:5)	error	1.26542727272727	1.37742352941176
TAG47:2FA18:1	error	0.235109090909091	0.159582352941176
CE(22:2)	error	0.163890909090909	0.192341176470588
TAG55:5FA18:2	error	0.328654545454545	0.259541176470588
TAG52:2FA14:0	error	0.236127272727273	0.177070588235294
FFA(22:4)	error	3.03578181818182	3.19146470588235
TAG54:1FA18:1	error	4.92433636363636	3.93492352941176
TAG40:0FA14:0	error	0.3087	0.181041176470588
DAG(16:0/22:5)	error	0.0614727272727273	0.0623764705882353
DAG(18:0/22:6)	error	0.0430227272727273	0.0287235294117647
TAG47:1FA16:0	error	0.620845454545455	0.328805882352941
DAG(18:1/20:5)	error	0.242372727272727	0.213458823529412
TAG54:3FA16:1	error	0.296354545454545	0.336058823529412
MAG(16:0)	error	0.6377	0.656811764705882
PI(16:0/18:2)	error	2.64514545454545	1.80454705882353
CE(22:6)	error	12.3785909090909	13.2452882352941
TAG46:4FA18:2	error	0.272072727272727	0.1779
CE(18:4)	error	1.16078181818182	0.736347058823529
TAG54:2FA20:0	error	0.976363636363636	0.838329411764706
TAG56:6FA20:3	error	1.35962727272727	1.54476470588235
DAG(18:2/22:4)	error	0.0352909090909091	0.0386117647058824
DCER(24:0)	error	0.252481818181818	0.192011764705882
TAG58:6FA16:0	error	0.177081818181818	0.130917647058824
PC(16:0/18:2)	error	454.420918181818	426.232882352941
TAG52:3FA18:2	error	139.6757	157.320164705882
TAG48:0FA18:0	error	2.24860909090909	1.28435294117647
TAG58:7FA18:2	error	0.343827272727273	0.391547058823529
TAG50:1FA16:1	error	4.3987	3.41722941176471
LPE(16:1)	error	0.0402454545454545	0.0296294117647059
TAG48:1FA14:1	error	0.431690909090909	0.239682352941176
TAG51:2FA18:2	error	1.92397272727273	1.4542
TAG50:2FA16:0	error	83.5468	71.8389117647059
LCER(14:0)	error	0.204381818181818	0.129347058823529
LPE(22:6)	error	0.220418181818182	0.219388235294118
PE(18:1/20:4)	error	3.65969090909091	4.13264705882353
TAG54:4FA22:4	error	0.339	0.305552941176471
PE(16:0/18:2)	error	1.82430909090909	1.64054117647059
TAG50:4FA18:2	error	5.72081818181818	5.83443529411765
HCER(16:0)	error	0.666072727272727	0.597052941176471
PE(16:0/22:5)	error	0.850409090909091	0.896888235294118
PE(O18:0/18:1)	error	0.165381818181818	0.150929411764706
TAG44:1FA14:1	error	0.248254545454545	0.108294117647059
TAG56:7FA20:5	error	1.56366363636364	1.42458823529412
TAG45:0FA16:0	error	0.362836363636364	0.171964705882353
TAG46:0FA16:0	error	7.1717	3.67333529411765
SM(24:1)	error	62.8864090909091	59.6593352941176
TAG52:7FA22:6	error	0.233036363636364	0.219317647058824
CE(20:2)	error	1.90606363636364	1.74348823529412
TAG54:5FA20:5	error	0.411227272727273	0.335152941176471
TAG45:0FA15:0	error	0.209836363636364	0.101776470588235
TAG56:5FA22:5	error	0.452509090909091	0.505229411764706
PC(18:0/16:1)	error	1.35057272727273	0.952129411764706
TAG49:2FA16:0	error	1.92023636363636	1.31024705882353
CE(20:5)	error	25.3365909090909	22.3443470588235
HCER(22:1)	error	0.0514909090909091	0.0489470588235294
TAG49:1FA16:0	error	3.94127272727273	2.56218823529412
TAG56:5FA18:1	error	3.50506363636364	4.25650588235294
TAG53:4FA18:3	error	0.357327272727273	0.325423529411765
PC(20:0/18:1)	error	1.27006363636364	1.14643529411765
TAG54:1FA20:1	error	0.344527272727273	0.302382352941176
DAG(12:0/18:1)	error	0.123072727272727	0.0935823529411765
PE(P18:0/22:5)	error	2.97235454545455	2.68152352941176
