chemID	pval	/Users/m221138/RA_project/data/filled_qc_data/MLR.clp.sc.ready.ignor.norm.qc.fillna.m.tsv	/Users/m221138/RA_project/data/filled_qc_data/MLR.clp.sc.ready.ignor.norm.qc.fillna.r.tsv
TAG52:0FA20:0	error	0.428736585365854	0.389472881355932
TAG58:6FA22:5	error	0.316385365853659	0.344150847457627
TAG50:1FA20:1	error	0.206048780487805	0.185281355932203
TAG54:6FA20:3	error	0.635375609756098	0.578925423728814
CE(24:0)	error	0.245336585365854	0.258506779661017
LCER(22:0)	error	0.190117073170732	0.236242372881356
TAG48:4FA16:1	error	0.388987804878049	0.346157627118644
TAG51:4FA16:0	error	1.22698292682927	1.2264186440678
PC(16:0/18:1)	error	198.489187804878	202.387127118644
TAG50:3FA14:1	error	1.05570975609756	0.976572881355932
CE(17:0)	error	6.71196829268293	7.02249491525424
TAG56:6FA22:6	error	0.598724390243902	0.805052542372881
PC(18:1/16:1)	error	7.80104390243902	7.47060847457627
TAG53:3FA16:0	error	0.907236585365854	0.87261186440678
TAG54:4FA20:4	error	1.99513902439024	1.69132542372881
DAG(14:0/20:4)	error	0.0400170731707317	0.0300466101694915
CE(18:2)	error	1323.6068	1385.21618644068
DAG(14:1/18:1)	error	0.151768292682927	0.148618644067797
DCER(20:0)	error	0.0515341463414634	0.0597254237288136
LCER(20:1)	error	0.0339487804878049	0.0369050847457627
TAG54:3FA16:0	error	3.93418048780488	3.84783898305085
TAG48:3FA14:0	error	2.80503170731707	2.60826101694915
TAG56:1FA18:1	error	0.402109756097561	0.382764406779661
TAG58:9FA18:1	error	0.388780487804878	0.578016949152542
PE(P18:1/22:4)	error	0.81750487804878	0.86073220338983
TAG54:4FA16:0	error	5.43093414634146	4.97276271186441
PC(18:2/16:1)	error	12.040856097561	12.0976542372881
DAG(14:0/18:1)	error	0.430563414634146	0.416240677966102
TAG46:2FA14:1	error	0.542580487804878	0.43188813559322
TAG52:4FA20:0	error	0.509814634146341	0.519557627118644
PC(18:0/18:2)	error	176.922892682927	184.322423728814
PE(P16:0/22:4)	error	2.74349024390244	2.80047966101695
TAG50:4FA16:0	error	1.72780487804878	1.52302711864407
DAG(18:1/20:1)	error	0.104453658536585	0.104896610169492
LPC(15:0)	error	0.184046341463415	0.197710169491525
TAG48:3FA18:2	error	6.00149512195122	6.65219661016949
TAG52:6FA22:6	error	0.352019512195122	0.412005084745763
TAG56:7FA18:3	error	0.39549756097561	0.380276271186441
PC(18:0/22:6)	error	11.8918268292683	13.0204
SM(26:1)	error	0.537256097560976	0.550320338983051
TAG48:2FA14:0	error	11.8083853658537	10.6841898305085
TAG48:3FA18:1	error	3.44222682926829	4.59306610169492
DAG(16:1/18:2)	error	1.03306829268293	0.886728813559322
TAG53:6FA18:3	error	2.82874878048781	2.84253220338983
PC(16:0/12:0)	error	0.473351219512195	0.5606
TAG51:5FA18:2	error	0.212382926829268	0.2469
PE(P16:0/20:4)	error	9.83685609756098	10.2864423728814
TAG49:1FA16:1	error	0.3401	0.280283050847458
TAG56:5FA20:1	error	0.401417073170732	0.472513559322034
LPE(18:0)	error	1.05791219512195	1.14136949152542
FFA(20:4)	error	5.61445365853659	5.25124406779661
TAG46:1FA14:1	error	1.24061219512195	1.09680508474576
TAG46:3FA14:0	error	0.284987804878049	0.285201694915254
PE(P18:1/22:5)	error	0.871092682926829	0.907894915254237
TAG50:1FA14:0	error	3.29303414634146	3.24579491525424
TAG56:8FA20:4	error	2.60903658536585	2.26337966101695
TAG56:4FA20:1	error	0.981285365853659	1.12107627118644
MAG(18:3)	error	0.0926317073170732	0.0937966101694915
PE(18:0/20:4)	error	16.3759780487805	15.6206169491525
TAG53:2FA18:1	error	6.23134634146341	6.11649322033898
TAG54:7FA22:5	error	0.252987804878049	0.257815254237288
TAG60:12FA22:6	error	0.136885365853659	0.266303389830508
PC(18:0/20:2)	error	1.69427804878049	1.69016610169492
LPC(18:2)	error	7.32421707317073	8.52389661016949
PC(15:0/18:2)	error	1.18869024390244	1.24505084745763
DAG(18:1/18:1)	error	3.8559487804878	3.88807288135593
TAG56:4FA22:4	error	0.198948780487805	0.158579661016949
TAG56:9FA20:5	error	0.487934146341463	0.819157627118644
TAG49:2FA14:0	error	0.467546341463415	0.418501694915254
PC(16:0/18:3)	error	7.1343243902439	7.25939830508475
LPE(22:5)	error	0.155685365853659	0.151779661016949
TAG54:6FA20:5	error	2.15573902439024	2.80850338983051
TAG56:7FA22:6	error	4.3013	5.9762593220339
TAG51:4FA16:1	error	0.31449756097561	0.285681355932203
TAG52:5FA20:5	error	0.604890243902439	0.691398305084746
SM(20:0)	error	43.2918878048781	46.7519016949153
TAG55:5FA20:4	error	0.322509756097561	0.281362711864407
TAG58:6FA20:4	error	0.14420243902439	0.142515254237288
PE(O18:0/20:4)	error	2.0089	2.06824915254237
DAG(18:2/18:3)	error	0.330948780487805	0.320586440677966
TAG48:4FA18:3	error	0.677265853658537	0.820642372881356
TAG52:0FA16:0	error	2.88349756097561	3.00156101694915
TAG58:9FA22:5	error	0.37689756097561	0.4141
TAG58:9FA22:6	error	1.11458780487805	1.90485254237288
PE(P18:1/16:0)	error	0.175946341463415	0.20521186440678
DAG(14:0/18:2)	error	0.390758536585366	0.369705084745763
TAG54:0FA18:0	error	0.682743902439024	0.965623728813559
TAG56:2FA16:0	error	0.239114634146341	0.206394915254237
TAG56:8FA22:5	error	0.485607317073171	0.500271186440678
PC(16:0/20:2)	error	5.66893170731707	5.6169593220339
PC(15:0/18:1)	error	0.745240243902439	0.785283050847458
TAG56:7FA18:2	error	3.3507487804878	3.31261016949153
LPE(18:1)	error	0.59390243902439	0.67425593220339
TAG50:2FA16:1	error	34.744556097561	28.0917152542373
PC(17:0/18:1)	error	1.29120731707317	1.33888305084746
DAG(16:0/18:1)	error	3.11647073170732	2.94191355932203
LPC(22:5)	error	0.31654512195122	0.336515254237288
TAG46:0FA18:0	error	0.657868292682927	1.08477966101695
PE(18:0/20:5)	error	1.89077317073171	2.16865762711864
LPE(22:4)	error	0.0632390243902439	0.0568627118644068
TAG46:1FA18:1	error	5.65732926829268	6.55290847457627
TAG58:10FA20:4	error	0.680043902439024	0.587945762711864
DAG(14:0/16:1)	error	0.0811085365853659	0.0664372881355932
SM(24:0)	error	26.8196073170732	27.8537288135593
TAG53:6FA18:2	error	1.6430756097561	1.65217457627119
HCER(18:0)	error	0.0661634146341463	0.0732576271186441
LPC(20:3)	error	1.79089512195122	1.7999813559322
TAG53:5FA18:2	error	11.3177292682927	11.4718847457627
TAG50:1FA18:0	error	5.8042756097561	5.16308983050847
TAG52:5FA20:3	error	0.383307317073171	0.338945762711864
PE(P16:0/22:5)	error	2.59518292682927	2.69876779661017
TAG44:0FA12:0	error	0.891470731707317	1.49416440677966
TAG55:6FA18:1	error	1.4466512195122	1.46719152542373
PC(20:0/18:2)	error	3.20794878048781	3.51201016949153
PE(P18:0/18:1)	error	1.00475853658537	1.08827627118644
MAG(18:2)	error	0.102580487804878	0.11278813559322
TAG52:5FA18:2	error	18.2035170731707	19.4689779661017
SM(16:0)	error	164.11677804878	171.858742372881
TAG49:1FA18:1	error	3.0260487804878	2.64981186440678
FFA(14:0)	error	35.8353243902439	35.2963525423729
TAG56:4FA20:4	error	0.535163414634146	0.513894915254237
TAG46:2FA18:2	error	2.79048048780488	3.65982033898305
FFA(16:0)	error	637.098531707317	633.312620338983
TAG52:5FA22:5	error	0.440365853658537	0.419042372881356
PE(P18:1/20:3)	error	0.488309756097561	0.468681355932203
TAG56:8FA18:3	error	0.502943902439024	0.475862711864407
TAG46:3FA16:1	error	0.36780243902439	0.414864406779661
TAG50:1FA18:1	error	63.7171512195122	53.8872084745763
TAG44:0FA16:0	error	2.36971463414634	3.56218813559322
CE(22:5)	error	2.41233170731707	2.36636101694915
TAG49:2FA16:1	error	0.927763414634146	0.775081355932203
TAG53:4FA18:1	error	17.3710634146341	17.4273271186441
TAG52:3FA20:3	error	1.21184146341463	0.930115254237288
TAG49:1FA17:0	error	0.672607317073171	0.574891525423729
TAG56:7FA18:1	error	2.98817804878049	3.46786610169492
TAG50:2FA18:0	error	2.07203658536585	2.05420338983051
TAG44:2FA16:0	error	0.633626829268293	0.607716949152542
TAG44:3FA18:2	error	0.225513414634146	0.238628813559322
TAG47:0FA15:0	error	0.397819512195122	0.358145762711864
TAG54:7FA16:1	error	0.5656	0.536369491525424
TAG52:3FA20:2	error	0.761429268292683	0.670425423728814
TAG52:5FA16:1	error	8.89108292682927	9.23460677966102
TAG51:2FA15:0	error	2.54686829268293	2.51061016949153
TAG54:7FA20:4	error	1.63845609756098	1.35814406779661
PE(P18:1/18:2)	error	1.76553414634146	1.93965254237288
TAG52:1FA16:1	error	0.461712195121951	0.429323728813559
TAG47:1FA15:0	error	0.474824390243902	0.411415254237288
TAG50:5FA14:0	error	0.695678048780488	0.813422033898305
TAG55:1FA16:0	error	0.728539024390244	0.943086440677966
TAG56:3FA18:0	error	0.42490243902439	0.437503389830508
TAG50:2FA14:0	error	15.4783073170732	15.1437050847458
TAG56:2FA18:1	error	1.62685609756098	1.77650508474576
TAG51:3FA18:2	error	4.55374146341463	4.30114576271186
PC(16:0/16:1)	error	11.3043682926829	9.38668474576271
TAG51:1FA16:0	error	3.2861243902439	2.84195762711864
TAG52:3FA18:1	error	193.786809756098	189.457025423729
TAG56:4FA18:1	error	2.41701707317073	2.57968813559322
TAG54:4FA20:1	error	0.330563414634146	0.346715254237288
TAG56:7FA18:0	error	0.202629268292683	0.268657627118644
TAG54:4FA18:3	error	2.14059024390244	2.56169830508475
TAG56:7FA20:3	error	0.74039756097561	0.700279661016949
PE(18:0/18:1)	error	1.8735487804878	1.92394237288136
TAG50:4FA14:1	error	0.766621951219512	0.735527118644068
TAG47:2FA18:2	error	0.308282926829268	0.30251186440678
TAG50:5FA18:1	error	0.203973170731707	0.218838983050847
TAG53:4FA18:0	error	1.11112926829268	1.11417118644068
PC(16:0/20:3)	error	66.2131487804878	59.4231406779661
TAG56:6FA18:2	error	2.69842682926829	2.60429830508475
PC(14:0/20:4)	error	3.99397804878049	3.59684406779661
PC(18:1/22:5)	error	1.29480853658537	1.35189152542373
LCER(24:1)	error	0.283624390243902	0.328801694915254
DAG(15:0/18:1)	error	0.129946341463415	0.123661016949153
TAG45:1FA16:0	error	0.154185365853659	0.138686440677966
TAG56:4FA20:3	error	0.699590243902439	0.672833898305085
TAG60:10FA22:6	error	0.131356097560976	0.178283050847458
TAG54:5FA22:1	error	0.231534146341463	0.270315254237288
PE(16:0/22:6)	error	3.9797	3.96909491525424
LPE(18:2)	error	0.435890243902439	0.515252542372881
TAG54:6FA20:4	error	9.97796585365854	8.20756440677966
TAG54:2FA18:1	error	31.4960951219512	36.3534627118644
TAG56:8FA16:1	error	0.257482926829268	0.315215254237288
TAG58:9FA20:4	error	0.894214634146342	0.716927118644068
PE(16:0/18:1)	error	0.942609756097561	0.851184745762712
DAG(16:1/16:1)	error	0.103551219512195	0.0930016949152542
PC(18:1/22:6)	error	3.0699743902439	3.42973559322034
TAG52:4FA20:2	error	0.257	0.256033898305085
TAG42:0FA16:0	error	1.01398536585366	1.37745593220339
TAG52:2FA20:1	error	0.636165853658537	0.562079661016949
TAG52:4FA16:1	error	22.693012195122	23.0710915254237
TAG58:8FA22:5	error	0.794041463414634	0.887410169491525
TAG56:8FA16:0	error	0.900926829268293	1.17118474576271
FFA(20:2)	error	9.24489024390244	11.2511813559322
TAG46:3FA18:1	error	0.572187804878049	0.578371186440678
TAG50:4FA20:4	error	0.662090243902439	0.502877966101695
TAG53:2FA17:0	error	3.22804634146341	3.17454745762712
PE(18:1/18:2)	error	2.05819512195122	2.15230508474576
TAG51:1FA17:0	error	2.6529	2.33793728813559
TAG54:2FA20:2	error	0.305556097560976	0.291598305084746
TAG56:6FA18:1	error	5.55045121951219	5.46237118644068
FFA(22:1)	error	12.881243902439	11.9522271186441
LPC(16:1)	error	1.04521463414634	1.02059661016949
PC(14:0/20:3)	error	1.05685243902439	0.94775593220339
TAG48:3FA12:0	error	2.82007804878049	3.92117796610169
TAG54:6FA16:0	error	3.61640975609756	3.46879830508475
TAG46:0FA14:0	error	3.41263902439024	3.07213728813559
FFA(22:5)	error	4.6642243902439	4.50979661016949
TAG56:2FA20:1	error	0.338792682926829	0.377171186440678
TAG58:5FA18:1	error	0.197614634146341	0.191210169491525
TAG50:4FA20:3	error	0.143812195121951	0.126686440677966
TAG52:1FA20:0	error	0.359414634146341	0.321076271186441
PE(O18:0/22:5)	error	0.443219512195122	0.464584745762712
TAG53:7FA18:3	error	0.334114634146341	0.342422033898305
TAG50:3FA18:0	error	0.332470731707317	0.354772881355932
TAG46:3FA18:3	error	0.288758536585366	0.430045762711864
TAG54:7FA18:1	error	0.704351219512195	0.931908474576271
TAG55:4FA18:2	error	0.44649756097561	0.518101694915254
PE(P18:0/22:6)	error	6.57480243902439	7.41841694915254
FFA(18:1)	error	132.449990243902	119.440074576271
TAG50:5FA20:4	error	0.340409756097561	0.287820338983051
TAG53:3FA18:1	error	11.2482170731707	11.3123203389831
TAG50:5FA16:1	error	0.3514	0.317338983050847
TAG50:4FA16:1	error	2.99640243902439	2.75782711864407
TAG52:4FA20:4	error	3.30838536585366	2.4133186440678
PC(18:1/20:5)	error	1.81131219512195	2.12707542372881
DAG(18:2/20:4)	error	0.556490243902439	0.441410169491525
TAG54:7FA18:2	error	4.16187804878049	5.57695423728814
TAG56:7FA22:4	error	0.201926829268293	0.175406779661017
DAG(18:2/22:6)	error	0.0816146341463415	0.123537288135593
TAG49:2FA15:0	error	1.68762682926829	1.52743050847458
TAG46:3FA12:0	error	0.415446341463415	0.568425423728814
TAG47:0FA16:0	error	0.904970731707317	0.8323
PC(18:2/18:2)	error	14.2602097560976	16.2588745762712
PC(18:2/20:3)	error	2.27011951219512	2.26236440677966
CE(15:0)	error	6.29022926829268	6.79306949152542
TAG54:1FA16:0	error	0.798856097560976	0.808194915254237
TAG49:2FA17:0	error	0.299421951219512	0.269023728813559
TAG54:8FA18:3	error	0.551443902439024	0.778750847457627
DAG(16:1/18:0)	error	0.214063414634146	0.18954406779661
PC(16:0/18:0)	error	13.5842756097561	13.6750508474576
TAG54:5FA18:3	error	7.77680243902439	9.61980847457627
LPE(20:3)	error	0.155736585365854	0.156554237288136
TAG55:1FA18:1	error	0.506029268292683	0.712879661016949
TAG55:2FA18:2	error	0.3944	0.53815593220339
PC(18:0/20:4)	error	95.8611268292683	89.9299559322034
TAG54:5FA20:3	error	3.55410975609756	3.18790508474576
TAG56:3FA20:1	error	1.10269756097561	1.27996101694915
TAG48:3FA14:1	error	1.57309512195122	1.32956610169492
TAG56:8FA20:5	error	1.0524487804878	1.75588644067797
DAG(14:0/16:0)	error	0.285190243902439	0.262877966101695
SM(26:0)	error	0.295278048780488	0.317598305084746
TAG51:4FA18:2	error	1.89888536585366	1.97175254237288
TAG56:7FA16:0	error	2.51483414634146	2.95911186440678
TAG48:4FA18:2	error	1.87058292682927	2.75025254237288
TAG50:5FA18:3	error	0.825621951219512	0.880937288135593
TAG53:0FA16:0	error	0.750248780487805	0.901835593220339
TAG44:1FA16:1	error	0.519436585365854	0.507342372881356
TAG60:11FA22:6	error	0.171765853658537	0.256303389830508
LPC(20:0)	error	0.348546341463415	0.380691525423729
TAG52:4FA14:0	error	0.467424390243902	0.422625423728814
TAG53:6FA18:1	error	2.80757804878049	2.83766271186441
PI(18:1/18:2)	error	0.932073170731707	1.00526610169492
TAG52:4FA18:0	error	0.35020487804878	0.351406779661017
PE(18:1/20:3)	error	0.328839024390244	0.306972881355932
MAG(16:1)	error	0.0512890243902439	0.0511754237288136
SM(22:0)	error	53.7802609756098	56.128013559322
TAG55:8FA20:4	error	0.396207317073171	0.391693220338983
TAG58:6FA18:1	error	0.58990243902439	0.591471186440678
TAG56:5FA16:0	error	1.50383414634146	1.28774576271186
DAG(18:2/20:5)	error	0.125770731707317	0.196762711864407
TAG58:2FA18:1	error	0.423734146341463	0.429316949152542
CE(22:0)	error	0.718178048780488	0.77826779661017
TAG54:5FA22:4	error	0.424817073170732	0.319837288135593
TAG58:3FA18:1	error	0.277314634146341	0.280371186440678
TAG56:3FA20:2	error	0.214580487804878	0.225127118644068
TAG52:2FA18:2	error	23.3693243902439	22.9807745762712
TAG53:4FA16:0	error	0.308548780487805	0.295842372881356
LCER(22:1)	error	0.0639878048780488	0.0675559322033898
LPC(20:4)	error	2.40001951219512	2.43090677966102
TAG48:2FA12:0	error	2.89019268292683	4.03465762711864
TAG58:7FA22:4	error	0.315731707317073	0.29338813559322
PC(18:0/18:0)	error	1.06887073170732	1.09748644067797
CE(18:3)	error	47.7017024390244	48.5819644067797
TAG51:4FA20:4	error	0.164985365853659	0.135342372881356
TAG56:4FA20:2	error	0.769804878048781	0.807408474576271
DAG(15:0/18:2)	error	0.324465853658537	0.274464406779661
TAG46:1FA16:0	error	5.74308048780488	6.31898305084746
DAG(16:0/16:0)	error	0.893556097560976	0.796333898305085
TAG54:5FA18:2	error	46.4365951219512	53.2664203389831
TAG42:1FA12:0	error	0.562479268292683	1.12829152542373
DAG(18:1/20:2)	error	0.163975609756098	0.155089830508475
TAG52:7FA16:0	error	0.50519756097561	0.515618644067797
TAG55:5FA18:1	error	0.319353658536585	0.335935593220339
TAG52:2FA20:0	error	0.187024390243902	0.185257627118644
TAG46:1FA14:0	error	4.29183902439024	3.69860847457627
DAG(16:1/20:2)	error	0.0787560975609756	0.0675525423728814
TAG53:5FA18:1	error	8.94344390243903	9.03175593220339
CER(18:0)	error	0.115126829268293	0.108493220338983
CE(24:1)	error	0.473875609756098	0.451357627118644
PC(18:2/20:4)	error	10.3100317073171	9.9763813559322
PC(16:0/16:0)	error	15.4916634146341	16.1031762711864
TAG50:6FA20:4	error	0.146763414634146	0.148508474576271
TAG52:2FA18:0	error	17.0796780487805	16.572506779661
TAG55:2FA18:1	error	0.489287804878049	0.72231186440678
CER(24:1)	error	0.606475609756098	0.607359322033898
PE(18:0/18:2)	error	7.98925609756098	7.97748305084746
TAG52:0FA18:0	error	3.98800243902439	4.28534745762712
TAG50:4FA14:0	error	4.86378048780488	5.25932033898305
TAG52:2FA20:2	error	0.595814634146342	0.482128813559322
TAG58:6FA18:0	error	0.262743902439024	0.292576271186441
TAG55:6FA20:4	error	0.425334146341463	0.378728813559322
PE(P18:0/22:4)	error	2.82040975609756	2.94356949152542
TAG51:2FA18:1	error	8.16673170731707	7.55079491525424
TAG50:2FA18:2	error	37.4595487804878	33.2206728813559
TAG53:3FA18:2	error	3.60222682926829	3.60182542372881
CER(24:0)	error	1.76720731707317	1.90453728813559
DCER(22:1)	error	0.0604926829268293	0.0638338983050847
TAG46:2FA12:0	error	2.13667073170732	2.96073559322034
SM(22:1)	error	33.4749780487805	34.139806779661
TAG48:1FA16:0	error	25.4301414634146	20.2252186440678
TAG56:3FA18:2	error	0.519236585365854	0.561757627118644
DAG(18:2/22:5)	error	0.102163414634146	0.0992542372881356
TAG57:9FA22:6	error	3.44660487804878	3.46726610169492
PC(18:1/18:1)	error	12.1081463414634	12.9220728813559
TAG52:4FA22:4	error	0.163687804878049	0.131801694915254
PI(16:0/20:3)	error	0.40770243902439	0.424291525423729
TAG50:2FA20:2	error	0.185319512195122	0.158861016949153
TAG58:10FA22:6	error	0.520353658536585	0.875713559322034
TAG54:4FA22:1	error	0.220473170731707	0.247361016949153
TAG42:0FA14:0	error	0.677653658536585	1.01401186440678
TAG47:0FA17:0	error	0.235636585365854	0.218933898305085
TAG48:2FA16:1	error	6.8991756097561	5.34297627118644
TAG54:3FA20:2	error	2.45213170731707	2.3999406779661
TAG42:1FA16:1	error	0.176251219512195	0.183033898305085
FFA(18:4)	error	3.12824634146341	3.09834915254237
DAG(16:0/22:6)	error	0.0496439024390244	0.0605372881355932
SM(14:0)	error	17.1802902439024	18.5405576271186
TAG47:1FA16:1	error	0.27000243902439	0.230330508474576
TAG51:4FA15:0	error	1.03741707317073	1.09618644067797
TAG47:2FA16:1	error	0.132051219512195	0.111666101694915
PC(16:0/22:6)	error	47.1761219512195	52.820806779661
LPC(17:0)	error	0.624126829268293	0.695689830508475
TAG55:3FA18:1	error	0.855834146341463	1.00022033898305
TAG46:3FA18:2	error	0.979126829268293	1.03033559322034
TAG53:1FA17:0	error	0.622046341463415	0.623091525423729
HCER(24:0)	error	0.67500243902439	0.762340677966102
TAG53:6FA20:4	error	0.1642	0.146008474576271
TAG54:3FA18:2	error	19.7002195121951	21.7190372881356
TAG48:5FA18:3	error	0.200736585365854	0.342722033898305
TAG50:2FA14:1	error	0.287460975609756	0.266247457627119
TAG52:4FA22:1	error	0.167309756097561	0.169222033898305
TAG52:1FA16:0	error	30.8500829268293	29.7765711864407
TAG54:4FA16:1	error	0.584485365853659	0.579593220338983
TAG48:4FA12:0	error	1.02806097560976	1.65550338983051
TAG58:7FA16:0	error	0.2011	0.245277966101695
TAG51:2FA16:0	error	4.97094390243902	4.3813593220339
TAG56:6FA18:3	error	0.226870731707317	0.246722033898305
LCER(16:0)	error	3.31043414634146	3.51067118644068
TAG52:6FA18:2	error	1.74994390243902	1.89317796610169
DCER(22:2)	error	0.0946512195121951	0.0958966101694915
DAG(18:0/18:3)	error	0.0673439024390244	0.067471186440678
TAG48:2FA18:2	error	10.0744292682927	9.36575254237288
LPC(20:1)	error	0.268909756097561	0.319793220338983
TAG54:8FA20:5	error	0.312129268292683	0.426683050847458
FFA(22:0)	error	6.26006341463415	6.00792372881356
TAG53:1FA18:1	error	1.10089512195122	1.16628644067797
TAG55:6FA20:3	error	2.20558048780488	2.19077288135593
TAG51:4FA18:3	error	0.473063414634146	0.469576271186441
TAG58:10FA22:5	error	0.0942414634146341	0.115461016949153
CE(20:0)	error	0.724165853658537	0.857972881355932
FFA(14:1)	error	3.92052682926829	3.58281355932203
TAG48:1FA16:1	error	5.51030487804878	3.95045084745763
TAG53:2FA18:0	error	0.98020243902439	0.979530508474576
TAG54:6FA18:2	error	20.1957024390244	24.0116169491525
FFA(12:0)	error	10.6396292682927	10.8302728813559
TAG51:1FA18:0	error	0.726960975609756	0.674920338983051
DAG(18:1/22:6)	error	0.108865853658537	0.154530508474576
DAG(18:1/20:3)	error	0.276578048780488	0.241467796610169
CE(20:3)	error	30.2430634146341	28.1873677966102
TAG36:0FA12:0	error	0.350328048780488	0.841066101694915
TAG53:2FA18:2	error	0.641726829268293	0.679032203389831
TAG53:1FA16:0	error	0.50280487804878	0.603786440677966
DAG(16:0/18:3)	error	0.206929268292683	0.186872881355932
PC(18:2/22:6)	error	1.86708780487805	1.89373050847458
PC(16:0/20:5)	error	14.1970292682927	18.0623118644068
TAG47:2FA14:0	error	0.240856097560976	0.224935593220339
PE(18:0/22:6)	error	4.90190243902439	4.70242542372881
HCER(24:1)	error	0.448512195121951	0.488013559322034
PI(18:0/16:0)	error	0.173326829268293	0.182189830508475
TAG53:4FA18:2	error	3.55406341463415	3.6405813559322
TAG54:5FA16:1	error	0.851951219512195	0.767157627118644
PE(16:0/20:4)	error	2.6934756097561	2.51646271186441
TAG52:1FA18:0	error	23.9787585365854	23.2830644067797
PI(18:1/18:1)	error	1.1959756097561	1.30631186440678
TAG54:5FA20:4	error	12.5864243902439	10.3759576271186
DAG(18:1/18:2)	error	8.83902195121951	8.63016101694915
TAG56:8FA18:2	error	1.81896829268293	2.09139322033898
TAG56:8FA18:1	error	0.633524390243902	0.881193220338983
TAG46:1FA16:1	error	1.76020487804878	1.38127966101695
TAG53:5FA18:3	error	0.45689756097561	0.483859322033898
DAG(18:0/18:1)	error	0.661321951219512	0.692076271186441
TAG42:1FA14:0	error	0.260687804878049	0.253330508474576
DAG(16:0/18:0)	error	0.751948780487805	0.705076271186441
TAG46:2FA16:1	error	1.21346097560976	1.07580169491525
TAG56:7FA16:1	error	0.306507317073171	0.314786440677966
PC(18:0/22:5)	error	5.23375609756098	4.91276949152542
TAG47:1FA17:0	error	0.147407317073171	0.149838983050847
TAG49:0FA17:0	error	0.593575609756098	0.534618644067797
PC(18:0/22:4)	error	2.10836829268293	1.82538474576271
TAG54:8FA22:6	error	0.329919512195122	0.463328813559322
LCER(20:0)	error	0.0619658536585366	0.0691593220338983
TAG44:1FA14:0	error	1.11154634146341	1.30157118644068
TAG50:3FA20:3	error	0.368934146341463	0.286389830508475
TAG54:5FA18:0	error	1.21467073170732	1.53612203389831
TAG48:1FA14:0	error	15.644256097561	13.5974796610169
TAG40:0FA12:0	error	0.442417073170732	1.13508305084746
DAG(16:0/20:4)	error	0.272712195121951	0.210735593220339
TAG52:6FA16:1	error	1.35700731707317	1.43058983050847
TAG54:0FA16:0	error	0.254090243902439	0.247301694915254
CE(22:1)	error	0.245492682926829	0.253506779661017
DAG(16:0/20:3)	error	0.108441463414634	0.0904508474576271
TAG52:4FA20:3	error	1.32931707317073	1.0795593220339
TAG51:3FA16:1	error	0.818436585365854	0.723186440677966
TAG52:3FA20:0	error	0.45340487804878	0.453503389830508
TAG47:1FA18:1	error	0.569107317073171	0.509493220338983
TAG53:3FA17:0	error	3.45336341463415	3.47874745762712
TAG54:7FA20:5	error	1.70936829268293	2.29080677966102
TAG56:6FA20:5	error	0.3925	0.602596610169492
TAG50:0FA18:0	error	6.44973170731707	6.01136101694915
TAG50:4FA18:1	error	1.54440487804878	1.60766101694915
PE(18:1/22:5)	error	0.429507317073171	0.421961016949153
TAG46:2FA18:1	error	1.91603170731707	1.80297966101695
TAG47:1FA14:0	error	0.518870731707317	0.454420338983051
PC(18:0/18:1)	error	28.6723487804878	30.0586389830508
TAG50:0FA16:0	error	16.7915073170732	14.9123016949153
TAG54:6FA22:6	error	1.03006585365854	1.20752711864407
TAG56:7FA20:4	error	5.82116829268293	5.16655423728814
TAG52:4FA16:0	error	74.138612195122	74.9866118644068
TAG42:1FA16:0	error	0.402037804878049	0.387523728813559
LPC(22:6)	error	0.311820731707317	0.361476271186441
PI(18:0/20:2)	error	0.228937804878049	0.228337288135593
TAG52:2FA18:1	error	265.221758536585	254.503366101695
TAG52:3FA16:1	error	22.2601463414634	22.1105728813559
TAG51:3FA18:3	error	0.196360975609756	0.193613559322034
TAG52:7FA18:1	error	0.245548780487805	0.246247457627119
DAG(18:1/22:5)	error	0.143739024390244	0.146466101694915
TAG56:5FA20:2	error	0.703865853658537	0.765671186440678
TAG46:1FA18:0	error	0.27555487804878	0.286252542372881
TAG56:5FA20:4	error	4.00814390243902	3.8690813559322
TAG56:2FA20:0	error	0.746841463414634	0.875218644067797
DAG(18:0/18:2)	error	0.790873170731707	0.788110169491525
DAG(16:0/20:5)	error	0.060590243902439	0.0833627118644068
PC(18:1/20:3)	error	6.66462682926829	6.03991016949153
DAG(14:1/16:0)	error	0.10019512195122	0.0916135593220339
TAG48:5FA18:2	error	0.195509756097561	0.322032203389831
TAG54:3FA18:0	error	20.200312195122	22.6404457627119
TAG49:3FA16:0	error	0.2469	0.238476271186441
TAG49:3FA16:1	error	0.402914634146341	0.360989830508475
FFA(20:0)	error	11.6752926829268	11.6998237288136
PE(P18:1/18:1)	error	0.563187804878049	0.62244406779661
TAG54:8FA20:4	error	0.219790243902439	0.182510169491525
CE(14:1)	error	1.05479024390244	1.10856440677966
SM(20:1)	error	8.2984487804878	8.29540847457627
TAG51:0FA16:0	error	0.654334146341463	0.670157627118644
DCER(16:0)	error	0.0871048780487805	0.0890542372881356
TAG56:6FA18:0	error	1.18597073170732	1.23143389830508
TAG48:4FA18:1	error	0.374017073170732	0.54094406779661
TAG50:1FA16:0	error	108.535968292683	92.5963491525424
TAG52:5FA14:0	error	0.482370731707317	0.421010169491525
PE(P16:0/18:2)	error	2.22297073170732	2.56931525423729
PE(P18:0/20:5)	error	1.56619024390244	2.54212203389831
CE(18:0)	error	36.0587634146342	35.9571559322034
PI(18:0/20:4)	error	21.9272731707317	21.203486440678
TAG49:1FA14:0	error	0.4255	0.384501694915254
PE(O16:0/20:4)	error	0.862024390243902	0.882025423728814
TAG53:3FA18:0	error	7.8506756097561	7.88648644067797
TAG56:5FA20:3	error	1.94035609756098	1.85989322033898
TAG48:0FA14:0	error	2.3390756097561	2.1969779661017
FFA(17:0)	error	167.71563902439	106.969227118644
TAG50:5FA20:5	error	0.166741463414634	0.182296610169492
PC(16:0/14:0)	error	1.76558780487805	1.70812033898305
TAG48:2FA18:0	error	0.452509756097561	0.735986440677966
TAG50:5FA18:2	error	0.841229268292683	0.921172881355932
TAG52:7FA20:5	error	0.181214634146341	0.232118644067797
TAG48:1FA18:0	error	1.17543902439024	1.56021525423729
TAG56:6FA22:4	error	1.29108780487805	1.08271355932203
TAG52:2FA16:1	error	4.39056097560976	4.0855406779661
TAG49:0FA15:0	error	0.341831707317073	0.309961016949153
TAG46:1FA12:0	error	3.12512926829268	4.26732881355932
TAG51:3FA15:0	error	2.64108292682927	2.65849491525424
TAG54:7FA18:3	error	2.95653170731707	3.8769813559322
TAG57:2FA18:1	error	0.333263414634146	0.480449152542373
PC(16:0/20:1)	error	0.884393902439024	0.882332203389831
TAG38:0FA12:0	error	0.357026829268293	0.643135593220339
TAG49:0FA18:0	error	0.320565853658537	0.311852542372881
TAG51:2FA16:1	error	0.738714634146341	0.638477966101695
TAG54:3FA18:1	error	110.230087804878	126.93786440678
TAG54:3FA20:3	error	0.634495121951219	0.556338983050848
TAG58:7FA18:0	error	0.24890243902439	0.316125423728814
DCER(24:1)	error	0.156331707317073	0.162520338983051
DAG(16:1/18:1)	error	0.965226829268293	0.832315254237288
LPE(20:1)	error	0.0279731707317073	0.0305949152542373
DAG(14:0/14:0)	error	0.0352463414634146	0.0340237288135593
TAG48:2FA14:1	error	2.43061463414634	1.9601
TAG56:9FA18:3	error	0.272812195121951	0.296230508474576
PE(18:0/18:0)	error	0.356336585365854	0.388852542372881
TAG50:3FA16:1	error	24.8260097560976	21.4701474576271
TAG51:1FA18:1	error	3.42816097560976	3.06374237288136
TAG52:1FA18:1	error	39.437643902439	37.5674508474576
PI(18:0/18:2)	error	5.68458048780488	5.73637627118644
TAG49:1FA15:0	error	2.14373414634146	1.8918406779661
PE(P18:1/20:4)	error	8.76053658536585	9.06570169491525
TAG51:0FA17:0	error	0.41589512195122	0.389694915254237
TAG48:3FA16:0	error	2.42305853658537	2.15548305084746
CE(12:0)	error	0.722265853658537	0.872537288135593
TAG53:1FA18:0	error	0.596931707317073	0.610883050847458
CE(18:1)	error	481.264353658537	502.847808474576
PE(P18:0/20:4)	error	22.8588170731707	23.4929745762712
TAG54:3FA18:3	error	0.451617073170732	0.502681355932203
TAG54:4FA18:1	error	95.145543902439	107.832027118644
TAG58:8FA20:4	error	0.553451219512195	0.440774576271186
PE(18:0/22:4)	error	1.04771707317073	0.99938813559322
TAG44:2FA18:1	error	0.43679756097561	0.409445762711864
PE(16:0/20:3)	error	0.28934756097561	0.222944915254237
TAG46:2FA14:0	error	1.83473170731707	1.73180677966102
PE(18:2/16:1)	error	0.306448780487805	0.35015593220339
TAG56:4FA16:0	error	0.328580487804878	0.279701694915254
DAG(18:1/20:4)	error	0.759229268292683	0.621228813559322
TAG52:3FA18:0	error	3.14510975609756	3.16450508474576
TAG58:10FA20:5	error	0.174848780487805	0.238433898305085
PC(18:0/18:3)	error	2.07077073170732	2.09299491525424
TAG55:7FA18:1	error	1.01339024390244	1.07126610169492
TAG60:11FA22:5	error	0.0847341463414634	0.0985779661016949
DAG(18:2/20:3)	error	0.188073170731707	0.160464406779661
TAG40:0FA16:0	error	0.424243902439024	0.8432
TAG54:5FA16:0	error	6.07331707317073	5.31176101694915
TAG58:6FA22:4	error	0.377107317073171	0.345367796610169
TAG56:4FA18:2	error	1.05075365853659	1.16035084745763
PE(O16:0/22:5)	error	0.534307317073171	0.515614406779661
PE(O18:0/22:6)	error	1.00508658536585	1.10122627118644
SM(18:1)	error	11.0822292682927	10.4003423728814
TAG51:5FA18:3	error	0.197278048780488	0.217033898305085
TAG54:6FA22:5	error	0.892980487804878	0.805184745762712
TAG56:4FA18:0	error	0.889541463414634	0.868366101694915
TAG51:3FA18:1	error	9.20872195121951	9.20505254237288
LPC(18:0)	error	24.7877829268293	26.9666355932203
FFA(20:5)	error	8.73311463414634	8.7516
TAG54:6FA18:1	error	7.04628536585366	9.06334406779661
TAG52:6FA18:1	error	0.301068292682927	0.348101694915254
PC(18:2/20:2)	error	0.507428048780488	0.568814406779661
PC(16:0/22:5)	error	20.4167609756098	20.6594440677966
TAG45:1FA15:0	error	0.119131707317073	0.116086440677966
TAG50:3FA18:3	error	3.91822682926829	3.57566779661017
TAG48:1FA12:0	error	0.702982926829268	1.1616406779661
TAG52:6FA20:5	error	0.579365853658537	0.623301694915254
TAG53:5FA20:4	error	0.346809756097561	0.285523728813559
CE(20:4)	error	224.74416097561	215.998633898305
CER(22:1)	error	0.0468024390243902	0.0467423728813559
MAG(18:0)	error	0.962041463414634	1.13233050847458
TAG48:3FA18:3	error	1.10998780487805	1.09182881355932
FFA(18:0)	error	458.795270731707	459.623749152542
TAG52:4FA18:2	error	118.050234146341	120.389296610169
TAG42:1FA18:1	error	0.641578048780488	0.962771186440678
TAG60:10FA22:5	error	0.1166	0.119686440677966
DCER(26:0)	error	0.132423170731707	0.127025423728814
LCER(18:0)	error	0.129648780487805	0.138442372881356
TAG42:0FA12:0	error	0.538362195121951	1.13982203389831
TAG51:3FA17:0	error	0.520007317073171	0.474771186440678
TAG52:6FA16:0	error	0.776834146341463	0.841177966101695
CE(22:4)	error	0.506341463414634	0.491816949152542
TAG48:4FA14:1	error	0.292660975609756	0.260147457627119
TAG50:3FA18:1	error	21.4609585365854	20.8823576271186
TAG53:4FA17:0	error	1.38251463414634	1.43816271186441
PC(16:0/20:4)	error	224.772797560976	212.648774576271
TAG44:1FA18:1	error	1.70088536585366	1.89198983050847
TAG48:0FA16:0	error	18.2482609756098	15.4059915254237
DAG(16:1/20:4)	error	0.0995731707317073	0.066971186440678
PC(17:0/18:2)	error	2.9478756097561	3.0897186440678
TAG54:4FA18:2	error	57.4877024390244	65.0480338983051
TAG50:0FA14:0	error	0.385765853658537	0.415906779661017
TAG58:7FA20:4	error	0.257292682926829	0.224577966101695
TAG52:4FA18:3	error	18.0513829268293	18.3021186440678
FFA(16:1)	error	19.3140390243902	17.2020389830508
TAG51:3FA16:0	error	10.1807390243902	10.0740457627119
TAG50:4FA18:3	error	2.46592926829268	2.31509661016949
TAG54:4FA20:3	error	4.81744146341463	4.26033389830508
PE(O18:0/18:2)	error	0.443153658536585	0.484879661016949
PC(18:1/20:2)	error	0.783246341463415	0.783524576271186
TAG49:2FA18:1	error	1.32675365853659	1.20478474576271
PC(18:1/20:4)	error	26.3814829268293	25.0163152542373
TAG47:0FA14:0	error	0.21679756097561	0.204954237288136
TAG52:8FA18:2	error	0.171129268292683	0.176966101694915
FFA(22:6)	error	4.72022682926829	4.75382203389831
TAG47:2FA15:0	error	0.236334146341463	0.221025423728814
TAG48:2FA18:1	error	11.0365609756098	11.7300661016949
TAG55:4FA18:1	error	0.588648780487805	0.663620338983051
TAG52:3FA14:0	error	0.331885365853659	0.323566101694915
TAG46:2FA16:0	error	2.34292682926829	3.11172542372881
TAG54:4FA20:2	error	1.80831219512195	1.77392711864407
TAG48:4FA20:4	error	0.214217073170732	0.222152542372881
TAG56:3FA18:1	error	1.93381707317073	2.21883898305085
TAG54:7FA22:6	error	1.05120975609756	1.25369322033898
TAG49:3FA18:2	error	0.733390243902439	0.667381355932203
TAG52:3FA16:0	error	183.118124390244	180.392613559322
TAG54:8FA18:2	error	0.403431707317073	0.55945593220339
TAG54:6FA18:3	error	7.03967073170732	8.85352881355932
TAG56:8FA22:6	error	3.28891219512195	4.69887627118644
TAG58:8FA18:1	error	0.713792682926829	1.0564
TAG55:7FA22:6	error	0.143687804878049	0.189618644067797
DAG(14:0/18:3)	error	0.0399439024390244	0.0355525423728814
PC(16:0/22:4)	error	6.72402195121951	6.13827966101695
TAG56:9FA20:4	error	0.58410243902439	0.542059322033898
TAG57:8FA22:6	error	0.201117073170732	0.253825423728814
TAG56:2FA18:0	error	0.328070731707317	0.357549152542373
PC(17:0/20:4)	error	2.44359756097561	2.43910677966102
LPC(20:2)	error	0.350982926829268	0.386850847457627
TAG45:1FA18:1	error	0.18029756097561	0.172228813559322
TAG52:5FA20:4	error	3.10257317073171	2.28153898305085
PE(18:1/18:1)	error	0.589334146341463	0.633089830508475
PE(P18:1/22:6)	error	3.13571463414634	3.58974237288136
PI(16:0/20:4)	error	2.28936585365854	2.18935593220339
TAG49:3FA15:0	error	0.403924390243902	0.380930508474576
TAG51:2FA18:0	error	0.453651219512195	0.462035593220339
LPE(20:4)	error	0.406865853658537	0.396945762711864
TAG44:2FA12:0	error	0.433043902439024	0.627913559322034
TAG56:1FA16:0	error	0.248236585365854	0.199249152542373
MAG(15:0)	error	0.132209756097561	0.133445762711864
DAG(16:0/18:2)	error	2.62982926829268	2.5616220338983
HCER(20:0)	error	0.0902	0.104576271186441
LCER(24:0)	error	0.156585365853659	0.195483050847458
TAG49:0FA16:0	error	1.37250975609756	1.23302203389831
TAG50:3FA18:2	error	38.4746317073171	35.0842372881356
TAG55:7FA20:4	error	3.20345121951219	3.1876406779661
HCER(22:0)	error	0.491951219512195	0.559427118644068
TAG58:7FA22:5	error	0.924709756097561	1.0491406779661
FFA(22:2)	error	1.92852682926829	1.92953728813559
TAG44:1FA12:0	error	1.02095365853659	1.25334745762712
TAG46:0FA12:0	error	0.53749756097561	0.934376271186441
TAG52:6FA14:0	error	0.284148780487805	0.276396610169492
TAG51:2FA17:0	error	2.11428292682927	1.91601016949153
TAG56:3FA20:0	error	0.652778048780488	0.73181186440678
PE(P16:0/20:3)	error	0.649853658536585	0.62854406779661
PI(18:1/20:4)	error	1.31653902439024	1.26125762711864
DAG(12:0/18:2)	error	0.08765	0.126924576271186
TAG52:2FA16:0	error	169.271724390244	163.031061016949
TAG52:3FA20:1	error	0.276370731707317	0.27114406779661
PE(P16:0/22:6)	error	4.72059756097561	5.32664237288136
TAG56:5FA22:4	error	1.66814634146341	1.36194576271186
TAG56:9FA22:6	error	0.51690243902439	0.739820338983051
TAG55:7FA20:3	error	0.271170731707317	0.277247457627119
TAG50:5FA16:0	error	0.228	0.211254237288136
TAG56:3FA16:0	error	0.155360975609756	0.146013559322034
MAG(18:1)	error	0.157946341463415	0.175445762711864
PC(18:1/18:2)	error	59.9967756097561	63.2908983050847
TAG56:6FA22:5	error	4.09421219512195	4.15210338983051
TAG57:3FA18:2	error	0.212578048780488	0.293701694915254
LCER(18:1)	error	0.252917073170732	0.266513559322034
TAG52:8FA16:1	error	0.1307	0.117705084745763
TAG58:8FA22:6	error	1.27491707317073	2.20955084745763
TAG50:3FA16:0	error	27.3325292682927	23.7038271186441
FFA(24:1)	error	6.39955365853659	6.08465762711864
TAG55:7FA15:0	error	0.0451365853658537	0.0547169491525424
DAG(16:1/18:3)	error	0.0783024390243902	0.0625864406779661
CER(20:0)	error	0.10469756097561	0.107345762711864
PC(18:2/20:5)	error	1.16222682926829	1.29282711864407
TAG52:5FA18:3	error	12.2866390243902	12.756286440678
TAG51:0FA18:0	error	0.378317073170732	0.37761186440678
TAG55:3FA18:2	error	0.275826829268293	0.3565
TAG42:2FA18:2	error	0.362375609756098	0.609818644067797
PC(14:0/18:2)	error	5.44513170731707	5.40648644067797
TAG50:3FA14:0	error	15.8873	15.8596694915254
TAG54:5FA20:2	error	0.349814634146341	0.354145762711864
FFA(20:3)	error	2.31824634146341	2.18997288135593
TAG56:6FA16:0	error	3.20328536585366	3.25153050847458
PI(16:0/18:1)	error	1.30880243902439	1.35460508474576
TAG52:3FA18:3	error	2.31276585365854	2.38689322033898
TAG58:10FA18:2	error	0.261053658536585	0.354240677966102
LPC(16:0)	error	67.6291317073171	74.6544457627119
TAG44:2FA16:1	error	0.21360487804878	0.198233898305085
TAG56:10FA18:2	error	0.2177	0.279391525423729
TAG56:5FA18:0	error	1.75711463414634	1.72177796610169
DAG(14:0/20:0)	error	0.0878512195121951	0.0738745762711864
TAG52:1FA20:1	error	0.656873170731707	0.554227118644068
CE(14:0)	error	21.9598195121951	23.5306813559322
DAG(18:1/22:4)	error	0.0512536585365854	0.0475864406779661
PC(18:0/20:3)	error	22.8290463414634	20.5375779661017
TAG54:2FA18:0	error	17.6505902439024	20.509479661017
TAG56:7FA22:5	error	3.07367317073171	3.09864576271186
PE(18:0/20:3)	error	1.6649512195122	1.44114576271186
TAG51:1FA15:0	error	0.503834146341463	0.489125423728814
TAG58:7FA18:1	error	0.861629268292683	1.04903559322034
PI(18:0/20:3)	error	2.50461219512195	2.44830677966102
TAG51:4FA18:1	error	1.10857804878049	1.14845084745763
TAG52:6FA18:3	error	2.00212682926829	2.15292372881356
TAG44:2FA14:0	error	0.41344756097561	0.62468813559322
TAG50:5FA14:1	error	0.327675609756098	0.32944406779661
TAG54:2FA18:2	error	2.55798536585366	2.81853220338983
TAG48:2FA16:0	error	13.7023512195122	11.7968152542373
TAG56:6FA20:2	error	0.322395121951219	0.350201694915254
TAG56:5FA18:2	error	1.42694146341463	1.52237457627119
CER(16:0)	error	0.407739024390244	0.41306779661017
PC(18:2/18:3)	error	1.22889756097561	1.2941593220339
TAG49:2FA18:2	error	1.70844634146341	1.55953559322034
TAG54:3FA20:1	error	1.8067756097561	1.7977813559322
TAG44:0FA18:0	error	3.79755609756098	4.05587627118644
TAG54:1FA18:0	error	4.54384146341463	5.77842542372881
FFA(20:1)	error	6.76715609756098	6.71556610169492
TAG48:4FA14:0	error	0.291646341463415	0.26868813559322
TAG48:3FA16:1	error	2.64242682926829	2.27616271186441
TAG49:3FA18:3	error	0.1821	0.178181355932203
SM(18:0)	error	31.9578512195122	31.6708983050847
PE(P18:0/18:2)	error	4.36215609756098	4.89671694915254
TAG53:2FA16:0	error	1.22933414634146	1.20535593220339
PC(18:1/18:3)	error	1.00730487804878	1.06750508474576
TAG53:4FA20:4	error	0.17210487804878	0.141542372881356
TAG46:3FA16:0	error	0.302873170731707	0.396815254237288
LPC(18:1)	error	10.3643317073171	11.6623050847458
TAG50:2FA18:1	error	68.0948707317073	59.5812542372881
PI(18:0/18:1)	error	1.35766341463415	1.42863389830508
TAG48:1FA18:1	error	17.5413585365854	15.589913559322
TAG54:4FA18:0	error	8.97835365853659	10.3863220338983
TAG54:6FA16:1	error	0.966512195121951	0.825689830508475
TAG56:6FA20:4	error	7.77369268292683	7.05235254237288
PC(20:0/20:4)	error	1.85172682926829	1.80276440677966
TAG54:1FA20:0	error	1.48896585365854	1.48731186440678
TAG44:2FA18:2	error	0.897768292682927	1.14807966101695
PC(18:0/20:5)	error	6.68755609756098	8.0016
TAG58:7FA22:6	error	0.434529268292683	0.686669491525424
TAG52:3FA22:1	error	0.119287804878049	0.120869491525424
CE(16:1)	error	97.5192390243902	91.3492271186441
TAG54:2FA20:1	error	2.52465609756098	2.46117966101695
TAG44:1FA16:0	error	1.43798292682927	1.34117966101695
DAG(16:0/16:1)	error	0.300826829268293	0.247866101694915
TAG46:3FA14:1	error	0.185758536585366	0.161237288135593
TAG52:6FA20:4	error	0.925743902439024	0.735928813559322
CE(16:0)	error	323.199448780488	335.906942372881
PE(P18:0/20:3)	error	1.25861707317073	1.24192711864407
DAG(12:0/16:0)	error	0.163180487804878	0.220573728813559
TAG45:0FA14:0	error	0.20159756097561	0.195405084745763
FFA(18:2)	error	77.2377024390244	74.0601271186441
LPE(16:0)	error	0.811646341463415	0.89851186440678
CE(20:1)	error	2.07888048780488	2.25676440677966
DCER(22:0)	error	0.152453658536585	0.157072881355932
PC(14:0/18:1)	error	4.06505609756098	3.97102203389831
PE(18:1/22:6)	error	1.32575853658537	1.44627288135593
TAG48:4FA16:0	error	0.278092682926829	0.260686440677966
TAG54:2FA16:0	error	2.44948780487805	2.40419491525424
TAG58:9FA18:2	error	0.416075609756098	0.591306779661017
TAG52:5FA16:0	error	9.6878487804878	10.3336271186441
FFA(15:0)	error	12.5810463414634	13.0048254237288
TAG52:5FA18:1	error	3.26317317073171	3.43179491525424
TAG54:5FA18:1	error	36.8736341463415	43.2245084745763
FFA(24:0)	error	3.56383902439024	3.38406779661017
TAG54:5FA22:5	error	0.893241463414634	0.788415254237288
TAG58:8FA18:2	error	0.523614634146341	0.625194915254237
TAG44:0FA14:0	error	1.42548292682927	1.52585254237288
PE(P16:0/18:1)	error	0.715436585365854	0.809018644067797
CER(22:0)	error	0.688219512195122	0.712574576271186
TAG52:4FA18:1	error	33.0624268292683	33.9878644067797
TAG58:8FA20:3	error	0.203275609756098	0.172545762711864
PE(18:0/22:5)	error	1.39771707317073	1.33731525423729
TAG47:2FA18:1	error	0.214519512195122	0.199325423728814
CE(22:2)	error	0.167717073170732	0.180084745762712
TAG55:5FA18:2	error	0.328673170731707	0.361984745762712
TAG52:2FA14:0	error	0.236887804878049	0.22714406779661
FFA(22:4)	error	3.49363902439024	3.5072593220339
TAG54:1FA18:1	error	4.04474878048781	4.77122033898305
TAG40:0FA14:0	error	0.382734146341463	0.502457627118644
DAG(16:0/22:5)	error	0.0690121951219512	0.0680254237288136
DAG(18:0/22:6)	error	0.0348939024390244	0.0367457627118644
TAG47:1FA16:0	error	0.526480487804878	0.458206779661017
DAG(18:1/20:5)	error	0.18409756097561	0.264483050847458
TAG54:3FA16:1	error	0.340039024390244	0.344418644067797
MAG(16:0)	error	0.626631707317073	0.645220338983051
PI(16:0/18:2)	error	2.28676341463415	2.28685254237288
CE(22:6)	error	11.8090853658537	12.9400813559322
TAG46:4FA18:2	error	0.287965853658537	0.343003389830508
CE(18:4)	error	0.947248780487805	1.02622542372881
TAG54:2FA20:0	error	0.968056097560976	0.971922033898305
TAG56:6FA20:3	error	1.66475609756098	1.56139491525424
DAG(18:2/22:4)	error	0.0425317073170732	0.044128813559322
DCER(24:0)	error	0.202121951219512	0.216686440677966
TAG58:6FA16:0	error	0.146782926829268	0.15038813559322
PC(16:0/18:2)	error	476.418687804878	492.063230508475
TAG52:3FA18:2	error	169.346773170732	166.084608474576
TAG48:0FA18:0	error	1.79244390243902	1.94703220338983
TAG58:7FA18:2	error	0.38780243902439	0.400827118644068
TAG50:1FA16:1	error	4.5619	3.66191525423729
LPE(16:1)	error	0.0373536585365854	0.0329135593220339
TAG48:1FA14:1	error	0.337578048780488	0.288094915254237
TAG51:2FA18:2	error	1.96319756097561	1.80490677966102
TAG50:2FA16:0	error	96.497056097561	83.2561203389831
LCER(14:0)	error	0.144051219512195	0.160537288135593
LPE(22:6)	error	0.194529268292683	0.209357627118644
PE(18:1/20:4)	error	3.9788512195122	4.01556271186441
TAG54:4FA22:4	error	0.431907317073171	0.316584745762712
PE(16:0/18:2)	error	2.0855487804878	1.97603898305085
TAG50:4FA18:2	error	7.11786829268293	7.45681694915254
HCER(16:0)	error	0.621156097560976	0.657738983050847
PE(16:0/22:5)	error	0.94260243902439	0.870533898305085
PE(O18:0/18:1)	error	0.152824390243902	0.161467796610169
TAG44:1FA14:1	error	0.184236585365854	0.160689830508475
TAG56:7FA20:5	error	1.16078292682927	1.91983898305085
TAG45:0FA16:0	error	0.276743902439024	0.268754237288136
TAG46:0FA16:0	error	6.31974634146341	6.08006101694915
SM(24:1)	error	59.3640195121951	58.806413559322
TAG52:7FA22:6	error	0.183592682926829	0.245416949152542
CE(20:2)	error	1.9656	1.90993220338983
TAG54:5FA20:5	error	0.302973170731707	0.393569491525424
TAG45:0FA15:0	error	0.167143902439024	0.155774576271186
TAG56:5FA22:5	error	0.50819512195122	0.509669491525424
PC(18:0/16:1)	error	1.17638292682927	1.09908983050847
TAG49:2FA16:0	error	1.90846097560976	1.68902881355932
CE(20:5)	error	20.8686780487805	26.789886440678
HCER(22:1)	error	0.053019512195122	0.0551983050847458
TAG49:1FA16:0	error	3.68172195121951	3.10458305084746
TAG56:5FA18:1	error	4.36014390243902	4.20335423728814
TAG53:4FA18:3	error	0.367375609756098	0.385438983050847
PC(20:0/18:1)	error	1.12846585365854	1.21884915254237
TAG54:1FA20:1	error	0.346114634146341	0.341418644067797
DAG(12:0/18:1)	error	0.121878048780488	0.165918644067797
PE(P18:0/22:5)	error	2.60590243902439	2.72259491525424
