chemID	pval	/Users/m221138/RA_project/data/filled_qc_data/2class/MLR.clp.sc.ready.ignor.norm.qc.fillna.r.tsv	/Users/m221138/RA_project/data/filled_qc_data/2class/MLR.clp.sc.ready.ignor.norm.qc.fillna.other.tsv
TAG52:0FA20:0	0.668856856812938	0.389472881355932	0.41644347826087
TAG58:6FA22:5	0.575313142221968	0.344150847457627	0.31864347826087
TAG50:1FA20:1	0.81466016342443	0.185281355932203	0.188972463768116
TAG54:6FA20:3	0.960730916344507	0.578925423728814	0.590936231884058
CE(24:0)	error	0.258506779661017	0.250611594202899
LCER(22:0)	0.0372916731256965	0.236242372881356	0.206549275362319
TAG48:4FA16:1	error	0.346157627118644	0.351014492753623
TAG51:4FA16:0	0.576782641396633	1.2264186440678	1.21626666666667
PC(16:0/18:1)	0.955462836747391	202.387127118644	198.608098550725
TAG50:3FA14:1	error	0.976572881355932	1.02566811594203
CE(17:0)	0.903244569542954	7.02249491525424	6.60594492753623
TAG56:6FA22:6	0.950435212384714	0.805052542372881	0.716504347826087
PC(18:1/16:1)	0.572277544766232	7.47060847457627	7.69960869565217
TAG53:3FA16:0	0.507858456272022	0.87261186440678	0.851508695652174
TAG54:4FA20:4	0.593689878843859	1.69132542372881	1.89705507246377
DAG(14:0/20:4)	0.126897882695701	0.0300466101694915	0.0374094202898551
CE(18:2)	0.112952035326166	1385.21618644068	1300.85595217391
DAG(14:1/18:1)	0.930781477095627	0.148618644067797	0.15083768115942
DCER(20:0)	0.0796267602991956	0.0597254237288136	0.0534652173913043
LCER(20:1)	0.293196094449617	0.0369050847457627	0.0347913043478261
TAG54:3FA16:0	0.663047084520874	3.84783898305085	3.77424492753623
TAG48:3FA14:0	error	2.60826101694915	2.5219231884058
TAG56:1FA18:1	0.649225042607025	0.382764406779661	0.40153768115942
TAG58:9FA18:1	0.627164907368761	0.578016949152542	0.446947826086956
PE(P18:1/22:4)	0.393100205518652	0.86073220338983	0.840369565217391
TAG54:4FA16:0	0.987489197776561	4.97276271186441	5.13349565217391
PC(18:2/16:1)	0.696740290542172	12.0976542372881	11.5895971014493
DAG(14:0/18:1)	0.768351510650775	0.416240677966102	0.404071014492754
TAG46:2FA14:1	0.976174645832411	0.43188813559322	0.5026
TAG52:4FA20:0	0.302850563602165	0.519557627118644	0.478011594202899
PC(18:0/18:2)	0.228970480152913	184.322423728814	174.427495652174
PE(P16:0/22:4)	error	2.80047966101695	2.75372173913043
TAG50:4FA16:0	0.603062757116981	1.52302711864407	1.54106956521739
DAG(18:1/20:1)	0.674407344613372	0.104896610169492	0.100560869565217
LPC(15:0)	0.0704264057160781	0.197710169491525	0.181650724637681
TAG48:3FA18:2	0.192500707429053	6.65219661016949	5.38493623188406
TAG52:6FA22:6	0.511390912854189	0.412005084745763	0.384757971014493
TAG56:7FA18:3	0.834132713470638	0.380276271186441	0.372924637681159
PC(18:0/22:6)	0.915102543584847	13.0204	12.6990753623188
SM(26:1)	0.788292319552826	0.550320338983051	0.546891304347826
TAG48:2FA14:0	1.4239667290127e-89	10.6841898305085	10.7305637681159
TAG48:3FA18:1	0.149069890021941	4.59306610169492	3.10608115942029
DAG(16:1/18:2)	0.741703608959549	0.886728813559322	0.940452173913043
TAG53:6FA18:3	0.426722062640035	2.84253220338983	2.84670869565217
PC(16:0/12:0)	0.317085833651072	0.5606	0.493057971014493
TAG51:5FA18:2	error	0.2469	0.204960869565217
PE(P16:0/20:4)	0.48961768071779	10.2864423728814	10.1042927536232
TAG49:1FA16:1	0.970869497193361	0.280283050847458	0.314995652173913
TAG56:5FA20:1	0.151647664672207	0.472513559322034	0.386369565217391
LPE(18:0)	0.119864628626772	1.14136949152542	1.08669275362319
FFA(20:4)	0.11279863686124	5.25124406779661	5.47141304347826
TAG46:1FA14:1	0.56862143452423	1.09680508474576	1.21285942028986
TAG46:3FA14:0	error	0.285201694915254	0.255710144927536
PE(P18:1/22:5)	0.689662670264617	0.907894915254237	0.898485507246377
TAG50:1FA14:0	0.635640686407809	3.24579491525424	3.2008347826087
TAG56:8FA20:4	0.531554298257026	2.26337966101695	2.41944637681159
TAG56:4FA20:1	0.312107311956659	1.12107627118644	0.970363768115942
MAG(18:3)	0.84168137416088	0.0937966101694915	0.0922420289855072
PE(18:0/20:4)	2.04983914113346e-163	15.6206169491525	16.1418115942029
TAG53:2FA18:1	0.781968291892312	6.11649322033898	6.11718405797101
TAG54:7FA22:5	0.541945122173138	0.257815254237288	0.24656231884058
TAG60:12FA22:6	error	0.266303389830508	0.209475362318841
PC(18:0/20:2)	0.761627999569711	1.69016610169492	1.67155942028986
LPC(18:2)	0.0355450714198802	8.52389661016949	7.43222463768116
PC(15:0/18:2)	0.368645427322472	1.24505084745763	1.13218405797101
DAG(18:1/18:1)	0.671938614556593	3.88807288135593	3.73214637681159
TAG56:4FA22:4	0.553086634900734	0.158579661016949	0.184027536231884
TAG56:9FA20:5	0.541094852911102	0.819157627118644	0.533994202898551
TAG49:2FA14:0	0.757918541882579	0.418501694915254	0.433976811594203
PC(16:0/18:3)	0.379053896726418	7.25939830508475	6.57964927536232
LPE(22:5)	0.63232591933466	0.151779661016949	0.149915942028986
TAG54:6FA20:5	0.716374746180134	2.80850338983051	2.28767826086957
TAG56:7FA22:6	0.904239623670776	5.9762593220339	5.0876884057971
TAG51:4FA16:1	0.814295044193752	0.285681355932203	0.294440579710145
TAG52:5FA20:5	0.951321387670548	0.691398305084746	0.616623188405797
SM(20:0)	0.102478307437721	46.7519016949153	41.9588434782609
TAG55:5FA20:4	0.379228243370807	0.281362711864407	0.306910144927536
TAG58:6FA20:4	0.67440774522833	0.142515254237288	0.144057971014493
PE(O18:0/20:4)	0.678408125407077	2.06824915254237	2.04384347826087
DAG(18:2/18:3)	0.679653795998333	0.320586440677966	0.303195652173913
TAG48:4FA18:3	0.134228627802849	0.820642372881356	0.608140579710145
TAG52:0FA16:0	0.548654939995264	3.00156101694915	2.87642898550725
TAG58:9FA22:5	0.681578234379517	0.4141	0.370153623188406
TAG58:9FA22:6	0.750961960141815	1.90485254237288	1.38963768115942
PE(P18:1/16:0)	0.41151738962954	0.20521186440678	0.1881
DAG(14:0/18:2)	0.492026270223709	0.369705084745763	0.357836231884058
TAG54:0FA18:0	0.327839761986109	0.965623728813559	0.752178260869565
TAG56:2FA16:0	0.643987039614291	0.206394915254237	0.22836231884058
TAG56:8FA22:5	0.981182921051063	0.500271186440678	0.474598550724638
PC(16:0/20:2)	0.867506258581568	5.6169593220339	5.48707971014493
PC(15:0/18:1)	0.387336169106116	0.785283050847458	0.728201449275362
TAG56:7FA18:2	0.987398687017063	3.31261016949153	3.19919130434783
LPE(18:1)	error	0.67425593220339	0.620831884057971
TAG50:2FA16:1	0.891149264405471	28.0917152542373	32.2638710144928
PC(17:0/18:1)	0.906758239767609	1.33888305084746	1.27141739130435
DAG(16:0/18:1)	0.60433666463753	2.94191355932203	2.95433768115942
LPC(22:5)	0.488952829845449	0.336515254237288	0.317321739130435
TAG46:0FA18:0	0.295269531879739	1.08477966101695	0.64153768115942
PE(18:0/20:5)	0.956954855216337	2.16865762711864	2.02477246376812
LPE(22:4)	0.98836236512484	0.0568627118644068	0.0598
TAG46:1FA18:1	0.457819729984028	6.55290847457627	5.22732173913043
TAG58:10FA20:4	0.173153657465049	0.587945762711864	0.661830434782609
DAG(14:0/16:1)	0.459008588153997	0.0664372881355932	0.075095652173913
SM(24:0)	0.891426559762032	27.8537288135593	27.1606782608696
TAG53:6FA18:2	0.565216088129482	1.65217457627119	1.65305797101449
HCER(18:0)	0.572804872239057	0.0732576271186441	0.0669478260869565
LPC(20:3)	0.533585518686081	1.7999813559322	1.79602608695652
TAG53:5FA18:2	0.841264341715075	11.4718847457627	11.3500420289855
TAG50:1FA18:0	0.920183041067141	5.16308983050847	5.56154492753623
TAG52:5FA20:3	0.974719507339952	0.338945762711864	0.354857971014493
PE(P16:0/22:5)	error	2.69876779661017	2.64644637681159
TAG44:0FA12:0	0.258495809531361	1.49416440677966	0.842831884057971
TAG55:6FA18:1	0.991995393357455	1.46719152542373	1.45052608695652
PC(20:0/18:2)	0.0793025635222411	3.51201016949153	3.17970579710145
PE(P18:0/18:1)	0.724149696751568	1.08827627118644	1.03308550724638
MAG(18:2)	0.603120741858457	0.11278813559322	0.101840579710145
TAG52:5FA18:2	0.245170744318265	19.4689779661017	17.1836971014493
SM(16:0)	0.755955928707267	171.858742372881	166.646936231884
TAG49:1FA18:1	0.983610532939793	2.64981186440678	2.85921884057971
FFA(14:0)	0.605027812980913	35.2963525423729	35.0508797101449
TAG56:4FA20:4	0.83108601114017	0.513894915254237	0.529230434782609
TAG46:2FA18:2	error	3.65982033898305	2.45486666666667
FFA(16:0)	0.490714261599534	633.312620338983	634.075710144928
TAG52:5FA22:5	error	0.419042372881356	0.406588405797101
PE(P18:1/20:3)	0.575202105245727	0.468681355932203	0.484497101449275
TAG56:8FA18:3	0.839198177650502	0.475862711864407	0.474389855072464
TAG46:3FA16:1	0.20404729002865	0.414864406779661	0.333930434782609
TAG50:1FA18:1	0.900158894425956	53.8872084745763	59.1192985507246
TAG44:0FA16:0	0.314681875944304	3.56218813559322	2.23744637681159
CE(22:5)	0.828358738892865	2.36636101694915	2.36212028985507
TAG49:2FA16:1	0.951611937885085	0.775081355932203	0.858404347826087
TAG53:4FA18:1	0.596736804637377	17.4273271186441	17.4165072463768
TAG52:3FA20:3	0.604440703693724	0.930115254237288	1.09625217391304
TAG49:1FA17:0	0.90584392078145	0.574891525423729	0.630959420289855
TAG56:7FA18:1	0.643403146650074	3.46786610169492	3.07320289855072
TAG50:2FA18:0	error	2.05420338983051	1.99021449275362
TAG44:2FA16:0	error	0.607716949152542	0.585588405797101
TAG44:3FA18:2	0.245601060897358	0.238628813559322	0.203108695652174
TAG47:0FA15:0	0.72523052071386	0.358145762711864	0.372763768115942
TAG54:7FA16:1	0.593341004206053	0.536369491525424	0.55954347826087
TAG52:3FA20:2	0.879514797846509	0.670425423728814	0.702692753623188
TAG52:5FA16:1	0.398162241752623	9.23460677966102	8.45079420289855
TAG51:2FA15:0	error	2.51061016949153	2.46879565217391
TAG54:7FA20:4	0.494115650604282	1.35814406779661	1.50098260869565
PE(P18:1/18:2)	0.511411448333985	1.93965254237288	1.78835507246377
TAG52:1FA16:1	0.956488456045221	0.429323728813559	0.460371014492754
TAG47:1FA15:0	0.884085148240838	0.411415254237288	0.440976811594203
TAG50:5FA14:0	error	0.813422033898305	0.646089855072464
TAG55:1FA16:0	0.974842651413288	0.943086440677966	0.811839130434783
TAG56:3FA18:0	0.626276593046707	0.437503389830508	0.422401449275362
TAG50:2FA14:0	1.90522029840746e-96	15.1437050847458	14.8283376811594
TAG56:2FA18:1	0.911742227403607	1.77650508474576	1.66532173913043
TAG51:3FA18:2	0.598672216751007	4.30114576271186	4.27061884057971
PC(16:0/16:1)	0.216511961069189	9.38668474576271	10.5782217391304
TAG51:1FA16:0	0.974246247925834	2.84195762711864	3.09548550724638
TAG52:3FA18:1	0.0061098371024073	189.457025423729	186.017875362319
TAG56:4FA18:1	error	2.57968813559322	2.38785797101449
TAG54:4FA20:1	0.269059276722868	0.346715254237288	0.313814492753623
TAG56:7FA18:0	0.616375462663619	0.268657627118644	0.213857971014493
TAG54:4FA18:3	0.0939018709050036	2.56169830508475	2.09921014492754
TAG56:7FA20:3	0.746086845650223	0.700279661016949	0.702782608695652
PE(18:0/18:1)	error	1.92394237288136	1.90308550724638
TAG50:4FA14:1	0.46275616056666	0.735527118644068	0.726808695652174
TAG47:2FA18:2	0.464336483676299	0.30251186440678	0.282671014492754
TAG50:5FA18:1	0.202009708769895	0.218838983050847	0.192968115942029
TAG53:4FA18:0	0.60965171093369	1.11417118644068	1.11216376811594
PC(16:0/20:3)	0.332669044465583	59.4231406779661	63.4278362318841
TAG56:6FA18:2	0.972256706568625	2.60429830508475	2.55868405797101
PC(14:0/20:4)	0.211540345315848	3.59684406779661	3.84629855072464
PC(18:1/22:5)	0.246351722191221	1.35189152542373	1.27044637681159
LCER(24:1)	0.139454776511229	0.328801694915254	0.295149275362319
DAG(15:0/18:1)	0.61808926333069	0.123661016949153	0.122272463768116
TAG45:1FA16:0	0.732361545080471	0.138686440677966	0.146649275362319
TAG56:4FA20:3	0.999601152112521	0.672833898305085	0.685365217391304
TAG60:10FA22:6	error	0.178283050847458	0.161768115942029
TAG54:5FA22:1	error	0.270315254237288	0.224324637681159
PE(16:0/22:6)	0.839982048825068	3.96909491525424	4.16867971014493
LPE(18:2)	0.0448012011593644	0.515252542372881	0.427092753623188
TAG54:6FA20:4	0.4646772429818	8.20756440677966	9.1849231884058
TAG54:2FA18:1	0.234403030960651	36.3534627118644	31.7257768115942
TAG56:8FA16:1	0.888676287660514	0.315215254237288	0.283279710144928
TAG58:9FA20:4	0.103198294552581	0.716927118644068	0.842628985507246
PE(16:0/18:1)	0.675091324021542	0.851184745762712	0.912469565217391
DAG(16:1/16:1)	0.966318000805709	0.0930016949152542	0.0981202898550725
PC(18:1/22:6)	0.990472444937381	3.42973559322034	3.25583188405797
TAG52:4FA20:2	error	0.256033898305085	0.239559420289855
TAG42:0FA16:0	0.313063662901987	1.37745593220339	0.949855072463768
TAG52:2FA20:1	0.910972322807128	0.562079661016949	0.592265217391304
TAG52:4FA16:1	0.458369247118936	23.0710915254237	21.8222333333333
TAG58:8FA22:5	0.533763235778396	0.887410169491525	0.793782608695652
TAG56:8FA16:0	0.912210334585598	1.17118474576271	1.01856231884058
FFA(20:2)	1.15581048463458e-23	11.2511813559322	6.27333623188406
TAG46:3FA18:1	error	0.578371186440678	0.521439130434783
TAG50:4FA20:4	0.648512199565281	0.502877966101695	0.590571014492754
TAG53:2FA17:0	0.83325293524387	3.17454745762712	3.16219855072464
PE(18:1/18:2)	0.223996368579189	2.15230508474576	1.98208695652174
TAG51:1FA17:0	0.945590213863565	2.33793728813559	2.53108695652174
TAG54:2FA20:2	0.658610671600928	0.291598305084746	0.293724637681159
TAG56:6FA18:1	0.928666098513648	5.46237118644068	5.41670434782609
FFA(22:1)	0.480051637073296	11.9522271186441	12.5571449275362
LPC(16:1)	0.566990420645303	1.02059661016949	1.03130289855072
PC(14:0/20:3)	0.504720764256921	0.94775593220339	0.997482608695652
TAG48:3FA12:0	0.159546747743812	3.92117796610169	2.52760579710145
TAG54:6FA16:0	0.935473687898579	3.46879830508475	3.48329130434783
TAG46:0FA14:0	0.710380834708123	3.07213728813559	3.14363333333333
FFA(22:5)	0.390763186888732	4.50979661016949	4.59072898550725
TAG56:2FA20:1	0.465298474343686	0.377171186440678	0.340850724637681
TAG58:5FA18:1	0.740582838189606	0.191210169491525	0.193872463768116
TAG50:4FA20:3	0.825699924934936	0.126686440677966	0.130905797101449
TAG52:1FA20:0	0.606268343397809	0.321076271186441	0.346468115942029
PE(O18:0/22:5)	0.549206095830757	0.464584745762712	0.43826231884058
TAG53:7FA18:3	0.416195635123915	0.342422033898305	0.336205797101449
TAG50:3FA18:0	error	0.354772881355932	0.320614492753623
TAG46:3FA18:3	error	0.430045762711864	0.258223188405797
TAG54:7FA18:1	0.135899310579064	0.931908474576271	0.721604347826087
TAG55:4FA18:2	0.0349028481542121	0.518101694915254	0.431266666666667
PE(P18:0/22:6)	0.79504728185305	7.41841694915254	7.16969855072464
FFA(18:1)	0.395399729084346	119.440074576271	126.521556521739
TAG50:5FA20:4	0.952399014124049	0.287820338983051	0.31003768115942
TAG53:3FA18:1	0.576989351364114	11.3123203389831	11.1280391304348
TAG50:5FA16:1	error	0.317338983050847	0.316191304347826
TAG50:4FA16:1	error	2.75782711864407	2.72553623188406
TAG52:4FA20:4	0.434092533925904	2.4133186440678	2.97950144927536
PC(18:1/20:5)	0.699670722008185	2.12707542372881	1.83088913043478
DAG(18:2/20:4)	0.206463394567028	0.441410169491525	0.508831884057971
TAG54:7FA18:2	0.197588126831102	5.57695423728814	4.11628115942029
TAG56:7FA22:4	0.712075170178356	0.175406779661017	0.185497101449275
DAG(18:2/22:6)	0.916003282381778	0.123537288135593	0.10073768115942
TAG49:2FA15:0	error	1.52743050847458	1.56207536231884
TAG46:3FA12:0	error	0.568425423728814	0.373092753623188
TAG47:0FA16:0	0.646857949855675	0.8323	0.847059420289855
PC(18:2/18:2)	0.057758782308966	16.2588745762712	14.1360217391304
PC(18:2/20:3)	0.456632075897059	2.26236440677966	2.20710144927536
CE(15:0)	0.572679756145298	6.79306949152542	6.17053333333333
TAG54:1FA16:0	0.991524051441314	0.808194915254237	0.80698115942029
TAG49:2FA17:0	0.805770789764419	0.269023728813559	0.279071014492754
TAG54:8FA18:3	0.142016783363719	0.778750847457627	0.551395652173913
DAG(16:1/18:0)	0.239548764835534	0.18954406779661	0.209866666666667
PC(16:0/18:0)	0.322537586491759	13.6750508474576	13.4219913043478
TAG54:5FA18:3	0.0712813434715357	9.61980847457627	7.69453623188406
LPE(20:3)	0.476858268059409	0.156554237288136	0.153031884057971
TAG55:1FA18:1	0.342963046895871	0.712879661016949	0.535288405797101
TAG55:2FA18:2	0.548433398215825	0.53815593220339	0.411259420289855
PC(18:0/20:4)	0.524315047718471	89.9299559322034	93.9278
TAG54:5FA20:3	0.864434559172734	3.18790508474576	3.34034927536232
TAG56:3FA20:1	0.451419357463808	1.27996101694915	1.1112231884058
TAG48:3FA14:1	error	1.32956610169492	1.44028550724638
TAG56:8FA20:5	0.386182199490635	1.75588644067797	1.14773768115942
DAG(14:0/16:0)	0.803509116686039	0.262877966101695	0.26205652173913
SM(26:0)	0.382525131252693	0.317598305084746	0.297224637681159
TAG51:4FA18:2	error	1.97175254237288	1.78315797101449
TAG56:7FA16:0	0.760027717615943	2.95911186440678	2.6221884057971
TAG48:4FA18:2	0.135725992913658	2.75025254237288	1.64818405797101
TAG50:5FA18:3	error	0.880937288135593	0.756620289855072
TAG53:0FA16:0	0.654864965606887	0.901835593220339	0.76293768115942
TAG44:1FA16:1	0.625431539081198	0.507342372881356	0.494315942028985
TAG60:11FA22:6	0.753195206204888	0.256303389830508	0.215801449275362
LPC(20:0)	0.13996124284788	0.380691525423729	0.358147826086957
TAG52:4FA14:0	0.886524322396501	0.422625423728814	0.438404347826087
TAG53:6FA18:1	0.829082922656394	2.83766271186441	2.83313333333333
PI(18:1/18:2)	0.210549236255468	1.00526610169492	0.929376811594203
TAG52:4FA18:0	error	0.351406779661017	0.33464347826087
PE(18:1/20:3)	0.938571961670367	0.306972881355932	0.314573913043478
MAG(16:1)	0.617795817357062	0.0511754237288136	0.0514514492753623
SM(22:0)	0.359824590162525	56.128013559322	53.1077942028986
TAG55:8FA20:4	0.332253036391033	0.391693220338983	0.395917391304348
TAG58:6FA18:1	0.775421573688718	0.591471186440678	0.584785507246377
TAG56:5FA16:0	0.741491534923344	1.28774576271186	1.40716956521739
DAG(18:2/20:5)	0.765349089051692	0.196762711864407	0.135611594202899
TAG58:2FA18:1	0.66717503574498	0.429316949152542	0.451427536231884
CE(22:0)	0.844014799236801	0.77826779661017	0.733705797101449
TAG54:5FA22:4	0.588791815259969	0.319837288135593	0.384023188405797
TAG58:3FA18:1	0.798961006236391	0.280371186440678	0.283702898550725
TAG56:3FA20:2	0.356796867929496	0.225127118644068	0.212349275362319
TAG52:2FA18:2	1.13810302823966e-81	22.9807745762712	22.2715652173913
TAG53:4FA16:0	0.600648062071356	0.295842372881356	0.291505797101449
LCER(22:1)	0.509700532757845	0.0675559322033898	0.0653985507246377
LPC(20:4)	0.460730572244312	2.43090677966102	2.43381594202899
TAG48:2FA12:0	error	4.03465762711864	2.70021594202899
TAG58:7FA22:4	0.930145764748517	0.29338813559322	0.299466666666667
PC(18:0/18:0)	error	1.09748644067797	1.07839565217391
CE(18:3)	0.483991423560867	48.5819644067797	46.2389971014493
TAG51:4FA20:4	0.481866145389924	0.135342372881356	0.155986956521739
TAG56:4FA20:2	0.440741766844756	0.807408474576271	0.758182608695652
DAG(15:0/18:2)	0.515581032797059	0.274464406779661	0.274352173913043
TAG46:1FA16:0	0.515423485568269	6.31898305084746	5.30799710144928
DAG(16:0/16:0)	0.772180977816491	0.796333898305085	0.828336231884058
TAG54:5FA18:2	4.31905906140818e-51	53.2664203389831	44.6818304347826
TAG42:1FA12:0	0.359404706451241	1.12829152542373	0.489578260869565
DAG(18:1/20:2)	0.722057833540729	0.155089830508475	0.159936231884058
TAG52:7FA16:0	0.522817216075704	0.515618644067797	0.486263768115942
TAG55:5FA18:1	0.399787028783543	0.335935593220339	0.313821739130435
TAG52:2FA20:0	error	0.185257627118644	0.177657971014493
TAG46:1FA14:0	0.817173532769163	3.69860847457627	3.95357536231884
DAG(16:1/20:2)	0.335983132417356	0.0675525423728814	0.0748724637681159
TAG53:5FA18:1	0.978874118707525	9.03175593220339	9.00274927536232
CER(18:0)	0.526026163624123	0.108493220338983	0.113531884057971
CE(24:1)	0.298361471478432	0.451357627118644	0.470891304347826
PC(18:2/20:4)	0.963072754476498	9.9763813559322	10.0958492753623
PC(16:0/16:0)	0.24045266023547	16.1031762711864	15.389484057971
TAG50:6FA20:4	0.503342607583152	0.148508474576271	0.131228985507246
TAG52:2FA18:0	1.41798416362748e-116	16.572506779661	16.269531884058
TAG55:2FA18:1	0.16438134778761	0.72231186440678	0.482234782608696
CER(24:1)	0.516147706387884	0.607359322033898	0.606353623188406
PE(18:0/18:2)	error	7.97748305084746	7.58071594202899
TAG52:0FA18:0	error	4.28534745762712	4.0766
TAG50:4FA14:0	0.172535391963229	5.25932033898305	4.49455072463768
TAG52:2FA20:2	0.825685732312789	0.482128813559322	0.537039130434783
TAG58:6FA18:0	error	0.292576271186441	0.266298550724638
TAG55:6FA20:4	0.246448694602346	0.378728813559322	0.408084057971014
PE(P18:0/22:4)	0.256521880879866	2.94356949152542	2.82921449275362
TAG51:2FA18:1	0.795746759358548	7.55079491525424	7.82307826086956
TAG50:2FA18:2	0.583296633523252	33.2206728813559	34.0231260869565
TAG53:3FA18:2	0.575561454822959	3.60182542372881	3.46757971014493
CER(24:0)	0.725590673185458	1.90453728813559	1.80308695652174
DCER(22:1)	0.795696907649777	0.0638338983050847	0.062104347826087
TAG46:2FA12:0	error	2.96073559322034	1.9308
SM(22:1)	0.818431745770431	34.139806779661	33.3190188405797
TAG48:1FA16:0	0.877670393738168	20.2252186440678	23.177531884058
TAG56:3FA18:2	0.63723953425095	0.561757627118644	0.517786956521739
DAG(18:2/22:5)	0.803332242762298	0.0992542372881356	0.100060869565217
TAG57:9FA22:6	error	3.46726610169492	3.47145217391304
PC(18:1/18:1)	0.473193400636409	12.9220728813559	12.4575507246377
TAG52:4FA22:4	0.792455267802879	0.131801694915254	0.148402898550725
PI(16:0/20:3)	0.60062124748484	0.424291525423729	0.404433333333333
TAG50:2FA20:2	0.962911485611278	0.158861016949153	0.169015942028986
TAG58:10FA22:6	0.936449988831817	0.875713559322034	0.653710144927536
TAG54:4FA22:1	0.159304518283351	0.247361016949153	0.217305797101449
TAG42:0FA14:0	0.288640046508931	1.01401186440678	0.613321739130435
TAG47:0FA17:0	0.771981998227529	0.218933898305085	0.220608695652174
TAG48:2FA16:1	0.89900960703633	5.34297627118644	6.23788985507246
TAG54:3FA20:2	0.665552063918161	2.3999406779661	2.35118260869565
TAG42:1FA16:1	error	0.183033898305085	0.172452173913043
FFA(18:4)	0.83898374088578	3.09834915254237	3.08967971014493
DAG(16:0/22:6)	0.845105324680315	0.0605372881355932	0.0559347826086957
SM(14:0)	0.334703044113237	18.5405576271186	17.1664376811594
TAG47:1FA16:1	0.916909716780221	0.230330508474576	0.248707246376812
TAG51:4FA15:0	error	1.09618644067797	0.971486956521739
TAG47:2FA16:1	0.882409781464385	0.111666101694915	0.12124347826087
PC(16:0/22:6)	0.993876085168027	52.820806779661	50.1066115942029
LPC(17:0)	0.311847434255358	0.695689830508475	0.636223188405797
TAG55:3FA18:1	0.193529270842305	1.00022033898305	0.832624637681159
TAG46:3FA18:2	error	1.03033559322034	0.877113043478261
TAG53:1FA17:0	0.768081439676214	0.623091525423729	0.622902898550725
HCER(24:0)	0.414885961726145	0.762340677966102	0.692676811594203
TAG53:6FA20:4	0.873424690734961	0.146008474576271	0.155092753623188
TAG54:3FA18:2	0.167917315786977	21.7190372881356	19.3425391304348
TAG48:5FA18:3	0.0999783044651175	0.342722033898305	0.180466666666667
TAG50:2FA14:1	0.885274065617636	0.266247457627119	0.285142028985507
TAG52:4FA22:1	error	0.169222033898305	0.157531884057971
TAG52:1FA16:0	0.667418434380084	29.7765711864407	30.2083608695652
TAG54:4FA16:1	0.634214592586202	0.579593220338983	0.560220289855072
TAG48:4FA12:0	0.119065993479645	1.65550338983051	0.912824637681159
TAG58:7FA16:0	0.286049208748185	0.245277966101695	0.206255072463768
TAG51:2FA16:0	0.957892886732885	4.3813593220339	4.70972463768116
TAG56:6FA18:3	0.459002784703095	0.246722033898305	0.220444927536232
LCER(16:0)	0.63678722210502	3.51067118644068	3.38157536231884
TAG52:6FA18:2	0.266002456662913	1.89317796610169	1.6444115942029
DCER(22:2)	error	0.0958966101694915	0.0938130434782609
DAG(18:0/18:3)	0.530413568436306	0.067471186440678	0.0641565217391304
TAG48:2FA18:2	3.25306557895662e-143	9.36575254237288	8.9862115942029
LPC(20:1)	0.0539471030047848	0.319793220338983	0.287423188405797
TAG54:8FA20:5	0.62168593819597	0.426683050847458	0.323160869565217
FFA(22:0)	0.344361983965174	6.00792372881356	6.15897246376812
TAG53:1FA18:1	0.481815603712804	1.16628644067797	1.09032028985507
TAG55:6FA20:3	0.602396567035328	2.19077288135593	2.19292898550725
TAG51:4FA18:3	error	0.469576271186441	0.439427536231884
TAG58:10FA22:5	0.88470314033206	0.115461016949153	0.0971376811594203
CE(20:0)	0.575777343489941	0.857972881355932	0.753595652173913
FFA(14:1)	0.950957948939324	3.58281355932203	3.62375507246377
TAG48:1FA16:1	0.713111624759191	3.95045084745763	4.89622753623188
TAG53:2FA18:0	0.669216184477776	0.979530508474576	0.974313043478261
TAG54:6FA18:2	0.178607207937607	24.0116169491525	19.200331884058
FFA(12:0)	0.761317098405528	10.8302728813559	10.1348289855072
TAG51:1FA18:0	0.972348830721735	0.674920338983051	0.716221739130435
DAG(18:1/22:6)	0.970077641202412	0.154530508474576	0.131185507246377
DAG(18:1/20:3)	0.57786054448358	0.241467796610169	0.262392753623188
CE(20:3)	error	28.1873677966102	29.4001275362319
TAG36:0FA12:0	0.519103774648945	0.841066101694915	0.241095652173913
TAG53:2FA18:2	error	0.679032203389831	0.623359420289855
TAG53:1FA16:0	0.324511426199147	0.603786440677966	0.486247826086957
DAG(16:0/18:3)	error	0.186872881355932	0.183866666666667
PC(18:2/22:6)	0.521320854994034	1.89373050847458	1.84389855072464
PC(16:0/20:5)	0.696572556197393	18.0623118644068	14.8188536231884
TAG47:2FA14:0	0.569809827428134	0.224935593220339	0.220259420289855
PE(18:0/22:6)	0.411338754053803	4.70242542372881	5.08809565217391
HCER(24:1)	0.533894095577366	0.488013559322034	0.453421739130435
PI(18:0/16:0)	error	0.182189830508475	0.164973913043478
TAG53:4FA18:2	0.597634983295687	3.6405813559322	3.45394057971015
TAG54:5FA16:1	0.965635904464973	0.767157627118644	0.800353623188406
PE(16:0/20:4)	0.863769514492797	2.51646271186441	2.62544637681159
TAG52:1FA18:0	0.647100731381741	23.2830644067797	23.5636724637681
PI(18:1/18:1)	0.404843314462216	1.30631186440678	1.25630144927536
TAG54:5FA20:4	0.390163535501344	10.3759576271186	11.8686565217391
DAG(18:1/18:2)	error	8.63016101694915	8.48248260869565
TAG56:8FA18:2	0.964772078975105	2.09139322033898	1.86746811594203
TAG56:8FA18:1	0.42773661926827	0.881193220338983	0.667814492753623
TAG46:1FA16:1	0.902259700887085	1.38127966101695	1.60909130434783
TAG53:5FA18:3	0.346053781239438	0.483859322033898	0.445679710144928
DAG(18:0/18:1)	0.660778446112479	0.692076271186441	0.649860869565217
TAG42:1FA14:0	0.57736594623302	0.253330508474576	0.245130434782609
DAG(16:0/18:0)	0.871126040709916	0.705076271186441	0.739050724637681
TAG46:2FA16:1	0.682838275097648	1.07580169491525	1.11247391304348
TAG56:7FA16:1	0.865404982496196	0.314786440677966	0.301042028985507
PC(18:0/22:5)	0.839429982550027	4.91276949152542	5.0826884057971
TAG47:1FA17:0	0.556602758813127	0.149838983050847	0.140410144927536
TAG49:0FA17:0	0.767167178780121	0.534618644067797	0.558589855072464
PC(18:0/22:4)	0.300836983299438	1.82538474576271	2.01082898550725
TAG54:8FA22:6	0.472698531135202	0.463328813559322	0.377749275362319
LCER(20:0)	0.147831050003088	0.0691593220338983	0.0647188405797101
TAG44:1FA14:0	error	1.30157118644068	1.01263623188406
TAG50:3FA20:3	0.664191681082551	0.286389830508475	0.337934782608696
TAG54:5FA18:0	0.117951355358644	1.53612203389831	1.19931304347826
TAG48:1FA14:0	0.907351560750825	13.5974796610169	14.5093014492754
TAG40:0FA12:0	0.289071547250622	1.13508305084746	0.352384057971014
DAG(16:0/20:4)	0.206690409220863	0.210735593220339	0.251984057971014
TAG52:6FA16:1	0.3334843445505	1.43058983050847	1.27815217391304
TAG54:0FA16:0	0.60754036823358	0.247301694915254	0.258255072463768
CE(22:1)	0.755496718554869	0.253506779661017	0.242953623188406
DAG(16:0/20:3)	0.409634857155523	0.0904508474576271	0.101173913043478
TAG52:4FA20:3	0.754699733155157	1.0795593220339	1.22929710144928
TAG51:3FA16:1	0.898101609750392	0.723186440677966	0.772284057971015
TAG52:3FA20:0	0.290230408864869	0.453503389830508	0.431184057971015
TAG47:1FA18:1	0.83495928635272	0.509493220338983	0.531795652173913
TAG53:3FA17:0	0.645581856667012	3.47874745762712	3.34134492753623
TAG54:7FA20:5	0.728874522425139	2.29080677966102	1.80327536231884
TAG56:6FA20:5	0.650647173387951	0.602596610169492	0.441608695652174
TAG50:0FA18:0	0.713652411074356	6.01136101694915	6.19488695652174
TAG50:4FA18:1	0.204577750796375	1.60766101694915	1.44994202898551
PE(18:1/22:5)	error	0.421961016949153	0.433755072463768
TAG46:2FA18:1	0.636831006800773	1.80297966101695	1.77965942028986
TAG47:1FA14:0	0.901341351935031	0.454420338983051	0.488657971014493
PC(18:0/18:1)	0.507279728595691	30.0586389830508	29.3885652173913
TAG50:0FA16:0	0.828733151904815	14.9123016949153	15.8603304347826
TAG54:6FA22:6	0.90730803819698	1.20752711864407	1.16950869565217
TAG56:7FA20:4	0.541341848030041	5.16655423728814	5.52247536231884
TAG52:4FA16:0	2.57838209311231e-12	74.9866118644068	69.4903913043478
TAG42:1FA16:0	0.618431352655706	0.387523728813559	0.392472463768116
LPC(22:6)	0.522062851972196	0.361476271186441	0.333936231884058
PI(18:0/20:2)	0.494591969112818	0.228337288135593	0.223976811594203
TAG52:2FA18:1	0.704922865780315	254.503366101695	258.896047826087
TAG52:3FA16:1	3.00347554677673e-62	22.1105728813559	21.7387855072464
TAG51:3FA18:3	0.456429888709194	0.193613559322034	0.181479710144928
TAG52:7FA18:1	error	0.246247457627119	0.234633333333333
DAG(18:1/22:5)	0.606185923037322	0.146466101694915	0.141579710144928
TAG56:5FA20:2	0.322867813624477	0.765671186440678	0.681128985507246
TAG46:1FA18:0	0.682962622787942	0.286252542372881	0.275898550724638
TAG56:5FA20:4	0.789170587906428	3.8690813559322	3.92072028985507
TAG56:2FA20:0	0.641404325246992	0.875218644067797	0.766766666666667
DAG(18:0/18:2)	0.41821462380282	0.788110169491525	0.75838115942029
DAG(16:0/20:5)	0.941126629076508	0.0833627118644068	0.0658376811594203
PC(18:1/20:3)	0.539383064434118	6.03991016949153	6.38121594202899
DAG(14:1/16:0)	0.627889303043248	0.0916135593220339	0.106042028985507
TAG48:5FA18:2	0.0899178930750349	0.322032203389831	0.177420289855072
TAG54:3FA18:0	0.138231834445075	22.6404457627119	19.8615449275362
TAG49:3FA16:0	error	0.238476271186441	0.228760869565217
TAG49:3FA16:1	0.582013201643223	0.360989830508475	0.368123188405797
FFA(20:0)	0.913731452808026	11.6998237288136	11.4328028985507
PE(P18:1/18:1)	0.842801783533662	0.62244406779661	0.593308695652174
TAG54:8FA20:4	0.526748999266749	0.182510169491525	0.202692753623188
CE(14:1)	0.794732279285011	1.10856440677966	1.05315217391304
SM(20:1)	0.691432445569477	8.29540847457627	8.13058260869565
TAG51:0FA16:0	error	0.670157627118644	0.633826086956522
DCER(16:0)	0.796350967537882	0.0890542372881356	0.0887724637681159
TAG56:6FA18:0	0.82452754313138	1.23143389830508	1.18283043478261
TAG48:4FA18:1	0.108450897127852	0.54094406779661	0.341142028985507
TAG50:1FA16:0	0.87904385524765	92.5963491525424	101.074371014493
TAG52:5FA14:0	0.966700933340502	0.421010169491525	0.449994202898551
PE(P16:0/18:2)	0.164542959332951	2.56931525423729	2.23447536231884
PE(P18:0/20:5)	0.659974401529457	2.54212203389831	1.96836231884058
CE(18:0)	0.70176628376323	35.9571559322034	35.9321855072464
PI(18:0/20:4)	0.748007516639635	21.203486440678	21.7115985507246
TAG49:1FA14:0	0.851883918877288	0.384501694915254	0.40124347826087
PE(O16:0/20:4)	0.69648306951637	0.882025423728814	0.890207246376812
TAG53:3FA18:0	0.702950552327954	7.88648644067797	7.86917101449275
TAG56:5FA20:3	0.922655420087818	1.85989322033898	1.88723188405797
TAG48:0FA14:0	0.769598404623635	2.1969779661017	2.22370289855072
FFA(17:0)	0.589167843829299	106.969227118644	154.085008695652
TAG50:5FA20:5	0.826566994466088	0.182296610169492	0.169623188405797
PC(16:0/14:0)	0.577769100816234	1.70812033898305	1.74198260869565
TAG48:2FA18:0	0.165078133885181	0.735986440677966	0.419914492753623
TAG50:5FA18:2	error	0.921172881355932	0.779365217391304
TAG52:7FA20:5	0.650998397901061	0.232118644067797	0.18686231884058
TAG48:1FA18:0	error	1.56021525423729	1.13370144927536
TAG56:6FA22:4	0.725345588662801	1.08271355932203	1.18228985507246
TAG52:2FA16:1	0.723780908454107	4.0855406779661	4.27257246376812
TAG49:0FA15:0	0.954690545805386	0.309961016949153	0.332410144927536
TAG46:1FA12:0	error	4.26732881355932	2.94998985507246
TAG51:3FA15:0	error	2.65849491525424	2.4986115942029
TAG54:7FA18:3	0.17081289422618	3.8769813559322	2.89794347826087
TAG57:2FA18:1	0.770969677070215	0.480449152542373	0.379184057971015
PC(16:0/20:1)	0.458938974219778	0.882332203389831	0.897507246376812
TAG38:0FA12:0	0.478244778066189	0.643135593220339	0.261008695652174
TAG49:0FA18:0	0.787634386998729	0.311852542372881	0.317426086956522
TAG51:2FA16:1	0.974112289439949	0.638477966101695	0.700186956521739
TAG54:3FA18:1	0.208018554752658	126.93786440678	110.673302898551
TAG54:3FA20:3	0.866495038572596	0.556338983050848	0.607682608695652
TAG58:7FA18:0	0.563632924319249	0.316125423728814	0.268423188405797
DCER(24:1)	0.545788518181149	0.162520338983051	0.157624637681159
DAG(16:1/18:1)	0.965801030594304	0.832315254237288	0.889459420289855
LPE(20:1)	0.472543788531065	0.0305949152542373	0.029831884057971
DAG(14:0/14:0)	error	0.0340237288135593	0.032331884057971
TAG48:2FA14:1	0.874412147675501	1.9601	2.28091304347826
TAG56:9FA18:3	0.959424720186553	0.296230508474576	0.272872463768116
PE(18:0/18:0)	0.666544662558427	0.388852542372881	0.370327536231884
TAG50:3FA16:1	0.685764137507274	21.4701474576271	22.7207
TAG51:1FA18:1	0.912766864106153	3.06374237288136	3.26858695652174
TAG52:1FA18:1	0.655624023588651	37.5674508474576	38.3946782608696
PI(18:0/18:2)	0.50681035531502	5.73637627118644	5.52429855072464
TAG49:1FA15:0	0.891463395846335	1.8918406779661	2.01956811594203
PE(P18:1/20:4)	0.998904292754441	9.06570169491525	9.12686956521739
TAG51:0FA17:0	0.810837165992276	0.389694915254237	0.405050724637681
TAG48:3FA16:0	0.586433839204573	2.15548305084746	2.18137246376812
CE(12:0)	0.459045671331851	0.872537288135593	0.810749275362319
TAG53:1FA18:0	0.710203767562618	0.610883050847458	0.60421884057971
CE(18:1)	0.689252423243934	502.847808474576	485.395449275362
PE(P18:0/20:4)	0.71306681295014	23.4929745762712	23.3307695652174
TAG54:3FA18:3	0.193309522696274	0.502681355932203	0.457797101449275
TAG54:4FA18:1	0.129301596746487	107.832027118644	93.3295
TAG58:8FA20:4	0.113240794798294	0.440774576271186	0.515889855072464
PE(18:0/22:4)	0.277108328501097	0.99938813559322	1.01056811594203
TAG44:2FA18:1	error	0.409445762711864	0.406778260869565
PE(16:0/20:3)	0.128331505089256	0.222944915254237	0.268019565217391
TAG46:2FA14:0	error	1.73180677966102	1.6356347826087
PE(18:2/16:1)	0.295065040374986	0.35015593220339	0.300257971014493
TAG56:4FA16:0	0.730240847961824	0.279701694915254	0.309530434782609
DAG(18:1/20:4)	0.193690396799346	0.621228813559322	0.715804347826087
TAG52:3FA18:0	0.280639178340181	3.16450508474576	2.99660434782609
TAG58:10FA20:5	0.748980999575319	0.238433898305085	0.195069565217391
PC(18:0/18:3)	0.48860609474925	2.09299491525424	1.95805942028986
TAG55:7FA18:1	0.525409186817645	1.07126610169492	1.02872898550725
TAG60:11FA22:5	0.67519133515612	0.0985779661016949	0.0916579710144928
DAG(18:2/20:3)	0.382621589904352	0.160464406779661	0.176852173913043
TAG40:0FA16:0	0.229236453250172	0.8432	0.377502898550725
TAG54:5FA16:0	0.697503912640564	5.31176101694915	5.69945072463768
TAG58:6FA22:4	0.854008191649373	0.345367796610169	0.360469565217391
TAG56:4FA18:2	0.319774526206546	1.16035084745763	1.02368115942029
PE(O16:0/22:5)	0.55859445199758	0.515614406779661	0.520976086956522
PE(O18:0/22:6)	0.891699323254463	1.10122627118644	1.05488333333333
SM(18:1)	0.694049620289894	10.4003423728814	10.7621057971014
TAG51:5FA18:3	error	0.217033898305085	0.185188405797101
TAG54:6FA22:5	0.953400819547417	0.805184745762712	0.848608695652174
TAG56:4FA18:0	0.815908312960191	0.868366101694915	0.872839130434783
TAG51:3FA18:1	0.545462644881565	9.20505254237288	9.0614768115942
LPC(18:0)	0.0674327019202145	26.9666355932203	25.3384666666667
FFA(20:5)	0.978385565459517	8.7516	8.66508985507246
TAG54:6FA18:1	0.0995920042475298	9.06334406779661	7.00515217391304
TAG52:6FA18:1	0.325171070887633	0.348101694915254	0.298092753623188
PC(18:2/20:2)	error	0.568814406779661	0.48029347826087
PC(16:0/22:5)	0.502933293661877	20.6594440677966	20.0063710144928
TAG45:1FA15:0	0.52201677187428	0.116086440677966	0.110613043478261
TAG50:3FA18:3	0.50324716032959	3.57566779661017	3.48079275362319
TAG48:1FA12:0	error	1.1616406779661	0.674675362318841
TAG52:6FA20:5	0.984807966910893	0.623301694915254	0.585133333333333
TAG53:5FA20:4	0.441056051373997	0.285523728813559	0.32635652173913
CE(20:4)	7.42127570587508e-05	215.998633898305	220.752536231884
CER(22:1)	0.766367437612743	0.0467423728813559	0.0468115942028986
MAG(18:0)	error	1.13233050847458	1.00177826086957
TAG48:3FA18:3	error	1.09182881355932	0.990376811594203
FFA(18:0)	0.668630729951459	459.623749152542	459.008534782609
TAG52:4FA18:2	1.11595291102885e-07	120.389296610169	111.18444057971
TAG42:1FA18:1	error	0.962771186440678	0.57215652173913
TAG60:10FA22:5	0.870190563170516	0.119686440677966	0.116826086956522
DCER(26:0)	0.822752746594945	0.127025423728814	0.134676811594203
LCER(18:0)	0.386878905894252	0.138442372881356	0.132711594202899
TAG42:0FA12:0	0.294370282194936	1.13982203389831	0.480678260869565
TAG51:3FA17:0	0.69818528986347	0.474771186440678	0.484633333333333
TAG52:6FA16:0	0.242283175323114	0.841177966101695	0.730069565217391
CE(22:4)	0.867545230822759	0.491816949152542	0.491472463768116
TAG48:4FA14:1	error	0.260147457627119	0.26733768115942
TAG50:3FA18:1	0.322936979953506	20.8823576271186	20.0538869565217
TAG53:4FA17:0	0.513882405488884	1.43816271186441	1.3229231884058
PC(16:0/20:4)	0.526457192566683	212.648774576271	218.436486956522
TAG44:1FA18:1	error	1.89198983050847	1.56970724637681
TAG48:0FA16:0	0.766239918045522	15.4059915254237	16.5200855072464
DAG(16:1/20:4)	0.141986551517264	0.066971186440678	0.0864971014492754
PC(17:0/18:2)	0.328036006101928	3.0897186440678	2.8289231884058
TAG54:4FA18:2	0.123822315828505	65.0480338983051	56.1489594202899
TAG50:0FA14:0	0.701800906161297	0.415906779661017	0.390557971014493
TAG58:7FA20:4	0.315440440151039	0.224577966101695	0.24411884057971
TAG52:4FA18:3	0.246659907350641	18.3021186440678	16.9010246376812
FFA(16:1)	0.52662368517966	17.2020389830508	18.0698753623188
TAG51:3FA16:0	0.752238913101673	10.0740457627119	10.1173855072464
TAG50:4FA18:3	error	2.31509661016949	2.22535942028986
TAG54:4FA20:3	0.756766472676293	4.26033389830508	4.58200869565217
PE(O18:0/18:2)	0.259700173879089	0.484879661016949	0.437088405797101
PC(18:1/20:2)	0.464413098964425	0.783524576271186	0.748525362318841
TAG49:2FA18:1	0.758175994718338	1.20478474576271	1.25718260869565
PC(18:1/20:4)	0.486557568038771	25.0163152542373	25.891847826087
TAG47:0FA14:0	0.729325685181806	0.204954237288136	0.204585507246377
TAG52:8FA18:2	error	0.176966101694915	0.162465217391304
FFA(22:6)	0.535153177299655	4.75382203389831	4.71984202898551
TAG47:2FA15:0	error	0.221025423728814	0.216511594202899
TAG48:2FA18:1	1.64210197126678e-117	11.7300661016949	10.3008927536232
TAG55:4FA18:1	0.164222534711602	0.663620338983051	0.574885507246377
TAG52:3FA14:0	error	0.323566101694915	0.311140579710145
TAG46:2FA16:0	error	3.11172542372881	2.10552608695652
TAG54:4FA20:2	0.753216110378212	1.77392711864407	1.7047
TAG48:4FA20:4	error	0.222152542372881	0.193859420289855
TAG56:3FA18:1	0.5261577890353	2.21883898305085	1.96155942028985
TAG54:7FA22:6	0.886766624678752	1.25369322033898	1.18884202898551
TAG49:3FA18:2	error	0.667381355932203	0.674766666666667
TAG52:3FA16:0	0.00125814342877748	180.392613559322	174.958185507246
TAG54:8FA18:2	0.174731551762089	0.55945593220339	0.41283768115942
TAG54:6FA18:3	0.136318431839683	8.85352881355932	6.97560724637681
TAG56:8FA22:6	0.865354408706208	4.69887627118644	3.9552115942029
TAG58:8FA18:1	0.519912592972698	1.0564	0.803117391304348
TAG55:7FA22:6	0.879969627595427	0.189618644067797	0.16583768115942
DAG(14:0/18:3)	0.791278011132921	0.0355525423728814	0.0361666666666667
PC(16:0/22:4)	0.721527171367064	6.13827966101695	6.38275942028986
TAG56:9FA20:4	0.626491121350912	0.542059322033898	0.553488405797101
TAG57:8FA22:6	0.967798264494552	0.253825423728814	0.225097101449275
TAG56:2FA18:0	0.497244215301849	0.357549152542373	0.330642028985507
PC(17:0/20:4)	error	2.43910677966102	2.37184347826087
LPC(20:2)	error	0.386850847457627	0.352615942028985
TAG45:1FA18:1	0.543858338038707	0.172228813559322	0.167595652173913
TAG52:5FA20:4	0.439318561981822	2.28153898305085	2.81087391304348
PE(18:1/18:1)	error	0.633089830508475	0.603678260869565
PE(P18:1/22:6)	0.471800062453988	3.58974237288136	3.39539420289855
PI(16:0/20:4)	0.902924430623827	2.18935593220339	2.26133623188406
TAG49:3FA15:0	error	0.380930508474576	0.372289855072464
TAG51:2FA18:0	error	0.462035593220339	0.445576811594203
LPE(20:4)	0.829975658780968	0.396945762711864	0.402766666666667
TAG44:2FA12:0	error	0.627913559322034	0.371710144927536
TAG56:1FA16:0	0.513470977454889	0.199249152542373	0.23483768115942
MAG(15:0)	0.411012649069552	0.133445762711864	0.131452173913043
DAG(16:0/18:2)	0.326218269039375	2.5616220338983	2.4531231884058
HCER(20:0)	0.06879170990023	0.104576271186441	0.0904144927536232
LCER(24:0)	0.0366733542914126	0.195483050847458	0.169939130434783
TAG49:0FA16:0	0.796269208296413	1.23302203389831	1.29373333333333
TAG50:3FA18:2	1.27826694684897e-23	35.0842372881356	35.3221463768116
TAG55:7FA20:4	error	3.1876406779661	3.20355652173913
HCER(22:0)	0.23217144737581	0.559427118644068	0.495820289855072
TAG58:7FA22:5	0.466033043834406	1.0491406779661	0.932930434782609
FFA(22:2)	0.90512547340954	1.92953728813559	1.90377971014493
TAG44:1FA12:0	0.418726035447095	1.25334745762712	0.937413043478261
TAG46:0FA12:0	0.242980274685464	0.934376271186441	0.513395652173913
TAG52:6FA14:0	0.775081418678056	0.276396610169492	0.275108695652174
TAG51:2FA17:0	0.768482360988588	1.91601016949153	1.98890289855072
TAG56:3FA20:0	0.48444701987651	0.73181186440678	0.644139130434783
PE(P16:0/20:3)	0.621439016219911	0.62854406779661	0.644963768115942
PI(18:1/20:4)	0.873799188772594	1.26125762711864	1.32937826086957
DAG(12:0/18:2)	0.184031687512822	0.126924576271186	0.0825065217391304
TAG52:2FA16:0	0.0238131318259126	163.031061016949	163.543860869565
TAG52:3FA20:1	error	0.27114406779661	0.25984347826087
PE(P16:0/22:6)	0.365883245141236	5.32664237288136	4.99803188405797
TAG56:5FA22:4	0.578002643207218	1.36194576271186	1.54760579710145
TAG56:9FA22:6	0.782836240024119	0.739820338983051	0.620930434782609
TAG55:7FA20:3	0.979191500105523	0.277247457627119	0.275114492753623
TAG50:5FA16:0	0.706171942726242	0.211254237288136	0.212342028985507
TAG56:3FA16:0	0.932254042631165	0.146013559322034	0.149994202898551
MAG(18:1)	0.362196132961916	0.175445762711864	0.156420289855072
PC(18:1/18:2)	0.212034514291098	63.2908983050847	59.3715855072464
TAG56:6FA22:5	0.757361396819031	4.15210338983051	3.99849710144928
TAG57:3FA18:2	0.79989651606139	0.293701694915254	0.233798550724638
LCER(18:1)	0.201139990333444	0.266513559322034	0.25524347826087
TAG52:8FA16:1	0.974675788308145	0.117705084745763	0.125711594202899
TAG58:8FA22:6	0.639463588156214	2.20955084745763	1.60208260869565
TAG50:3FA16:0	0.632268214389876	23.7038271186441	24.6701782608696
FFA(24:1)	0.501923540228714	6.08465762711864	6.33072608695652
TAG55:7FA15:0	0.719458043503204	0.0547169491525424	0.0483173913043478
DAG(16:1/18:3)	0.635132445026841	0.0625864406779661	0.0704550724637681
CER(20:0)	0.616962658888009	0.107345762711864	0.104668115942029
PC(18:2/20:5)	0.828476893174969	1.29282711864407	1.19671304347826
TAG52:5FA18:3	error	12.756286440678	11.4138652173913
TAG51:0FA18:0	0.728127999854451	0.37761186440678	0.378008695652174
TAG55:3FA18:2	error	0.3565	0.272268115942029
TAG42:2FA18:2	0.160533135851484	0.609818644067797	0.306278260869565
PC(14:0/18:2)	0.577343242929945	5.40648644067797	5.13413768115942
TAG50:3FA14:0	0.322850093016616	15.8596694915254	14.8502420289855
TAG54:5FA20:2	0.656280967992433	0.354145762711864	0.330468115942029
FFA(20:3)	error	2.18997288135593	2.24425797101449
TAG56:6FA16:0	0.700426563289776	3.25153050847458	3.12519855072464
PI(16:0/18:1)	0.736117677603823	1.35460508474576	1.32437246376812
TAG52:3FA18:3	0.245535822709562	2.38689322033898	2.18025072463768
TAG58:10FA18:2	0.970120833667799	0.354240677966102	0.288276811594203
LPC(16:0)	0.029577223961021	74.6544457627119	68.6613057971014
TAG44:2FA16:1	0.697875812278112	0.198233898305085	0.205304347826087
TAG56:10FA18:2	error	0.279391525423729	0.213311594202899
TAG56:5FA18:0	0.929923769336071	1.72177796610169	1.71670579710145
DAG(14:0/20:0)	0.119091918844862	0.0738745762711864	0.0858202898550725
TAG52:1FA20:1	0.953630544237257	0.554227118644068	0.599697101449275
CE(14:0)	0.551136149870707	23.5306813559322	22.0533130434783
DAG(18:1/22:4)	0.632002821397242	0.0475864406779661	0.0484811594202899
PC(18:0/20:3)	0.300811970995217	20.5375779661017	22.2593927536232
TAG54:2FA18:0	0.217614834800788	20.509479661017	17.9116014492754
TAG56:7FA22:5	0.866923465010144	3.09864576271186	2.97127246376812
PE(18:0/20:3)	0.57989507595441	1.44114576271186	1.56547536231884
TAG51:1FA15:0	0.750432027161022	0.489125423728814	0.495401449275362
TAG58:7FA18:1	error	1.04903559322034	0.883608695652174
PI(18:0/20:3)	0.712317781007608	2.44830677966102	2.46120144927536
TAG51:4FA18:1	0.108701790050127	1.14845084745763	1.09136086956522
TAG52:6FA18:3	0.224987747286628	2.15292372881356	1.86349565217391
TAG44:2FA14:0	error	0.62468813559322	0.353836231884058
TAG50:5FA14:1	0.387950632456813	0.32944406779661	0.311539130434783
TAG54:2FA18:2	0.241658538080735	2.81853220338983	2.52627826086957
TAG48:2FA16:0	0.689081137289587	11.7968152542373	12.3877942028986
TAG56:6FA20:2	0.625164263598243	0.350201694915254	0.31186231884058
TAG56:5FA18:2	0.366172304205054	1.52237457627119	1.37442463768116
CER(16:0)	0.653194147075304	0.41306779661017	0.4055
PC(18:2/18:3)	0.0763438411188171	1.2941593220339	1.19719565217391
TAG49:2FA18:2	0.602331537818617	1.55953559322034	1.56599855072464
TAG54:3FA20:1	error	1.7977813559322	1.71660434782609
TAG44:0FA18:0	0.404244431896599	4.05587627118644	3.8329115942029
TAG54:1FA18:0	error	5.77842542372881	4.83272608695652
FFA(20:1)	0.617500259900111	6.71556610169492	5.24877536231884
TAG48:4FA14:0	error	0.26868813559322	0.261166666666667
TAG48:3FA16:1	0.669357928456558	2.27616271186441	2.38391594202899
TAG49:3FA18:3	0.416633704876802	0.178181355932203	0.166647826086957
SM(18:0)	0.955716158209028	31.6708983050847	31.3352420289855
PE(P18:0/18:2)	0.263883923369534	4.89671694915254	4.38236231884058
TAG53:2FA16:0	error	1.20535593220339	1.16846956521739
PC(18:1/18:3)	0.333666137582206	1.06750508474576	0.977846376811594
TAG53:4FA20:4	0.483165698525123	0.141542372881356	0.162192753623188
TAG46:3FA16:0	error	0.396815254237288	0.276397101449275
LPC(18:1)	0.0601877470349216	11.6623050847458	10.8398739130435
TAG50:2FA18:1	0.814081154272008	59.5812542372881	63.859231884058
PI(18:0/18:1)	0.472709991152095	1.42863389830508	1.39130434782609
TAG48:1FA18:1	0.80617013826632	15.589913559322	16.2278608695652
TAG54:4FA18:0	error	10.3863220338983	8.62954057971015
TAG54:6FA16:1	0.481258433595477	0.825689830508475	0.906908695652174
TAG56:6FA20:4	0.488453906334571	7.05235254237288	7.46487826086957
PC(20:0/20:4)	0.688794217081859	1.80276440677966	1.80983188405797
TAG54:1FA20:0	0.976614537216045	1.48731186440678	1.4900768115942
TAG44:2FA18:2	error	1.14807966101695	0.791005797101449
PC(18:0/20:5)	0.817946296880553	8.0016	6.97498985507246
TAG58:7FA22:6	0.772005528000184	0.686669491525424	0.545175362318841
TAG52:3FA22:1	0.258445342510172	0.120869491525424	0.112898550724638
CE(16:1)	0.559766912026405	91.3492271186441	94.5832753623188
TAG54:2FA20:1	error	2.46117966101695	2.42755217391304
TAG44:1FA16:0	0.693852959572797	1.34117966101695	1.3721884057971
DAG(16:0/16:1)	0.82540856660865	0.247866101694915	0.273178260869565
TAG46:3FA14:1	0.650551820166339	0.161237288135593	0.17173768115942
TAG52:6FA20:4	0.592379865507759	0.735928813559322	0.841613043478261
CE(16:0)	0.501136106480019	335.906942372881	320.581549275362
PE(P18:0/20:3)	0.528723774976521	1.24192711864407	1.25584492753623
DAG(12:0/16:0)	0.317104188139529	0.220573728813559	0.162167391304348
TAG45:0FA14:0	0.6292330737926	0.195405084745763	0.192271014492754
FFA(18:2)	0.87772500093204	74.0601271186441	72.3078753623188
LPE(16:0)	0.08953362643434	0.89851186440678	0.827205797101449
CE(20:1)	0.418561680851995	2.25676440677966	2.06834637681159
DCER(22:0)	0.950119673224881	0.157072881355932	0.153442028985507
PC(14:0/18:1)	0.675421894791284	3.97102203389831	3.99967971014493
PE(18:1/22:6)	0.670607552354388	1.44627288135593	1.3940115942029
TAG48:4FA16:0	error	0.260686440677966	0.252911594202899
TAG54:2FA16:0	0.596710159123261	2.40419491525424	2.36848695652174
TAG58:9FA18:2	0.724586325933481	0.591306779661017	0.46335652173913
TAG52:5FA16:0	error	10.3336271186441	9.0005652173913
FFA(15:0)	0.843407696028977	13.0048254237288	13.2125623188406
TAG52:5FA18:1	0.29955696509032	3.43179491525424	3.11574927536232
TAG54:5FA18:1	3.41740368885159e-114	43.2245084745763	35.7928855072464
FFA(24:0)	0.463632323580109	3.38406779661017	3.50141449275362
TAG54:5FA22:5	0.964772232213571	0.788415254237288	0.840968115942029
TAG58:8FA18:2	0.473133913521792	0.625194915254237	0.537272463768116
TAG44:0FA14:0	0.449507401171025	1.52585254237288	1.32335217391304
PE(P16:0/18:1)	0.217715390998756	0.809018644067797	0.746191304347826
CER(22:0)	error	0.712574576271186	0.691531884057971
TAG52:4FA18:1	2.29801181287644e-93	33.9878644067797	31.4559449275362
TAG58:8FA20:3	0.184205599036562	0.172545762711864	0.192517391304348
PE(18:0/22:5)	0.632963534226003	1.33731525423729	1.37162753623188
TAG47:2FA18:1	0.736718320047857	0.199325423728814	0.204266666666667
CE(22:2)	0.82232242664594	0.180084745762712	0.173173913043478
TAG55:5FA18:2	error	0.361984745762712	0.31163768115942
TAG52:2FA14:0	0.61948483860056	0.22714406779661	0.222028985507246
FFA(22:4)	0.811209615548841	3.5072593220339	3.34619855072464
TAG54:1FA18:1	error	4.77122033898305	4.15791449275362
TAG40:0FA14:0	0.405429463355109	0.502457627118644	0.321239130434783
DAG(16:0/22:5)	0.40368090599006	0.0680254237288136	0.0661753623188406
DAG(18:0/22:6)	error	0.0367457627118644	0.0346695652173913
TAG47:1FA16:0	0.893772620910102	0.458206779661017	0.492821739130435
DAG(18:1/20:5)	0.785744839546606	0.264483050847458	0.200621739130435
TAG54:3FA16:1	0.551873258821297	0.344418644067797	0.332094202898551
MAG(16:0)	0.462425756848516	0.645220338983051	0.635831884057971
PI(16:0/18:2)	0.574073337914796	2.28685254237288	2.22508985507246
CE(22:6)	0.914195900069808	12.9400813559322	12.2537231884058
TAG46:4FA18:2	error	0.343003389830508	0.258314492753623
CE(18:4)	0.563442084440105	1.02622542372881	0.929328985507246
TAG54:2FA20:0	0.639204580351609	0.971922033898305	0.93741884057971
TAG56:6FA20:3	0.922810871316647	1.56139491525424	1.58654927536232
DAG(18:2/22:4)	error	0.044128813559322	0.0404115942028986
DCER(24:0)	0.735332467225932	0.216686440677966	0.207659420289855
TAG58:6FA16:0	error	0.15038813559322	0.147704347826087
PC(16:0/18:2)	0.23230268216194	492.063230508475	460.54717826087
TAG52:3FA18:2	0.00369658560486267	166.084608474576	161.653524637681
TAG48:0FA18:0	0.563859943489539	1.94703220338983	1.73998405797101
TAG58:7FA18:2	0.686675060584836	0.400827118644068	0.381714492753623
TAG50:1FA16:1	0.81998925270431	3.66191525423729	4.25386231884058
LPE(16:1)	0.590281518933172	0.0329135593220339	0.0359115942028986
TAG48:1FA14:1	0.879808679930927	0.288094915254237	0.32846231884058
TAG51:2FA18:2	0.707075455945401	1.80490677966102	1.83153913043478
TAG50:2FA16:0	0.718541424951061	83.2561203389831	88.3573275362319
LCER(14:0)	0.510370417292999	0.160537288135593	0.150046376811594
LPE(22:6)	0.826450060432721	0.209357627118644	0.20478115942029
PE(18:1/20:4)	0.267263378108499	4.01556271186441	3.96586231884058
TAG54:4FA22:4	0.462718189050758	0.316584745762712	0.385965217391304
PE(16:0/18:2)	0.569798433441404	1.97603898305085	1.93426231884058
TAG50:4FA18:2	0.201033952293712	7.45681694915254	6.57894202898551
HCER(16:0)	0.720653347375208	0.657738983050847	0.622378260869565
PE(16:0/22:5)	0.987836779408968	0.870533898305085	0.916642028985507
PE(O18:0/18:1)	0.555093737849829	0.161467796610169	0.154359420289855
TAG44:1FA14:1	0.787337982202891	0.160689830508475	0.175731884057971
TAG56:7FA20:5	0.458908538117955	1.91983898305085	1.29000579710145
TAG45:0FA16:0	0.601122184740034	0.268754237288136	0.264653623188406
TAG46:0FA16:0	0.611467001097204	6.08006101694915	5.80355072463768
SM(24:1)	3.64495786629987e-119	58.806413559322	59.9983188405797
TAG52:7FA22:6	0.228935921584139	0.245416949152542	0.200276811594203
CE(20:2)	0.777369300133279	1.90993220338983	1.90138550724638
TAG54:5FA20:5	0.939240148893265	0.393569491525424	0.328159420289855
TAG45:0FA15:0	0.647055609797933	0.155774576271186	0.157844927536232
TAG56:5FA22:5	0.603321555661682	0.509669491525424	0.498586956521739
PC(18:0/16:1)	0.70777937803144	1.09908983050847	1.14890144927536
TAG49:2FA16:0	0.729435554463878	1.68902881355932	1.76295217391304
CE(20:5)	0.660493734445415	26.789886440678	21.9445246376812
HCER(22:1)	0.566202429634105	0.0551983050847458	0.0517724637681159
TAG49:1FA16:0	0.964107171488784	3.10458305084746	3.44727246376812
TAG56:5FA18:1	0.860021892937898	4.20335423728814	4.19829275362319
TAG53:4FA18:3	0.385798835926697	0.385438983050847	0.35543768115942
PC(20:0/18:1)	0.446363415641413	1.21884915254237	1.15546666666667
TAG54:1FA20:1	0.484688145344915	0.341418644067797	0.335086956521739
DAG(12:0/18:1)	0.49969135383617	0.165918644067797	0.115097101449275
PE(P18:0/22:5)	0.569515256685354	2.72259491525424	2.68295362318841
