chemID	r_mean	l_mean	m_mean	h_mean	monotonic_status	pval	endpoint_log2fc
TAG52:0FA20:0	0.45169322033898307	0.28738823529411767	0.3673512195121951	0.46514545454545453	dynamic	0.3504	0.04233866866240016
TAG58:6FA22:5	0.3180338983050848	0.3174823529411765	0.34518536585365855	0.3615909090909091	stable	0.8146	0.18517786044697254
TAG50:1FA20:1	0.20429322033898306	0.13492352941176472	0.1770780487804878	0.21486363636363637	dynamic	0.4087	0.0727800132613013
TAG54:6FA20:3	0.5399169491525424	0.6228882352941176	0.604880487804878	0.6988090909090909	stable	0.9363	0.3721608698126816
CE(24:0)	0.2518745762711864	0.2612529411764706	0.25777560975609753	0.24303636363636363	stable	0.9998	0.05153331740259716
LCER(22:0)	0.22681864406779662	0.212	0.21315121951219512	0.22406363636363635	stable	0.9978	0.01763070136360322
TAG48:4FA16:1	0.3528915254237288	0.28703529411764706	0.3525829268292683	0.40792727272727275	stable	0.7678	0.20908717970529458
TAG51:4FA16:0	1.219171186440678	1.217135294117647	1.205819512195122	1.2927363636363636	stable	1.0	0.08452737462082631
PC(16:0/18:1)	200.23407966101695	192.98623529411765	199.64145609756096	214.9929909090909	stable	0.9995	0.10260208610384876
TAG50:3FA14:1	0.9862406779661017	0.8652058823529412	1.0369243902439025	1.1798454545454546	stable	0.845	0.2585862325758584
CE(17:0)	6.664374576271187	6.055882352941176	7.192209756097561	7.1917	stable	0.9975	0.10986334967734027
TAG56:6FA22:6	0.8232220338983051	0.6321294117647059	0.7186292682926829	0.7415272727272727	stable	0.4872	0.1507818423905021
PC(18:1/16:1)	7.408438983050847	7.37245294117647	7.765948780487805	8.2914	stable	0.991	0.16244613359744933
TAG53:3FA16:0	0.8679322033898305	0.8005941176470588	0.8050634146341463	1.128409090909091	stable	0.809	0.3786359347619682
TAG54:4FA20:4	1.7242966101694917	1.8476705882352942	1.7744243902439025	2.253609090909091	stable	0.8249	0.3862293231867801
DAG(14:0/20:4)	0.033606779661016946	0.02894705882352941	0.034	0.0441	stable	0.5621	0.39202635144903525
CE(18:2)	1335.7360084745762	1318.4840470588235	1341.1997365853658	1388.6339272727273	stable	1.0	0.05603141973890927
DAG(14:1/18:1)	0.14990847457627118	0.14677647058823529	0.14982926829268292	0.15395454545454546	stable	0.9854	0.03842251953239333
DCER(20:0)	0.057327118644067795	0.05014117647058824	0.058490243902439024	0.05273636363636364	stable	0.9989	0.12041967304262872
LCER(20:1)	0.03570338983050848	0.03382941176470588	0.036873170731707317	0.03496363636363636	stable	0.9998	0.030205817385175436
TAG54:3FA16:0	3.730137288135593	3.6611294117647057	3.764673170731707	4.616045454545454	stable	0.9042	0.3074287003634831
TAG48:3FA14:0	2.707391525423729	2.0525294117647057	2.4426560975609757	3.0111	stable	0.7302	0.1533870855655843
TAG56:1FA18:1	0.4064050847457627	0.30548823529411767	0.4083951219512195	0.3976181818181818	stable	0.2332	0.031534724255904166
TAG58:9FA18:1	0.5172627118644068	0.4357235294117647	0.5225390243902439	0.5084090909090909	stable	0.5802	0.024907367588798014
PE(P18:1/22:4)	0.8553898305084746	0.7421823529411765	0.8641585365853659	0.9321	stable	0.9696	0.12390268666435351
TAG54:4FA16:0	4.896061016949153	5.061594117647059	4.982541463414634	6.218663636363637	stable	0.8886	0.34498304713684597
PC(18:2/16:1)	11.807266101694916	11.284494117647059	11.866795121951219	12.585463636363636	stable	0.995	0.0920834085471029
DAG(14:0/18:1)	0.4322322033898305	0.33743529411764706	0.3996829268292683	0.43763636363636366	stable	0.7779	0.017926054101912364
TAG46:2FA14:1	0.4870322033898305	0.3449764705882353	0.482890243902439	0.5238909090909091	stable	0.4835	0.10524925871660946
TAG52:4FA20:0	0.5175338983050848	0.4680294117647059	0.4505609756097561	0.6066090909090909	stable	0.9181	0.22911375721149219
PC(18:0/18:2)	182.4748627118644	176.5904705882353	175.45970975609757	177.14701818181817	stable	1.0	0.04275055399156974
PE(P16:0/22:4)	2.783515254237288	2.5745176470588236	2.7718243902439026	3.0541909090909094	stable	0.967	0.13388225436896994
TAG50:4FA16:0	1.5260084745762712	1.3783764705882353	1.4886878048780487	1.9717545454545453	stable	0.7608	0.3697169944070809
DAG(18:1/20:1)	0.10081694915254237	0.08980588235294118	0.10346829268292683	0.12822727272727275	stable	0.9738	0.3469649398163283
LPC(15:0)	0.1861093220338983	0.1625294117647059	0.20065731707317072	0.2025818181818182	stable	0.9736	0.12235437696684243
TAG48:3FA18:2	7.04445593220339	3.9830176470588237	5.25250487804878	5.941209090909091	dynamic	0.4679	0.24573172382153255
TAG52:6FA22:6	0.4640084745762712	0.3155470588235294	0.323009756097561	0.44294545454545453	dynamic	0.4982	0.06702210224313924
TAG56:7FA18:3	0.34028983050847456	0.4138352941176471	0.4024634146341463	0.41407272727272726	stable	0.9228	0.2831201460276656
PC(18:0/22:6)	13.50403220338983	11.820288235294118	12.61198536585366	11.787781818181818	stable	0.9725	0.19609798682813642
SM(26:1)	0.539928813559322	0.5539058823529411	0.5628439024390244	0.5323272727272728	stable	1.0	0.02045572718924521
TAG48:2FA14:0	11.610493220338983	8.481170588235294	9.913053658536585	12.285627272727272	stable	0.6724	0.08154225989286737
TAG48:3FA18:1	4.874491525423728	2.1107117647058824	3.0759853658536587	3.2470909090909092	down	0.0361	0.5861039578976881
DAG(16:1/18:2)	0.9431830508474577	0.8114882352941176	0.8341487804878049	1.2331818181818182	stable	0.8644	0.3867758256706866
TAG53:6FA18:3	2.821227118644068	2.8737470588235294	2.846251219512195	2.9209	stable	1.0	0.050090154279670875
PC(16:0/12:0)	0.5166271186440679	0.5855294117647059	0.5379121951219512	0.4188181818181818	stable	0.9732	0.3027993007899595
TAG51:5FA18:2	0.22359152542372882	0.21730588235294118	0.2185609756097561	0.2602090909090909	stable	0.8539	0.21880585816098103
PE(P16:0/20:4)	9.946830508474577	9.612682352941176	10.849760975609756	9.907045454545454	stable	0.9987	0.005782022305435205
TAG49:1FA16:1	0.2980593220338983	0.24243529411764705	0.29125365853658536	0.4202818181818182	stable	0.6121	0.4957575499793117
TAG56:5FA20:1	0.41434406779661015	0.42411764705882354	0.4195219512195122	0.5164636363636363	stable	0.8513	0.3178375069752246
LPE(18:0)	1.101906779661017	1.0418823529411765	1.1212170731707316	1.2389272727272727	stable	0.9984	0.1690893228076809
FFA(20:4)	5.30445593220339	5.624358823529412	5.37569756097561	5.306390909090909	stable	1.0	0.0005261750796247588
TAG46:1FA14:1	1.1196033898305084	1.2723647058823528	1.0956951219512194	1.4353181818181817	stable	0.9091	0.35838282939028043
TAG46:3FA14:0	0.2964186440677966	0.1893235294117647	0.2578365853658537	0.2902181818181818	dynamic	0.4814	0.03049828744359217
PE(P18:1/22:5)	0.8576932203389831	0.8381117647058823	0.9780170731707317	0.9646181818181818	stable	0.9985	0.1694962864008986
TAG50:1FA14:0	3.379476271186441	2.520141176470588	3.141141463414634	3.7582909090909093	stable	0.6218	0.15327705782257997
TAG56:8FA20:4	2.1784847457627117	2.6219352941176473	2.3998634146341464	2.6348454545454545	stable	0.9196	0.2743933326208852
TAG56:4FA20:1	0.9981610169491525	0.9643294117647059	1.0611170731707318	1.3007	stable	0.8211	0.38194378418994984
MAG(18:3)	0.09373050847457627	0.08921176470588235	0.09319756097560976	0.09371818181818181	stable	1.0	0.00018974372185681217
PE(18:0/20:4)	16.190357627118644	15.129582352941176	15.345034146341463	17.62009090909091	stable	0.9976	0.1220865141852995
TAG53:2FA18:1	5.714608474576271	5.429394117647059	6.4919975609756095	7.9386636363636365	stable	0.8807	0.47424151181142354
TAG54:7FA22:5	0.25822881355932203	0.23147058823529412	0.24328048780487804	0.2799	stable	0.7793	0.11626149920188897
TAG60:12FA22:6	0.2613457627118644	0.18712058823529412	0.22672682926829268	0.20631363636363637	stable	0.2159	0.34112058882889584
PC(18:0/20:2)	1.7528491525423728	1.6011176470588235	1.622978048780488	1.6252909090909091	stable	0.9955	0.1090038776554182
LPC(18:2)	7.9031271186440675	7.968717647058823	7.920319512195122	8.113418181818181	stable	0.9918	0.03788623618059139
PC(15:0/18:2)	1.1914203389830509	1.0825117647058824	1.1955439024390244	1.2604454545454546	stable	0.9979	0.08125119433871791
DAG(18:1/18:1)	3.7103322033898305	3.4355	3.824090243902439	4.801236363636364	stable	0.8719	0.37185759739071295
TAG56:4FA22:4	0.15960677966101694	0.1798764705882353	0.17628536585365853	0.2137909090909091	stable	0.8226	0.42167857284761284
TAG56:9FA20:5	0.657328813559322	0.6352705882352941	0.6191268292682927	0.9281545454545455	stable	0.2598	0.49774982009618296
TAG49:2FA14:0	0.4277949152542373	0.33952941176470586	0.43731951219512194	0.5176363636363637	stable	0.6843	0.27501963451567346
PC(16:0/18:3)	6.872196610169492	6.0686	7.130907317073171	7.391572727272727	stable	0.9565	0.10511005175474837
LPE(22:5)	0.1495084745762712	0.14513529411764706	0.15057073170731708	0.16704545454545455	stable	0.9925	0.16001346329646024
TAG54:6FA20:5	2.4498881355932203	2.518505882352941	2.5145731707317074	3.0087272727272727	stable	0.4927	0.2964374631403093
TAG56:7FA22:6	5.857079661016949	4.724470588235294	5.415104878048781	5.0678909090909094	stable	0.4734	0.2087960468945037
TAG51:4FA16:1	0.2769237288135593	0.24998235294117646	0.30725853658536584	0.3623454545454545	stable	0.8907	0.3878771170284958
TAG52:5FA20:5	0.6741491525423728	0.6026	0.5571463414634147	0.9525000000000001	stable	0.3652	0.49865127593552433
SM(20:0)	43.018793220338985	45.72193529411765	44.01022926829268	48.520118181818184	stable	0.9999	0.1736160101807745
TAG55:5FA20:4	0.2641050847457627	0.3004764705882353	0.3172853658536585	0.37074545454545454	stable	0.8772	0.48931692729784454
TAG58:6FA20:4	0.1269508474576271	0.15496470588235295	0.1560658536585366	0.16592727272727273	stable	0.942	0.38628100944926913
PE(O18:0/20:4)	2.0357949152542374	1.970694117647059	2.1154439024390244	2.064090909090909	stable	0.9958	0.01991428050258131
DAG(18:2/18:3)	0.3037372881355932	0.30176470588235293	0.30204634146341464	0.40006363636363634	stable	0.8611	0.39740547039556917
TAG48:4FA18:3	0.815071186440678	0.4958470588235294	0.6325878048780488	0.7204454545454545	dynamic	0.5139	0.1780368594759439
TAG52:0FA16:0	3.1325406779661016	2.580047058823529	2.5939926829268294	3.6846636363636365	stable	0.5983	0.23419968139441832
TAG58:9FA22:5	0.37548813559322036	0.4007588235294118	0.3986609756097561	0.4237	stable	0.8523	0.1742758054928612
TAG58:9FA22:6	1.7141372881355932	1.3197470588235294	1.6524439024390245	1.5410272727272727	stable	0.3632	0.15359026740189596
PE(P18:1/16:0)	0.17774745762711863	0.19063529411764707	0.22340975609756097	0.1998818181818182	stable	0.9844	0.16931832169899147
DAG(14:0/18:2)	0.39873389830508477	0.29814117647058824	0.3143365853658537	0.4565272727272727	stable	0.7529	0.1952747876549949
TAG54:0FA18:0	0.8997169491525424	0.8859705882352941	0.7345146341463414	0.9647454545454545	stable	0.3766	0.10067714031118206
TAG56:2FA16:0	0.2201050847457627	0.17921764705882354	0.2131121951219512	0.28761818181818183	stable	0.4946	0.38596240484536315
TAG56:8FA22:5	0.4718457627118644	0.468	0.4992829268292683	0.5452545454545454	stable	0.858	0.2086145443481415
PC(16:0/20:2)	5.609410169491525	5.492547058823529	5.461890243902439	5.613009090909091	stable	0.9993	0.0009253167501917232
PC(15:0/18:1)	0.740392372881356	0.70495	0.7723621951219513	0.8403136363636363	stable	0.9774	0.18263786252909506
TAG56:7FA18:2	3.0963949152542374	3.391135294117647	3.297419512195122	3.6961272727272725	stable	0.9423	0.255424950449553
LPE(18:1)	0.6484338983050848	0.6423117647058824	0.6216585365853659	0.7230545454545454	stable	0.9659	0.15714497176692976
TAG50:2FA16:1	30.918386440677967	26.288817647058824	29.697031707317073	35.904118181818184	stable	0.7868	0.21568429953651108
PC(17:0/18:1)	1.2628474576271187	1.2522941176470588	1.3417	1.4468363636363637	stable	0.9997	0.19622138005774192
DAG(16:0/18:1)	3.1347559322033898	2.4307882352941177	2.6651	3.807190909090909	stable	0.8445	0.28037379356747616
LPC(22:5)	0.31383220338983053	0.32893823529411764	0.34125487804878046	0.33182727272727275	stable	0.9915	0.08043906584564528
TAG46:0FA18:0	1.1870322033898304	0.4001235294117647	0.5890146341463415	0.6619545454545455	down	0.1098	0.8425550151020728
PE(18:0/20:5)	2.1027542372881354	1.938494117647059	2.1654121951219514	1.9873909090909092	stable	0.9615	0.08140457182269134
LPE(22:4)	0.057332203389830506	0.05478235294117647	0.06065853658536585	0.061836363636363634	stable	0.9529	0.10910975657349829
TAG46:1FA18:1	7.403330508474577	3.0947999999999998	4.8799	5.256618181818181	dynamic	0.6894	0.49403948902783223
TAG58:10FA20:4	0.5819559322033898	0.7135764705882353	0.6549487804878049	0.6396363636363637	stable	0.7343	0.13634204784852458
DAG(14:0/16:1)	0.07576610169491525	0.0577735294117647	0.06761585365853659	0.07970909090909091	stable	0.8218	0.07319175405737312
SM(24:0)	27.236913559322034	28.257070588235294	27.54191463414634	27.353654545454546	stable	1.0	0.006170366213303226
TAG53:6FA18:2	1.6388728813559321	1.6343294117647058	1.6711219512195121	1.6860181818181819	stable	1.0	0.04091613761090543
HCER(18:0)	0.07227118644067797	0.06922941176470589	0.06760487804878049	0.06626363636363636	stable	0.996	0.12520320183666817
LPC(20:3)	1.7831898305084746	1.8235294117647058	1.825509756097561	1.7336909090909092	stable	0.9951	0.040613583330993255
TAG53:5FA18:2	11.30716440677966	11.451270588235294	11.482697560975609	11.582654545454545	stable	1.0	0.034728754290062835
TAG50:1FA18:0	5.589415254237288	4.489117647058824	5.060321951219512	6.8004727272727274	stable	0.6378	0.28293767610870546
TAG52:5FA20:3	0.3322728813559322	0.3473058823529412	0.35409756097560974	0.40515454545454543	stable	0.864	0.2861037749044783
PE(P16:0/22:5)	2.6037661016949154	2.4221882352941178	2.7671414634146343	3.052718181818182	stable	0.9982	0.22949455430345242
TAG44:0FA12:0	1.7069610169491525	0.44378823529411765	0.7078414634146342	0.8213181818181818	down	0.135	1.0554169699113638
TAG55:6FA18:1	1.4502762711864408	1.4513176470588236	1.467480487804878	1.4768363636363635	stable	1.0	0.026182228103978744
PC(20:0/18:2)	3.4003474576271184	3.222547058823529	3.239809756097561	3.488390909090909	stable	0.9997	0.03687954481243776
PE(P18:0/18:1)	0.9756084745762712	1.0453823529411765	1.156731707317073	1.1575272727272727	stable	0.9967	0.24667199030447667
MAG(18:2)	0.10989152542372882	0.08801764705882353	0.11014634146341463	0.10778181818181817	stable	0.9871	0.02796630431821087
TAG52:5FA18:2	18.315493220338983	17.438388235294116	17.386556097560977	22.220845454545454	stable	0.8983	0.278849157065526
SM(16:0)	165.19044576271187	171.6223294117647	171.47229756097562	176.73857272727273	stable	1.0	0.09748669164937476
TAG49:1FA18:1	2.7947949152542373	2.0067235294117647	2.8297560975609755	3.5088909090909093	stable	0.6549	0.32827267465852944
FFA(14:0)	35.041450847457625	36.52391176470588	34.98877073170732	34.37307272727273	stable	1.0	0.027783684209974926
TAG56:4FA20:4	0.4899322033898305	0.5505117647058824	0.5419585365853659	0.5774272727272727	stable	0.9305	0.23705712624888117
TAG46:2FA18:2	4.099618644067797	1.497929411764706	2.2103658536585367	2.486172727272727	down	0.0587	0.7215631818140236
FFA(16:0)	628.7624830508474	647.7404705882353	634.922187804878	634.2076727272727	stable	1.0	0.01244019390719824
TAG52:5FA22:5	0.43227966101694915	0.37477647058823527	0.3787243902439024	0.48860909090909094	stable	0.8041	0.17671574791297015
PE(P18:1/20:3)	0.4439	0.4196823529411765	0.5494951219512195	0.4753181818181818	stable	0.9926	0.09865887984286355
TAG56:8FA18:3	0.42790338983050846	0.5236470588235294	0.5074756097560976	0.5321818181818182	stable	0.9266	0.31463411402786484
TAG46:3FA16:1	0.46730169491525425	0.21248235294117648	0.3026878048780488	0.3568181818181818	dynamic	0.563	0.3891651396498541
TAG50:1FA18:1	60.528737288135595	46.94280588235294	51.71308048780488	69.91976363636364	stable	0.7346	0.20808005303936175
TAG44:0FA16:0	4.019225423728813	1.2180823529411764	1.9770780487804878	2.331909090909091	down	0.1115	0.7854059487743011
CE(22:5)	2.3509813559322033	2.278976470588235	2.4350731707317075	2.3011909090909093	stable	0.9997	0.030882422037329653
TAG49:2FA16:1	0.8036491525423729	0.6342470588235294	0.8627170731707318	1.0355272727272729	stable	0.7566	0.3657278408286128
TAG53:4FA18:1	17.1773	17.390682352941177	17.636673170731708	17.976854545454547	stable	1.0	0.06563732558291233
TAG52:3FA20:3	1.0242	0.9941705882352941	0.946560975609756	1.3073181818181818	stable	0.6626	0.352112850204738
TAG49:1FA17:0	0.6035050847457627	0.4748352941176471	0.6001024390243902	0.8337818181818182	stable	0.5686	0.46630398618563146
TAG56:7FA18:1	3.1211389830508476	3.1722411764705885	3.403026829268293	3.5505181818181817	stable	0.8475	0.18595699338575034
TAG50:2FA18:0	2.163757627118644	1.7071294117647058	1.8594048780487804	2.3276636363636363	stable	0.6922	0.10534368879230557
TAG44:2FA16:0	0.6850220338983051	0.3977235294117647	0.5509780487804878	0.5902909090909091	dynamic	0.6366	0.21472427004787997
TAG44:3FA18:2	0.25472542372881357	0.1527735294117647	0.20414268292682927	0.1907090909090909	dynamic	0.636	0.417569342735525
TAG47:0FA15:0	0.37558305084745763	0.2591764705882353	0.35322439024390245	0.5276090909090909	dynamic	0.5651	0.49033746386717425
TAG54:7FA16:1	0.5355237288135594	0.533035294117647	0.5540268292682927	0.6256090909090909	stable	0.8771	0.22431097546732745
TAG52:3FA20:2	0.6909508474576271	0.6209411764705882	0.6743487804878049	0.824590909090909	stable	0.8285	0.2550954714706339
TAG52:5FA16:1	8.60382033898305	8.389582352941176	8.772804878048781	10.728481818181818	stable	0.8937	0.31839663102751736
TAG51:2FA15:0	2.3817406779661017	2.038005882352941	2.6506634146341463	3.1479	stable	0.8643	0.4023733689149612
TAG54:7FA20:4	1.335384745762712	1.5237058823529412	1.4664780487804878	1.7165454545454546	stable	0.9189	0.36225259533636545
PE(P18:1/18:2)	1.7514966101694915	1.8136823529411765	2.016573170731707	1.9077818181818182	stable	0.9917	0.12330799224241402
TAG52:1FA16:1	0.4512830508474576	0.3901823529411765	0.4318365853658537	0.5574181818181818	stable	0.8575	0.3047274656484016
TAG47:1FA15:0	0.4354186440677966	0.2912176470588235	0.44018048780487806	0.5466454545454545	dynamic	0.4855	0.32820224431748957
TAG50:5FA14:0	0.770606779661017	0.6459470588235294	0.6635	0.8110636363636363	stable	0.7212	0.07382023466206358
TAG55:1FA16:0	0.9375762711864407	0.7703882352941176	0.8256292682926829	0.8540545454545454	stable	0.5991	0.13460784488450972
TAG56:3FA18:0	0.42708813559322034	0.4040529411764706	0.42401707317073173	0.5006	stable	0.8935	0.22912447021446733
TAG50:2FA14:0	15.14247966101695	12.370382352941176	15.233292682926828	17.12419090909091	stable	0.797	0.1774343510253227
TAG56:2FA18:1	1.7003949152542372	1.5232705882352942	1.7693024390243903	1.9055181818181819	stable	0.764	0.16431352397141752
TAG51:3FA18:2	4.217367796610169	3.6899529411764704	4.352792682926829	5.311081818181818	stable	0.8994	0.3326629100554997
PC(16:0/16:1)	10.722179661016948	8.645023529411764	9.538856097560975	10.276781818181819	stable	0.8587	0.06120966000033601
TAG51:1FA16:0	2.962528813559322	2.5182294117647057	2.8811146341463414	4.139927272727273	stable	0.6929	0.4827762379825016
TAG52:3FA18:1	187.41969830508475	172.67682352941176	181.52110731707316	234.32402727272728	stable	0.9507	0.32223230178454493
TAG56:4FA18:1	2.3167237288135594	2.394194117647059	2.586326829268293	3.0487636363636366	stable	0.918	0.39613829394845385
TAG54:4FA20:1	0.32347796610169494	0.2995058823529412	0.32890243902439026	0.4043272727272727	stable	0.9218	0.3218560742001278
TAG56:7FA18:0	0.2420593220338983	0.22436470588235294	0.23643170731707316	0.25614545454545457	stable	0.6359	0.08160263511386126
TAG54:4FA18:3	2.3384881355932206	2.257858823529412	2.215892682926829	2.6163363636363637	stable	0.8663	0.16197192052481765
TAG56:7FA20:3	0.6329779661016949	0.8344764705882353	0.7249585365853658	0.7775818181818182	stable	0.9508	0.29683920503953126
PE(18:0/18:1)	1.9681118644067797	1.8231058823529411	1.813419512195122	2.123990909090909	stable	0.9949	0.10996536772346889
TAG50:4FA14:1	0.7185627118644068	0.6546705882352941	0.7499097560975609	0.8431818181818181	stable	0.8857	0.23072968599449178
TAG47:2FA18:2	0.3207372881355932	0.20193529411764707	0.2841341463414634	0.30423636363636364	dynamic	0.4662	0.07619948726635585
TAG50:5FA18:1	0.20755254237288134	0.17804705882352942	0.2028341463414634	0.2397909090909091	stable	0.8116	0.20830036054755438
TAG53:4FA18:0	1.0969237288135594	1.1134	1.1276097560975609	1.1451909090909091	stable	1.0	0.06212490699166313
PC(16:0/20:3)	62.70500847457627	59.71796470588235	60.2452512195122	63.42089090909091	stable	0.9988	0.016377463064657607
TAG56:6FA18:2	2.444537288135593	2.7104470588235294	2.594870731707317	3.0461636363636364	stable	0.949	0.3174320319140816
PC(14:0/20:4)	3.5332813559322034	3.770294117647059	4.085	3.4149818181818183	stable	0.9946	0.04913073847502151
PC(18:1/22:5)	1.2649813559322034	1.2181882352941176	1.3783560975609757	1.4151545454545453	stable	0.988	0.16184349298762363
LCER(24:1)	0.3075271186440678	0.32630588235294117	0.30700243902439023	0.3169272727272727	stable	0.9942	0.0434381769938898
DAG(15:0/18:1)	0.13807796610169493	0.0837764705882353	0.11714634146341464	0.12354545454545454	dynamic	0.1133	0.16044118642962962
TAG45:1FA16:0	0.15768813559322034	0.08518235294117647	0.14075853658536586	0.16168181818181818	dynamic	0.4812	0.036083334368813905
TAG56:4FA20:3	0.6270779661016949	0.7199411764705882	0.7151121951219512	0.7664727272727273	stable	0.9342	0.28958963074370625
TAG60:10FA22:6	0.17560169491525424	0.1555235294117647	0.17493902439024392	0.13670909090909092	stable	0.4826	0.3611975871323763
TAG54:5FA22:1	0.24773389830508474	0.24096470588235294	0.22960243902439026	0.30005454545454546	stable	0.8698	0.27643349391289507
PE(16:0/22:6)	4.314401694915254	3.490364705882353	4.003168292682927	3.981790909090909	stable	0.8461	0.11574304115503084
LPE(18:2)	0.4940271186440678	0.45279411764705885	0.4207170731707317	0.5249818181818182	stable	0.9382	0.08767722056718383
TAG54:6FA20:4	8.279230508474576	9.126170588235293	8.635246341463414	10.940127272727272	stable	0.8921	0.40206093038723195
TAG54:2FA18:1	34.42579661016949	30.508576470588235	32.85211463414634	39.748036363636366	stable	0.7343	0.2073935514026066
TAG56:8FA16:1	0.29185593220338985	0.27242941176470586	0.3195512195121951	0.29014545454545454	stable	0.6078	0.008480064810045006
TAG58:9FA20:4	0.6990898305084746	0.9300941176470588	0.8403634146341463	0.8115727272727272	stable	0.8698	0.21524253585803432
PE(16:0/18:1)	0.9181305084745762	0.7352058823529412	0.8410658536585366	1.093490909090909	stable	0.9698	0.2521700798701135
DAG(16:1/16:1)	0.09739152542372881	0.0853	0.09526585365853658	0.10502727272727272	stable	0.9732	0.10889585922643479
PC(18:1/22:6)	3.4121101694915255	2.809620588235294	3.4472378048780485	3.3265454545454545	stable	0.9916	0.03663948172830137
TAG52:4FA20:2	0.2503	0.22194117647058823	0.24161219512195123	0.2898909090909091	stable	0.8859	0.21185180051342875
TAG42:0FA16:0	1.5796305084745763	0.4903176470588235	0.8599048780487805	0.9109272727272727	down	0.0729	0.7941793561230605
TAG52:2FA20:1	0.5899118644067797	0.48461176470588235	0.5791780487804878	0.6581363636363636	stable	0.821	0.15788711129861224
TAG52:4FA16:1	21.37256779661017	20.820223529411763	22.999717073170732	28.092254545454544	stable	0.9077	0.3944121623869117
TAG58:8FA22:5	0.8051406779661017	0.8405058823529412	0.858209756097561	0.9227	stable	0.8639	0.19662077697030264
TAG56:8FA16:0	1.1718118644067796	0.9730411764705882	1.0344682926829267	1.0262636363636364	stable	0.5642	0.19133957040791894
FFA(20:2)	8.800730508474576	2.2027176470588237	7.638960975609756	20.617563636363638	dynamic	0.7582	1.2281786751108665
TAG46:3FA18:1	0.6036050847457627	0.3831647058823529	0.5623707317073171	0.44722727272727275	dynamic	0.6356	0.43259679010828606
TAG50:4FA20:4	0.544671186440678	0.5260823529411764	0.5271902439024391	0.7023090909090909	stable	0.4565	0.3667205605609841
TAG53:2FA17:0	2.9368050847457625	2.8478235294117646	3.36779756097561	4.156890909090909	dynamic	0.1121	0.5012573698350374
PE(18:1/18:2)	2.1790457627118642	1.8879882352941177	1.9394731707317074	2.1429181818181817	stable	0.9583	0.02411972727382364
TAG51:1FA17:0	2.4114898305084744	2.045558823529412	2.403270731707317	3.3633454545454544	stable	0.7375	0.4799722418458481
TAG54:2FA20:2	0.2873050847457627	0.28231764705882356	0.28715365853658537	0.3588727272727273	stable	0.8912	0.3208887629132887
TAG56:6FA18:1	5.034398305084745	5.579482352941176	5.709185365853658	6.370472727272727	stable	0.9471	0.3395810707610815
FFA(22:1)	12.108706779661016	13.011852941176471	12.074270731707317	12.814918181818182	stable	1.0	0.08177947543829173
LPC(16:1)	1.0257728813559321	0.9614764705882353	1.025780487804878	1.1320363636363637	stable	0.9986	0.1422089656280706
PC(14:0/20:3)	0.9561915254237288	0.9800705882352941	1.0028256097560975	0.9592318181818182	stable	0.9787	0.004579895074551993
TAG48:3FA12:0	4.247740677966101	1.6471	2.40660243902439	2.5878363636363635	down	0.0477	0.714949298716566
TAG54:6FA16:0	3.44241186440678	3.422911764705882	3.3231146341463416	4.315154545454545	stable	0.8486	0.3259925121365987
TAG46:0FA14:0	3.4902576271186443	2.140835294117647	2.755648780487805	3.896890909090909	dynamic	0.601	0.15899001445223873
FFA(22:5)	4.5503813559322035	4.633035294117647	4.552539024390244	4.450009090909091	stable	1.0	0.03217917563513016
TAG56:2FA20:1	0.35133559322033897	0.3276352941176471	0.35965853658536584	0.42974545454545454	stable	0.721	0.29063263929298516
TAG58:5FA18:1	0.18041186440677967	0.19043529411764706	0.2004829268292683	0.23246363636363637	stable	0.9335	0.3657108396023922
TAG50:4FA20:3	0.13496101694915255	0.11322352941176471	0.12521219512195123	0.1350727272727273	stable	0.6111	0.0011936577741098239
TAG52:1FA20:0	0.35586101694915256	0.25017058823529414	0.3316682926829268	0.3638818181818182	dynamic	0.2074	0.03215606644816999
PE(O18:0/22:5)	0.4448584745762712	0.4168794117647059	0.4668012195121951	0.4707409090909091	stable	0.9915	0.08158679782727316
TAG53:7FA18:3	0.33525593220338984	0.34293529411764706	0.3401512195121951	0.34953636363636365	stable	1.0	0.06017969242433322
TAG50:3FA18:0	0.3530050847457627	0.3080588235294118	0.3087219512195122	0.39382727272727275	stable	0.7037	0.1578740575487102
TAG46:3FA18:3	0.4477813559322034	0.19067647058823528	0.24978048780487805	0.2989545454545455	down	0.0582	0.5828683140841218
TAG54:7FA18:1	0.8302220338983051	0.7777705882352941	0.8030609756097561	0.8765999999999999	stable	0.7789	0.07842145762450756
TAG55:4FA18:2	0.48507966101694916	0.46776470588235297	0.426409756097561	0.5700818181818182	stable	0.7309	0.23294730002010242
PE(P18:0/22:6)	7.4092186440677965	6.467770588235294	7.620136585365854	6.624927272727272	stable	0.9836	0.16141679087923563
FFA(18:1)	115.99996101694916	144.68725882352942	119.60210975609756	142.68947272727272	stable	0.9093	0.2987545797853959
TAG50:5FA20:4	0.31209661016949153	0.2523705882352941	0.2916780487804878	0.33738181818181817	stable	0.5339	0.11238954000887764
TAG53:3FA18:1	10.844876271186441	10.668458823529411	11.514419512195122	12.905354545454545	stable	0.9997	0.2509561833157067
TAG50:5FA16:1	0.3016627118644068	0.28303529411764705	0.3332317073170732	0.388	stable	0.8081	0.3631202745653667
TAG50:4FA16:1	2.7182949152542375	2.342970588235294	2.7917682926829266	3.2819454545454545	stable	0.8295	0.27184927514008783
TAG52:4FA20:4	2.6616898305084744	2.7419529411764705	2.5150512195121952	3.7455818181818183	stable	0.5657	0.4928473741565145
PC(18:1/20:5)	1.9165415254237288	1.8259970588235295	2.231468292682927	1.474609090909091	stable	0.8055	0.3781727008686591
DAG(18:2/20:4)	0.4648949152542373	0.5038705882352941	0.44795121951219513	0.6174545454545455	stable	0.8833	0.4094282885433626
TAG54:7FA18:2	5.051481355932204	4.913429411764706	4.346946341463415	4.843018181818182	stable	0.6565	0.060800103645261706
TAG56:7FA22:4	0.16829830508474578	0.1870235294117647	0.1871170731707317	0.21522727272727274	stable	0.9132	0.3548402544389346
DAG(18:2/22:6)	0.12721186440677967	0.08863529411764706	0.09984634146341463	0.10305454545454545	dynamic	0.5758	0.3038250901436053
TAG49:2FA15:0	1.590622033898305	1.2170411764705882	1.5118121951219512	1.943718181818182	stable	0.7643	0.28922799794355886
TAG46:3FA12:0	0.6217796610169491	0.23864117647058825	0.3407829268292683	0.41513636363636364	down	0.0415	0.5828181160351339
TAG47:0FA16:0	0.8707983050847458	0.5730588235294117	0.8031195121951219	1.2278	dynamic	0.5822	0.4956650703621458
PC(18:2/18:2)	15.018825423728813	15.302911764705883	15.091641463414634	15.421963636363637	stable	0.9854	0.03821448284444434
PC(18:2/20:3)	2.256030508474576	2.223694117647059	2.1765536585365854	2.329290909090909	stable	0.9983	0.046104253886031676
CE(15:0)	6.367361016949153	5.797035294117647	6.87600487804878	6.401618181818182	stable	0.9953	0.007741066796052881
TAG54:1FA16:0	0.8550474576271186	0.6525176470588235	0.7682975609756098	0.9385818181818182	stable	0.6111	0.13447801734387252
TAG49:2FA17:0	0.2764	0.22148823529411765	0.27535853658536585	0.3423363636363636	stable	0.6523	0.30865693064279787
TAG54:8FA18:3	0.6817169491525423	0.6892823529411765	0.6178926829268293	0.6109	stable	0.6129	0.15823661200207703
DAG(16:1/18:0)	0.19716101694915253	0.19788823529411764	0.19568536585365853	0.2403818181818182	stable	0.998	0.2859534511911648
PC(16:0/18:0)	13.780635593220339	13.795470588235295	12.92280975609756	14.139063636363636	stable	1.0	0.037044150563772735
TAG54:5FA18:3	8.316637288135594	8.279135294117648	8.749414634146342	9.848981818181818	stable	0.8762	0.2439742739161015
LPE(20:3)	0.15392033898305085	0.15382352941176472	0.1535658536585366	0.16394545454545456	stable	0.9892	0.09103202146588951
TAG55:1FA18:1	0.6120271186440678	0.5639294117647059	0.6100634146341464	0.7532545454545455	stable	0.6048	0.29954189417709176
TAG55:2FA18:2	0.46624237288135595	0.46001176470588234	0.4475195121951219	0.5864818181818182	stable	0.5735	0.3310062582846143
PC(18:0/20:4)	86.57279152542372	98.9171705882353	97.4590243902439	91.06172727272728	stable	0.999	0.07293114517912994
TAG54:5FA20:3	3.0967728813559323	3.462364705882353	3.2646146341463416	3.9228636363636364	stable	0.9213	0.3411416073835947
TAG56:3FA20:1	1.1150593220338982	1.0425941176470588	1.2760951219512195	1.4872363636363637	stable	0.7071	0.4155134856817078
TAG48:3FA14:1	1.4286847457627119	1.1512647058823529	1.3791756097560977	1.583090909090909	stable	0.7014	0.14805649890741138
TAG56:8FA20:5	1.3732186440677967	1.336429411764706	1.4224463414634145	1.8847	stable	0.3218	0.45677354869965475
DAG(14:0/16:0)	0.29698983050847455	0.1839941176470588	0.22745365853658536	0.3287090909090909	dynamic	0.4471	0.14639782544206925
SM(26:0)	0.29923898305084745	0.3231411764705882	0.3097853658536585	0.30882727272727273	stable	1.0	0.04550203044048267
TAG51:4FA18:2	1.873235593220339	1.6901529411764706	1.8275024390243901	2.2900181818181817	stable	0.8982	0.28982669682378526
TAG56:7FA16:0	2.820372881355932	2.5977764705882356	2.764590243902439	2.873290909090909	stable	0.7613	0.026818153434596315
TAG48:4FA18:2	2.9306932203389833	1.2607235294117647	1.5206097560975609	1.7546727272727274	down	0.0384	0.740039985824145
TAG50:5FA18:3	0.8367610169491525	0.7362764705882353	0.784990243902439	0.9192636363636364	stable	0.7951	0.13566303171170535
TAG53:0FA16:0	0.8497542372881356	0.7758588235294117	0.767609756097561	1.0049000000000001	stable	0.5986	0.2419343866394492
TAG44:1FA16:1	0.6110271186440678	0.2848235294117647	0.4227219512195122	0.5288	dynamic	0.6126	0.20851423440150801
TAG60:11FA22:6	0.2466542372881356	0.21452941176470589	0.23547073170731708	0.19620909090909092	stable	0.4422	0.33009818453954365
LPC(20:0)	0.3622084745762712	0.3830705882352941	0.36807560975609754	0.38176363636363636	stable	1.0	0.07585938876966294
TAG52:4FA14:0	0.4268016949152542	0.39746470588235294	0.4303878048780488	0.5091545454545454	stable	0.7702	0.2545377236248135
TAG53:6FA18:1	2.8177966101694913	2.8621588235294118	2.8392243902439023	2.8721272727272726	stable	1.0	0.027552199772181894
PI(18:1/18:2)	1.0211966101694916	0.8724588235294117	0.9123658536585366	0.9953000000000001	stable	0.9652	0.03705730524800308
TAG52:4FA18:0	0.3408406779661017	0.31948235294117644	0.3299463414634146	0.43225454545454545	stable	0.8858	0.34278360918195144
PE(18:1/20:3)	0.3026237288135593	0.2777647058823529	0.32671707317073173	0.34952727272727274	stable	0.9815	0.2078799157078011
MAG(16:1)	0.05254322033898305	0.04461764705882353	0.053797560975609754	0.045931818181818185	stable	0.9996	0.19401073214452028
SM(22:0)	53.6298	56.86054117647059	54.27623902439024	56.35249090909091	stable	1.0	0.07144450905779749
TAG55:8FA20:4	0.39038644067796613	0.4011647058823529	0.39545853658536584	0.39652727272727273	stable	1.0	0.022517151849825806
TAG58:6FA18:1	0.5546254237288135	0.5871647058823529	0.6084487804878048	0.6905363636363636	stable	0.9438	0.3162036385348474
TAG56:5FA16:0	1.2723830508474576	1.3726411764705881	1.383390243902439	1.6315636363636363	stable	0.88	0.3587221991179989
DAG(18:2/20:5)	0.1673457627118644	0.14712941176470587	0.13155365853658538	0.2907181818181818	dynamic	0.7172	0.7967892803046183
TAG58:2FA18:1	0.42311186440677967	0.2721882352941176	0.5224707317073171	0.4969181818181818	dynamic	0.8032	0.23196918922731358
CE(22:0)	0.7454508474576271	0.7724705882352941	0.7634658536585366	0.738890909090909	stable	0.9994	0.012751850608431679
TAG54:5FA22:4	0.3382254237288136	0.3625058823529412	0.3593512195121951	0.4106090909090909	stable	0.7143	0.27978046082659713
TAG58:3FA18:1	0.27110677966101693	0.2169294117647059	0.29788536585365855	0.38372727272727275	dynamic	0.7692	0.5012201139450008
TAG56:3FA20:2	0.21114237288135593	0.21091764705882354	0.22124878048780489	0.2564	stable	0.9364	0.28018012850431523
TAG52:2FA18:2	23.48465593220339	20.70994117647059	20.699748780487806	27.840936363636363	stable	0.9017	0.24548927642908916
TAG53:4FA16:0	0.2929525423728814	0.2778176470588235	0.27920243902439024	0.3740181818181818	stable	0.8433	0.3524414339361354
LCER(22:1)	0.06759491525423729	0.06093529411764706	0.0667951219512195	0.06688181818181818	stable	0.9999	0.015300657991413266
LPC(20:4)	2.2173084745762712	2.6370411764705883	2.6609707317073172	2.4187363636363637	stable	0.9921	0.12544403403924073
TAG48:2FA12:0	4.348418644067797	1.5862294117647058	2.723241463414634	2.6531090909090906	down	0.0628	0.7128068448158074
TAG58:7FA22:4	0.2732983050847458	0.31974705882352944	0.30519756097560974	0.35451818181818184	stable	0.9595	0.37538310669386843
PC(18:0/18:0)	1.0981457627118645	1.0667882352941176	1.072360975609756	1.115290909090909	stable	1.0	0.022350503802665008
CE(18:3)	45.9154220338983	44.9952	49.55138292682927	50.11742727272727	stable	0.995	0.12633355102399316
TAG51:4FA20:4	0.13983220338983052	0.1264	0.1515219512195122	0.19427272727272726	stable	0.6685	0.47438673225717976
TAG56:4FA20:2	0.7284135593220339	0.7628882352941176	0.8184634146341463	0.9499272727272727	stable	0.9454	0.38305928552039836
DAG(15:0/18:2)	0.40759152542372884	0.10861764705882353	0.1841219512195122	0.15275454545454545	down	0.0535	1.41590874516732
TAG46:1FA16:0	7.361308474576271	3.1821823529411764	4.5767390243902435	5.7282909090909095	dynamic	0.6835	0.36185746732500995
DAG(16:0/16:0)	0.915	0.6354058823529412	0.6653317073170731	1.0975818181818182	dynamic	0.3226	0.26248483957524665
TAG54:5FA18:2	49.70376101694915	47.57145882352941	45.03337317073171	58.014554545454544	stable	0.8598	0.22305986263319702
TAG42:1FA12:0	1.3404305084745762	0.14094411764705883	0.3895829268292683	0.26325	down	0.1487	2.348190991701481
DAG(18:1/20:2)	0.1523677966101695	0.1506705882352941	0.1561609756097561	0.20292727272727273	stable	0.9517	0.41340475424019807
TAG52:7FA16:0	0.506735593220339	0.41516470588235294	0.4591707317073171	0.7447727272727273	dynamic	0.4782	0.5555670763792621
TAG55:5FA18:1	0.3084457627118644	0.31881764705882354	0.3342487804878049	0.3774090909090909	stable	0.9713	0.29111234721839974
TAG52:2FA20:0	0.18952372881355933	0.15304705882352942	0.17567804878048782	0.20019090909090909	stable	0.8729	0.0789979726566523
TAG46:1FA14:0	4.193989830508475	2.643670588235294	3.7017682926829267	4.259481818181818	dynamic	0.5098	0.02235456867958234
DAG(16:1/20:2)	0.07105677966101695	0.07210588235294117	0.06844756097560975	0.0843	stable	0.9761	0.2465603248843517
TAG53:5FA18:1	8.960440677966101	9.0838	9.0504	9.08239090909091	stable	1.0	0.019502445835194327
CER(18:0)	0.11566101694915254	0.10195882352941177	0.10691707317073171	0.11762727272727273	stable	0.9956	0.024319905974548233
CE(24:1)	0.4759694915254237	0.4162	0.45929024390243905	0.46664545454545453	stable	0.9995	0.02854226049175538
PC(18:2/20:4)	9.656081355932203	10.53364705882353	10.368326829268293	10.121627272727274	stable	1.0	0.06793151695050158
PC(16:0/16:0)	15.934727118644068	15.727405882352942	15.154241463414634	16.647554545454547	stable	1.0	0.06313595387943778
TAG50:6FA20:4	0.1630237288135593	0.10466470588235294	0.11905365853658537	0.1398090909090909	dynamic	0.5475	0.22162379710377708
TAG52:2FA18:0	17.26009152542373	14.653188235294119	14.772929268292684	20.65780909090909	stable	0.8438	0.25924713939636373
TAG55:2FA18:1	0.6287474576271187	0.46715882352941174	0.5467195121951219	0.7670272727272727	stable	0.2846	0.2867972143619004
CER(24:1)	0.5979033898305085	0.5729941176470588	0.6222219512195122	0.6494818181818182	stable	0.9999	0.11937674861309754
PE(18:0/18:2)	8.305123728813559	6.7181411764705885	7.1738536585365855	8.672927272727273	stable	0.9633	0.06251735033550314
TAG52:0FA18:0	4.435088135593221	3.661752941176471	3.680612195121951	5.390527272727272	stable	0.569	0.28146362209879294
TAG50:4FA14:0	5.140601694915254	4.1673	4.52619756097561	5.51910909090909	stable	0.7942	0.10249816892834261
TAG52:2FA20:2	0.5429016949152542	0.4454470588235294	0.46087073170731707	0.6365272727272727	stable	0.7083	0.22953134143857917
TAG58:6FA18:0	0.2681322033898305	0.26486470588235295	0.2923707317073171	0.3024454545454546	stable	0.8345	0.1737304773448208
TAG55:6FA20:4	0.36757457627118645	0.3919470588235294	0.41542439024390243	0.4654909090909091	stable	0.986	0.3407160082481483
PE(P18:0/22:4)	2.947942372881356	2.731094117647059	2.76299756097561	3.204209090909091	stable	0.934	0.12025997145029509
TAG51:2FA18:1	7.324993220338983	6.380511764705883	8.228041463414634	9.754209090909091	stable	0.87	0.4131974740228173
TAG50:2FA18:2	36.9584186440678	28.203923529411764	29.131719512195122	41.20013636363636	stable	0.7682	0.15674608357391873
TAG53:3FA18:2	3.381186440677966	3.2595647058823527	3.589007317073171	4.519890909090909	stable	0.9066	0.41875838304199986
CER(24:0)	1.759622033898305	1.9417	1.9047951219512196	1.9870454545454546	stable	0.9992	0.17535930342526423
DCER(22:1)	0.06370338983050848	0.05674705882352941	0.0642170731707317	0.06320909090909091	stable	0.9954	0.011238078468284313
TAG46:2FA12:0	3.372108474576271	1.1044117647058824	1.668341463414634	1.9797454545454545	down	0.0716	0.7683359979481851
SM(22:1)	32.72047966101695	33.871741176470586	34.43288048780488	35.9259	stable	1.0	0.13483040149456876
TAG48:1FA16:0	23.599864406779663	17.436641176470587	19.97942195121951	25.86967272727273	stable	0.569	0.13248323225984415
TAG56:3FA18:2	0.556871186440678	0.4889235294117647	0.509429268292683	0.6197545454545454	stable	0.6368	0.15435330066333544
DAG(18:2/22:5)	0.1008135593220339	0.0956764705882353	0.09476341463414634	0.11821818181818182	stable	0.8809	0.22976224447511878
TAG57:9FA22:6	3.466077966101695	3.4752529411764708	3.460187804878049	3.5139363636363634	stable	1.0	0.0197839578908167
PC(18:1/18:1)	12.196823728813559	12.422635294117647	13.06870487804878	14.123545454545454	stable	0.9988	0.2115968028568202
TAG52:4FA22:4	0.14412881355932203	0.12773529411764706	0.13362439024390244	0.1693090909090909	stable	0.626	0.2323006584077641
PI(16:0/20:3)	0.42954237288135594	0.37917058823529415	0.40432439024390243	0.4157181818181818	stable	0.937	0.04719460835909892
TAG50:2FA20:2	0.1761762711864407	0.13681176470588235	0.1521341463414634	0.18883636363636364	stable	0.5826	0.10011698302361419
TAG58:10FA22:6	0.7963525423728813	0.6178411764705882	0.7644146341463415	0.7221818181818181	stable	0.3394	0.14104514890922246
TAG54:4FA22:1	0.23003898305084747	0.21624117647058824	0.22377073170731707	0.28776363636363633	stable	0.8977	0.32300593047697773
TAG42:0FA14:0	1.175220338983051	0.28359411764705883	0.5593975609756098	0.4592272727272727	down	0.087	1.355651040387073
TAG47:0FA17:0	0.21647457627118644	0.17801176470588234	0.21785121951219513	0.3099090909090909	dynamic	0.4349	0.5176474772943969
TAG48:2FA16:1	6.072435593220339	4.798270588235294	5.674929268292683	6.648509090909091	stable	0.6507	0.13075557354028117
TAG54:3FA20:2	2.294771186440678	2.2866529411764707	2.3909243902439026	2.8668727272727272	stable	0.9083	0.3211275501260921
TAG42:1FA16:1	0.20994406779661018	0.0973	0.16317560975609757	0.17883636363636365	dynamic	0.5915	0.23136490749745653
FFA(18:4)	3.073506779661017	3.239470588235294	3.0685634146341463	3.070136363636364	stable	1.0	0.0015829314492708355
DAG(16:0/22:6)	0.0666135593220339	0.04478823529411765	0.0496780487804878	0.0638909090909091	dynamic	0.3244	0.06020520302724763
SM(14:0)	17.37492372881356	17.822870588235293	18.219309756097562	18.479645454545455	stable	0.9979	0.08893043305313199
TAG47:1FA16:1	0.25062033898305086	0.16130588235294116	0.23800975609756098	0.31482727272727273	dynamic	0.4002	0.3290570227600795
TAG51:4FA15:0	1.0322440677966103	0.918064705882353	1.004751219512195	1.2730272727272727	stable	0.889	0.3024791996648748
TAG47:2FA16:1	0.11948050847457627	0.08183823529411764	0.1203	0.14374545454545454	dynamic	0.3183	0.2667410540519191
PC(16:0/22:6)	53.913352542372884	45.86944117647059	51.33486829268293	46.2169	stable	0.9745	0.2222221305223914
LPC(17:0)	0.6220593220338984	0.640264705882353	0.7100024390243902	0.7499090909090909	stable	0.9981	0.26966354486943434
TAG55:3FA18:1	0.9120406779661017	0.7840058823529412	0.8916560975609756	1.1607	stable	0.6621	0.34782505797277
TAG46:3FA18:2	1.110806779661017	0.6238705882352941	0.8753170731707317	0.8435636363636364	dynamic	0.5527	0.3970390765007095
TAG53:1FA17:0	0.5918813559322034	0.5577176470588235	0.6224024390243902	0.892909090909091	dynamic	0.2553	0.5932052857036201
HCER(24:0)	0.7036983050847457	0.8164235294117647	0.7189707317073171	0.7179636363636364	stable	0.996	0.028953737679828274
TAG53:6FA20:4	0.1400508474576271	0.1453235294117647	0.16171463414634146	0.17746363636363638	stable	0.8551	0.3415727225261894
TAG54:3FA18:2	20.944938983050847	18.997505882352943	19.382765853658537	23.87781818181818	stable	0.8922	0.1890693360794747
TAG48:5FA18:3	0.3457	0.1550235294117647	0.18140731707317073	0.2003090909090909	down	0.053	0.7872927051065028
TAG50:2FA14:1	0.2724694915254237	0.23325294117647058	0.2805390243902439	0.3491181818181818	stable	0.6678	0.35762079332250185
TAG52:4FA22:1	0.16390169491525425	0.1507235294117647	0.1542439024390244	0.20884545454545456	stable	0.9347	0.3496049705532772
TAG52:1FA16:0	30.70964406779661	26.798311764705883	28.321246341463414	37.507563636363635	stable	0.8076	0.28848976225861095
TAG54:4FA16:1	0.5380135593220339	0.5307647058823529	0.5893707317073171	0.7201090909090909	stable	0.8947	0.4205729472979483
TAG48:4FA12:0	1.7512779661016948	0.6705470588235294	0.8536292682926829	0.9941909090909091	down	0.0462	0.8168132727806686
TAG58:7FA16:0	0.2513152542372881	0.17029411764705882	0.20242439024390244	0.24372727272727274	dynamic	0.4884	0.0442305464581441
TAG51:2FA16:0	4.509561016949153	3.9648176470588234	4.541036585365854	5.802063636363637	stable	0.8739	0.363579117715021
TAG56:6FA18:3	0.21850847457627118	0.24198235294117648	0.24156585365853658	0.25976363636363636	stable	0.9198	0.2495102518679599
LCER(16:0)	3.467486440677966	3.7479235294117648	3.3146341463414632	3.2965363636363634	stable	0.9972	0.07293924540213488
TAG52:6FA18:2	1.7117762711864406	1.663470588235294	1.7597048780487805	2.1582	stable	0.8678	0.3343344111977313
DCER(22:2)	0.09197796610169491	0.08828235294117646	0.10262926829268293	0.09051818181818182	stable	0.9982	0.023080689531749334
DAG(18:0/18:3)	0.06717457627118643	0.06461176470588235	0.05950731707317073	0.08237272727272728	stable	0.9144	0.2942514396699721
TAG48:2FA18:2	10.26953559322034	7.029470588235294	8.161063414634146	10.238254545454545	dynamic	0.3746	0.004401161429848007
LPC(20:1)	0.284535593220339	0.29518823529411764	0.31809512195121953	0.3502090909090909	stable	0.9994	0.2996074005784266
TAG54:8FA20:5	0.3727677966101695	0.35769411764705883	0.3496975609756098	0.46006363636363634	stable	0.4176	0.3035561986549903
FFA(22:0)	5.892947457627119	6.462905882352941	6.1116829268292685	6.482209090909091	stable	1.0	0.13749615418053782
TAG53:1FA18:1	1.098064406779661	0.9685411764705882	1.1217951219512194	1.5271272727272727	stable	0.7226	0.47585762532775916
TAG55:6FA20:3	2.178957627118644	2.1966058823529413	2.2063585365853657	2.2005636363636363	stable	1.0	0.014234950993439714
TAG51:4FA18:3	0.43493728813559324	0.39942352941176473	0.46813170731707315	0.5800545454545455	stable	0.8554	0.4153811709698125
TAG58:10FA22:5	0.10207457627118643	0.10135294117647059	0.11166829268292683	0.10826363636363635	stable	0.7185	0.08492517257696958
CE(20:0)	0.7633762711864407	0.7747470588235295	0.8644146341463415	0.8152363636363636	stable	0.9885	0.09482406191425921
FFA(14:1)	3.9848406779661016	3.2534941176470586	3.3093024390243904	3.2117	stable	0.9734	0.31118490428257084
TAG48:1FA16:1	4.862183050847458	3.7252529411764708	3.8758463414634146	5.618954545454545	stable	0.4778	0.20869752087653493
TAG53:2FA18:0	0.9588796610169492	0.9383470588235294	0.9558024390243902	1.2096545454545455	stable	0.9803	0.33517342568711117
TAG54:6FA18:2	22.634161016949154	21.653776470588234	18.961273170731708	23.687854545454545	stable	0.7447	0.06564570579683113
FFA(12:0)	11.148815254237288	10.410358823529412	9.729817073170732	9.510054545454546	stable	0.9918	0.22936488723314427
TAG51:1FA18:0	0.6778830508474576	0.5903941176470588	0.694680487804878	0.9750818181818182	dynamic	0.347	0.5244868796562162
DAG(18:1/22:6)	0.1571050847457627	0.11392941176470589	0.13408536585365854	0.13323636363636363	stable	0.4389	0.23774198977970107
DAG(18:1/20:3)	0.2322949152542373	0.2742470588235294	0.25777073170731707	0.3105	stable	0.8976	0.41863569336826617
CE(20:3)	28.433574576271187	28.9099	29.314041463414636	29.158054545454547	stable	0.9998	0.03629898348783506
TAG36:0FA12:0	1.0299466101694914	0.038141176470588234	0.10280243902439025	0.05712272727272727	down	0.1767	4.172360882279336
TAG53:2FA18:2	0.6506745762711864	0.6044235294117647	0.6175170731707317	0.8265	stable	0.8107	0.3450786349333828
TAG53:1FA16:0	0.5730525423728814	0.44725882352941176	0.4802585365853659	0.7336727272727273	stable	0.4107	0.35646923332489433
DAG(16:0/18:3)	0.18895593220338983	0.17158823529411765	0.16665121951219514	0.25583636363636364	stable	0.7785	0.4371715259421285
PC(18:2/22:6)	1.9461050847457628	1.7735823529411765	1.824851219512195	1.7426454545454546	stable	0.99	0.1593105345961331
PC(16:0/20:5)	16.64615593220339	15.128023529411765	17.04221219512195	13.649727272727272	stable	0.7407	0.28631693092408406
TAG47:2FA14:0	0.23371525423728814	0.1535235294117647	0.2277219512195122	0.2484909090909091	dynamic	0.442	0.08844117282124467
PE(18:0/22:6)	5.131891525423729	4.251194117647059	4.863368292682927	4.915609090909091	stable	0.872	0.06212048466802194
HCER(24:1)	0.4681	0.4779764705882353	0.46921463414634146	0.46341818181818184	stable	0.99	0.014502116823941511
PI(18:0/16:0)	0.19084745762711863	0.13220588235294117	0.16296829268292684	0.17665454545454545	dynamic	0.0451	0.11148909649454519
TAG53:4FA18:2	3.4261084745762713	3.3294352941176473	3.5698609756097563	4.364645454545455	stable	0.9495	0.34929363719604284
TAG54:5FA16:1	0.7318084745762712	0.7868529411764705	0.8214292682926829	0.9322636363636364	stable	0.9034	0.3492718720316851
PE(16:0/20:4)	2.653093220338983	2.2989470588235292	2.511307317073171	2.8226272727272725	stable	0.9879	0.08936326614832206
TAG52:1FA18:0	24.406481355932204	20.490770588235293	21.655873170731706	29.397990909090908	stable	0.7586	0.2684532440374134
PI(18:1/18:1)	1.316442372881356	1.2988764705882352	1.1957634146341463	1.361809090909091	stable	0.9677	0.048880100255517894
TAG54:5FA20:4	10.423159322033898	11.773358823529412	11.302948780487805	13.871309090909092	stable	0.8695	0.4123113135746029
DAG(18:1/18:2)	8.689933898305085	7.957641176470588	7.715709756097561	11.830972727272727	stable	0.9233	0.44515158702428526
TAG56:8FA18:2	1.9638830508474576	1.9568588235294118	1.9357707317073172	2.1586545454545454	stable	0.7915	0.13642336418230316
TAG56:8FA18:1	0.7520186440677966	0.7100058823529412	0.7696170731707317	0.9160090909090909	stable	0.5958	0.28459348670063783
TAG46:1FA16:1	1.641050847457627	1.1537882352941176	1.3638780487804878	1.8334	dynamic	0.5232	0.15990163759225162
TAG53:5FA18:3	0.4398830508474576	0.45544117647058824	0.47983414634146343	0.5391636363636364	stable	0.9654	0.2936031841414368
DAG(18:0/18:1)	0.7056559322033898	0.5903647058823529	0.6164024390243903	0.7936818181818182	stable	0.7466	0.1695958389705237
TAG42:1FA14:0	0.290071186440678	0.11417058823529412	0.25934878048780485	0.19746363636363637	dynamic	0.7198	0.5548199955465735
DAG(16:0/18:0)	0.7854254237288135	0.6362529411764706	0.6202414634146342	0.9097909090909091	stable	0.8871	0.21206072095677758
TAG46:2FA16:1	1.2483101694915255	0.7380058823529412	1.0042634146341463	1.1692545454545455	dynamic	0.4482	0.0943874101159237
TAG56:7FA16:1	0.2831237288135593	0.30620588235294116	0.3316390243902439	0.3488454545454545	stable	0.8592	0.30115536778346286
PC(18:0/22:5)	5.120671186440678	4.996288235294117	4.853046341463415	4.9570454545454545	stable	0.9955	0.04685243438441
TAG47:1FA17:0	0.16162372881355933	0.09101764705882352	0.13537560975609755	0.1723	dynamic	0.5018	0.09228367842036181
TAG49:0FA17:0	0.5519559322033898	0.4323941176470588	0.5074146341463415	0.8513727272727273	dynamic	0.49	0.6252377880321206
PC(18:0/22:4)	1.9252610169491526	2.0479176470588234	1.8889731707317075	1.8719999999999999	stable	0.9906	0.04047361729163141
TAG54:8FA22:6	0.4856423728813559	0.31885882352941175	0.37257560975609755	0.3683636363636364	dynamic	0.5937	0.3987636535744124
LCER(20:0)	0.06865762711864407	0.06028823529411765	0.06603170731707317	0.06936363636363636	stable	1.0	0.014759536243675547
TAG44:1FA14:0	1.5275593220338983	0.5070705882352942	0.9310024390243902	0.8861181818181818	down	0.0485	0.7856573781547249
TAG50:3FA20:3	0.3196661016949153	0.28901764705882355	0.3012878048780488	0.37164545454545456	stable	0.5324	0.2173611983356532
TAG54:5FA18:0	1.4372372881355933	1.3427176470588236	1.2229219512195122	1.4200727272727272	stable	0.7661	0.01733345320289517
TAG48:1FA14:0	15.133633898305085	10.759294117647059	13.434712195121952	16.070681818181818	stable	0.5913	0.08667268834766849
TAG40:0FA12:0	1.3402457627118645	0.09132941176470588	0.22340487804878048	0.13615454545454544	down	0.171	3.2991805219345025
DAG(16:0/20:4)	0.23572711864406778	0.2344	0.20858536585365853	0.3068727272727273	stable	0.766	0.38052269531356836
TAG52:6FA16:1	1.308250847457627	1.2765058823529412	1.3651073170731707	1.6127727272727272	stable	0.8675	0.3019039540205301
TAG54:0FA16:0	0.2790237288135593	0.18734705882352942	0.2412780487804878	0.26097272727272725	dynamic	0.5889	0.09648877025921344
CE(22:1)	0.24958305084745763	0.25493529411764704	0.24215121951219512	0.2484727272727273	stable	0.9994	0.0064324561187255195
DAG(16:0/20:3)	0.09764237288135594	0.09482352941176471	0.09028048780487805	0.11301818181818182	stable	0.8652	0.21097562442426726
TAG52:4FA20:3	1.112728813559322	1.1724705882352942	1.1767365853658536	1.3351181818181819	stable	0.7716	0.2628654198287601
TAG51:3FA16:1	0.7123220338983051	0.6394529411764706	0.799419512195122	0.9347	stable	0.8599	0.3919737767822265
TAG52:3FA20:0	0.4458762711864407	0.4086705882352941	0.4173707317073171	0.5583727272727272	stable	0.932	0.32458505358391604
TAG47:1FA18:1	0.5430949152542373	0.3321176470588235	0.5501146341463414	0.5918818181818182	dynamic	0.5075	0.12410478375944355
TAG53:3FA17:0	3.2262694915254237	3.1417941176470587	3.5165365853658535	4.350954545454545	stable	0.9158	0.43146499268534494
TAG54:7FA20:5	2.023749152542373	2.0215823529411763	1.9143121951219513	2.4844272727272725	stable	0.4459	0.2958828337361504
TAG56:6FA20:5	0.502864406779661	0.47304117647058824	0.5408756097560976	0.5579636363636363	stable	0.3965	0.15000166001359427
TAG50:0FA18:0	6.649871186440678	4.940382352941176	5.237265853658537	8.278245454545456	stable	0.5208	0.31599863122988603
TAG50:4FA18:1	1.5464050847457627	1.319794117647059	1.5113658536585366	1.750690909090909	stable	0.8332	0.17900610674098877
PE(18:1/22:5)	0.4163084745762712	0.4122235294117647	0.436390243902439	0.4875272727272727	stable	0.9969	0.227829999843052
TAG46:2FA18:1	1.9717254237288135	1.0623764705882353	1.8578536585365852	1.6916454545454545	dynamic	0.5603	0.22103142929332467
TAG47:1FA14:0	0.481571186440678	0.3216117647058823	0.49292439024390244	0.5852909090909091	dynamic	0.5137	0.2814047957072963
PC(18:0/18:1)	29.806386440677965	28.775317647058824	29.68230243902439	30.594463636363635	stable	1.0	0.037649125271904144
TAG50:0FA16:0	16.872042372881356	12.480676470588236	13.323702439024391	20.026799999999998	stable	0.5813	0.24729729378887308
TAG54:6FA22:6	1.3638983050847457	0.9471882352941177	0.979739024390244	1.3817	dynamic	0.4942	0.018708328031701787
TAG56:7FA20:4	4.977413559322034	5.887282352941177	5.44630731707317	6.257063636363636	stable	0.9716	0.33008951531106434
TAG52:4FA16:0	74.30947966101695	68.74451176470588	66.05687073170732	87.07267272727273	stable	0.9256	0.22867374094414183
TAG42:1FA16:0	0.4506779661016949	0.23425588235294117	0.35498658536585365	0.4379727272727273	dynamic	0.6838	0.04125588215054213
LPC(22:6)	0.3531228813559322	0.3256117647058823	0.35075487804878047	0.32891818181818183	stable	0.9694	0.102441547508782
PI(18:0/20:2)	0.24129830508474576	0.2262470588235294	0.2069560975609756	0.21439090909090908	stable	0.963	0.17057405000431333
TAG52:2FA18:1	254.55702372881356	231.03186470588236	255.25933414634147	315.2261	stable	0.9352	0.3083981186451229
TAG52:3FA16:1	20.608506779661017	19.888088235294116	23.08170243902439	27.65007272727273	stable	0.8883	0.424043299122442
TAG51:3FA18:3	0.18057118644067796	0.17333529411764706	0.1823390243902439	0.26081818181818184	dynamic	0.2903	0.5304767425430958
TAG52:7FA18:1	0.24088813559322034	0.19613529411764707	0.2357609756097561	0.3186727272727273	stable	0.7546	0.40371221671295854
DAG(18:1/22:5)	0.1398135593220339	0.13478823529411765	0.14599268292682926	0.1713090909090909	stable	0.8796	0.2930974312098978
TAG56:5FA20:2	0.6696305084745763	0.7295647058823529	0.7411219512195122	0.8977909090909091	stable	0.9336	0.4230142289872433
TAG46:1FA18:0	0.3091898305084746	0.17941470588235295	0.2783231707317073	0.29294545454545456	dynamic	0.6404	0.07786080398528404
TAG56:5FA20:4	3.5726254237288138	4.122682352941176	4.097921951219512	4.5382	stable	0.9278	0.3451355297363122
TAG56:2FA20:0	0.8363322033898305	0.6412235294117647	0.8347268292682927	0.9160545454545455	stable	0.5219	0.13135738882774714
DAG(18:0/18:2)	0.8081847457627118	0.7291588235294117	0.6787951219512195	0.9925090909090909	stable	0.9216	0.29639519535807285
DAG(16:0/20:5)	0.08537457627118644	0.059991176470588235	0.05384878048780488	0.10876818181818182	dynamic	0.7354	0.34937816554531115
PC(18:1/20:3)	6.090930508474576	6.025670588235294	6.3536	6.759972727272728	stable	0.9975	0.1503547812634799
DAG(14:1/16:0)	0.1222271186440678	0.07235294117647059	0.08126341463414634	0.08626363636363636	down	0.0185	0.5027399748178006
TAG48:5FA18:2	0.3236	0.1558	0.1766658536585366	0.20523636363636363	down	0.0459	0.6569252384700108
TAG54:3FA18:0	21.85330847457627	19.799923529411764	19.78821219512195	24.452027272727275	stable	0.8866	0.16210236872487177
TAG49:3FA16:0	0.2368	0.19813529411764705	0.2277341463414634	0.2889090909090909	stable	0.74	0.2869465199696342
TAG49:3FA16:1	0.36226440677966104	0.29102941176470587	0.3778219512195122	0.44428181818181817	stable	0.8344	0.2944320365997535
FFA(20:0)	11.590318644067796	11.821217647058823	11.339234146341463	11.768627272727272	stable	1.0	0.022025820161802958
PE(P18:1/18:1)	0.5651203389830508	0.5764882352941176	0.672690243902439	0.6308909090909091	stable	0.9953	0.15883244873984328
TAG54:8FA20:4	0.17627118644067796	0.20715882352941176	0.2049658536585366	0.2207818181818182	stable	0.8351	0.32482469944654385
CE(14:1)	1.133779661016949	0.8789058823529412	1.1163243902439024	0.9517363636363636	stable	0.9198	0.25250639456816126
SM(20:1)	8.018354237288136	7.8345529411764705	8.438146341463414	8.927727272727273	stable	1.0	0.1549868011814908
TAG51:0FA16:0	0.6615813559322034	0.5321235294117647	0.5968682926829268	0.9747545454545454	dynamic	0.4748	0.559120398785236
DCER(16:0)	0.09308813559322034	0.08364705882352941	0.08710975609756097	0.08125454545454545	stable	1.0	0.19614878201514563
TAG56:6FA18:0	1.1611898305084747	1.2382882352941176	1.2225219512195122	1.3259454545454545	stable	0.9021	0.19141758621663785
TAG48:4FA18:1	0.5413796610169491	0.26231764705882354	0.3598707317073171	0.3908181818181818	dynamic	0.6262	0.47014310168132534
TAG50:1FA16:0	105.48987966101694	79.62395294117647	86.31707073170732	120.0732909090909	stable	0.7331	0.18681067545514593
TAG52:5FA14:0	0.43454406779661015	0.40613529411764704	0.4296146341463415	0.5211454545454546	stable	0.7776	0.2621836023508148
PE(P16:0/18:2)	2.2853610169491527	2.2987470588235293	2.5698268292682926	2.408227272727273	stable	0.9913	0.07554946578229765
PE(P18:0/20:5)	2.33991186440678	1.7079470588235295	2.465551219512195	1.6022454545454545	dynamic	0.434	0.5463590129478896
CE(18:0)	35.93223220338983	34.963858823529414	36.17448780487805	36.659245454545456	stable	0.9998	0.028898529576540273
PI(18:0/20:4)	21.548883050847458	22.14614117647059	20.64370243902439	23.167790909090908	stable	1.0	0.10450739552491262
TAG49:1FA14:0	0.393928813559322	0.28938823529411767	0.4054829268292683	0.5077454545454545	stable	0.5227	0.3661704738321152
PE(O16:0/20:4)	0.8893186440677966	0.8380529411764706	0.9423317073170732	0.7374090909090909	stable	0.993	0.27023522891985013
TAG53:3FA18:0	7.8437542372881355	7.858152941176471	7.9099560975609755	7.963381818181818	stable	1.0	0.021836898487621204
TAG56:5FA20:3	1.6829728813559321	2.064776470588235	1.9792463414634147	2.218818181818182	stable	0.9609	0.39877952266526306
TAG48:0FA14:0	2.386608474576271	1.6646705882352941	2.0534195121951218	2.7052454545454547	dynamic	0.5011	0.18079758946144373
FFA(17:0)	117.47692542372882	80.21198235294118	173.19408292682928	140.6682090909091	dynamic	0.7564	0.25991890400067114
TAG50:5FA20:5	0.1848	0.1579	0.15877804878048782	0.21473636363636364	stable	0.5114	0.21660176232185321
PC(16:0/14:0)	1.821377966101695	1.5109	1.685939024390244	1.7005272727272727	stable	0.9264	0.09904819260868143
TAG48:2FA18:0	0.802842372881356	0.29696470588235296	0.3759390243902439	0.41524545454545453	down	0.0789	0.9511523861908777
TAG50:5FA18:2	0.8861881355932203	0.7743529411764706	0.7882585365853658	0.941609090909091	stable	0.7889	0.08751523720713221
TAG52:7FA20:5	0.22128983050847456	0.18854117647058824	0.18435609756097562	0.2516909090909091	stable	0.4083	0.1857159554031676
TAG48:1FA18:0	1.6902762711864407	0.7754823529411765	1.0631365853658536	1.2527272727272727	dynamic	0.7045	0.43218670617721583
TAG56:6FA22:4	1.082750847457627	1.1478941176470587	1.1405024390243903	1.391	stable	0.9053	0.36142111829209184
TAG52:2FA16:1	4.099359322033898	3.6698	4.236826829268293	5.263245454545455	stable	0.8737	0.3605542249535447
TAG49:0FA15:0	0.3186542372881356	0.24655882352941177	0.3238390243902439	0.4504090909090909	stable	0.4995	0.49924410155483195
TAG46:1FA12:0	4.905315254237288	1.4998470588235293	2.6418341463414636	2.917772727272727	down	0.0886	0.7494783459314535
TAG51:3FA15:0	2.506833898305085	2.222005882352941	2.626560975609756	3.2626454545454546	stable	0.9013	0.38017581402141953
TAG54:7FA18:3	3.4760237288135594	3.4838411764705883	3.1072048780487806	3.363081818181818	stable	0.6921	0.04765405297469856
TAG57:2FA18:1	0.428564406779661	0.3825294117647059	0.43487317073170734	0.44473636363636365	stable	0.6035	0.05343833473740435
PC(16:0/20:1)	0.8615720338983051	0.8868823529411765	0.911430487804878	0.9733818181818182	stable	0.9999	0.17603440509620907
TAG38:0FA12:0	0.8149220338983051	0.06484117647058824	0.14252926829268292	0.08438181818181818	down	0.1534	3.2716579599958306
TAG49:0FA18:0	0.3099084745762712	0.24194117647058824	0.3122463414634146	0.4638181818181818	dynamic	0.5665	0.5817171686303328
TAG51:2FA16:1	0.6429152542372881	0.5561529411764706	0.7048585365853659	0.8815727272727273	stable	0.8094	0.4554510112527883
TAG54:3FA18:1	114.4792372881356	104.25100588235294	121.26515609756098	147.9434909090909	stable	0.8361	0.36996025813845906
TAG54:3FA20:3	0.5529796610169492	0.6011941176470589	0.5898609756097561	0.7021545454545455	stable	0.846	0.34456218711311243
TAG58:7FA18:0	0.2967627118644068	0.2710058823529412	0.29085853658536587	0.28466363636363634	stable	0.6891	0.060051617775871625
DCER(24:1)	0.1649949152542373	0.14581764705882352	0.1591878048780488	0.15677272727272729	stable	1.0	0.07374695972207887
DAG(16:1/18:1)	0.848142372881356	0.7553294117647059	0.8706146341463414	1.0821	stable	0.8283	0.351455461641656
LPE(20:1)	0.029354237288135594	0.0298	0.030465853658536587	0.03417272727272727	stable	0.995	0.21927662003861967
DAG(14:0/14:0)	0.03848305084745763	0.026005882352941177	0.028846341463414634	0.031181818181818182	dynamic	0.321	0.30351812452697796
TAG48:2FA14:1	2.1510542372881356	1.7239823529411764	2.189151219512195	2.4594363636363634	stable	0.6227	0.19328382498135016
TAG56:9FA18:3	0.2646796610169492	0.3034764705882353	0.2985024390243902	0.29927272727272725	stable	0.789	0.1772134750431856
PE(18:0/18:0)	0.37893050847457627	0.35003529411764706	0.39433658536585364	0.3654181818181818	stable	0.9938	0.05238488010113454
TAG50:3FA16:1	22.60685254237288	18.898794117647057	21.59392682926829	26.7302	stable	0.8361	0.24171048644857945
TAG51:1FA18:1	3.1116830508474576	2.6085294117647058	3.208319512195122	4.256172727272727	stable	0.7471	0.4518615825041596
TAG52:1FA18:1	38.2960186440678	33.8982294117647	36.83896829268293	47.23451818181818	stable	0.8408	0.30264712844962544
PI(18:0/18:2)	6.154516949152542	5.378023529411765	4.869382926829268	5.948654545454546	stable	0.9934	0.049082228552045755
TAG49:1FA15:0	1.995028813559322	1.445264705882353	1.9611780487804877	2.5713	stable	0.6525	0.36608835985080795
PE(P18:1/20:4)	8.65186440677966	8.380858823529412	10.054158536585366	9.043209090909091	stable	0.9972	0.06382376572995142
TAG51:0FA17:0	0.38803728813559324	0.33591176470588235	0.3821439024390244	0.6061727272727273	dynamic	0.4223	0.6435336506036573
TAG48:3FA16:0	2.27451186440678	1.7779117647058824	2.071760975609756	2.5750272727272727	stable	0.6483	0.17903075220641002
CE(12:0)	1.0331542372881355	0.5937588235294118	0.7102414634146341	0.6592272727272727	down	0.0081	0.6482078127554163
TAG53:1FA18:0	0.5874389830508474	0.5443941176470588	0.5840341463414634	0.8976545454545455	dynamic	0.3469	0.6117213355765426
CE(18:1)	483.6013559322034	481.76638823529413	505.5205195121951	519.2233454545454	stable	1.0	0.1025369619704361
PE(P18:0/20:4)	22.91002881355932	22.14651176470588	24.630060975609755	23.44488181818182	stable	0.9981	0.033293733590002934
TAG54:3FA18:3	0.47923050847457627	0.5023823529411765	0.4672707317073171	0.4793636363636364	stable	0.968	0.0004007179631130525
TAG54:4FA18:1	97.87250847457628	92.5805	99.26538292682926	125.78162727272728	stable	0.9014	0.36194562386103646
TAG58:8FA20:4	0.4267542372881356	0.5609705882352941	0.5122170731707317	0.5351090909090909	stable	0.9164	0.326427560937391
PE(18:0/22:4)	0.9879220338983051	0.9951941176470588	1.0071512195121952	1.1085636363636364	stable	0.9789	0.16622249458632712
TAG44:2FA18:1	0.44099830508474575	0.24270588235294116	0.43632439024390246	0.3809818181818182	dynamic	0.6586	0.21105096221497466
PE(16:0/20:3)	0.2605703389830508	0.19437058823529413	0.24813170731707318	0.2541590909090909	stable	0.8153	0.03594103478257549
TAG46:2FA14:0	1.8977610169491526	1.1339705882352942	1.579309756097561	1.7307545454545454	dynamic	0.4772	0.13289718963881514
PE(18:2/16:1)	0.324106779661017	0.25929411764705884	0.33919756097560977	0.35814545454545454	stable	0.9523	0.1440764327489709
TAG56:4FA16:0	0.28279661016949154	0.3007941176470588	0.2947390243902439	0.36156363636363636	stable	0.8551	0.35448476156146363
DAG(18:1/20:4)	0.6411033898305085	0.7029294117647059	0.6548878048780488	0.8561545454545455	stable	0.9001	0.41731420571579525
TAG52:3FA18:0	3.1901	2.783005882352941	2.820187804878049	3.8469818181818183	stable	0.8813	0.2701253622744008
TAG58:10FA20:5	0.21450847457627117	0.22655882352941176	0.20358780487804878	0.2429818181818182	stable	0.3642	0.17981371869936028
PC(18:0/18:3)	2.0502542372881356	1.7434941176470589	2.020921951219512	2.2846	stable	0.9237	0.15613877355780226
TAG55:7FA18:1	1.0639661016949153	1.0195176470588234	1.0265536585365853	1.0902272727272726	stable	1.0	0.03517672895007702
TAG60:11FA22:5	0.09548135593220339	0.09060588235294117	0.09800487804878048	0.08623636363636364	stable	0.7061	0.14692270963211282
DAG(18:2/20:3)	0.15958305084745764	0.18759411764705883	0.16715853658536586	0.2011090909090909	stable	0.9302	0.33367086598295914
TAG40:0FA16:0	0.9678305084745763	0.1702	0.29864878048780485	0.32331818181818184	down	0.1561	1.5817997775505028
TAG54:5FA16:0	5.334530508474576	5.644958823529412	5.399160975609756	6.7808	stable	0.8923	0.34609418764005
TAG58:6FA22:4	0.3220932203389831	0.37072352941176473	0.3718341463414634	0.4271	stable	0.949	0.40709560387300614
TAG56:4FA18:2	1.059893220338983	1.037064705882353	1.0806975609756098	1.3293	stable	0.8293	0.3267478058381557
PE(O16:0/22:5)	0.4997966101694915	0.49199411764705886	0.5577524390243902	0.5135318181818181	stable	0.9924	0.039112551502092543
PE(O18:0/22:6)	1.0965254237288136	0.9462558823529412	1.118829268292683	1.0096318181818182	stable	0.9855	0.11910998015680253
SM(18:1)	10.695827118644068	9.617370588235294	10.682739024390244	11.242190909090908	stable	0.9988	0.07187516751883348
TAG51:5FA18:3	0.1942271186440678	0.19265882352941177	0.19861463414634148	0.24592727272727272	stable	0.8239	0.34048708636499925
TAG54:6FA22:5	0.8226237288135593	0.7807294117647059	0.8239634146341464	0.9518363636363636	stable	0.8215	0.21048088440344986
TAG56:4FA18:0	0.8280305084745763	0.9016058823529411	0.8887658536585366	0.9853636363636363	stable	0.9079	0.2509723074781862
TAG51:3FA18:1	9.010730508474577	8.612252941176472	9.27089512195122	10.017445454545454	stable	1.0	0.15279867769975156
LPC(18:0)	25.396477966101696	27.3197	26.228468292682926	27.381036363636362	stable	0.9999	0.10854861812190766
FFA(20:5)	8.641442372881356	8.379588235294118	8.879209756097561	8.899081818181818	stable	1.0	0.042384352926862795
TAG54:6FA18:1	8.013430508474576	7.6260176470588235	7.771034146341464	8.822336363636364	stable	0.8261	0.13874078098719012
TAG52:6FA18:1	0.3106915254237288	0.2999	0.3193121951219512	0.4168636363636364	stable	0.8216	0.42409263886574533
PC(18:2/20:2)	0.4866949152542373	0.5742176470588235	0.5501756097560976	0.5151272727272728	stable	0.9194	0.08191122151358829
PC(16:0/22:5)	20.126138983050847	20.093658823529413	20.63908536585366	20.373627272727273	stable	0.9986	0.017632426341890176
TAG45:1FA15:0	0.13035423728813558	0.06062352941176471	0.10670243902439025	0.12591818181818182	dynamic	0.6427	0.04995086533537773
TAG50:3FA18:3	3.6694898305084744	3.178694117647059	3.1299756097560976	4.752036363636364	stable	0.6784	0.3729663770105077
TAG48:1FA12:0	1.2708508474576272	0.3926705882352941	0.6434439024390244	0.6411454545454546	down	0.1227	0.987071120825472
TAG52:6FA20:5	0.604142372881356	0.6045705882352941	0.5592121951219512	0.7544727272727273	stable	0.4972	0.3205801742860304
TAG53:5FA20:4	0.27846101694915254	0.2962705882352941	0.3274560975609756	0.40663636363636363	dynamic	0.2008	0.5462638624694519
CE(20:4)	204.74073389830508	224.21016470588236	235.35790975609757	221.354	stable	0.9992	0.11255728380380227
CER(22:1)	0.04713050847457627	0.04300588235294118	0.04737560975609756	0.04850909090909091	stable	0.9999	0.041593896602992654
MAG(18:0)	1.048357627118644	1.1668	1.0742585365853659	0.9269909090909091	stable	0.9714	0.17750385294615845
TAG48:3FA18:3	1.1052372881355932	0.8801823529411765	0.9390682926829268	1.28	stable	0.5556	0.2117876689658268
FFA(18:0)	452.4410983050847	475.48849411764706	461.34484634146344	463.35656363636366	stable	1.0	0.03439282310797681
TAG52:4FA18:2	118.61227118644068	109.58106470588235	106.97524390243902	138.8825272727273	stable	0.9302	0.22761183264711796
TAG42:1FA18:1	1.1070593220338982	0.24931764705882353	0.5440390243902439	0.40198181818181816	down	0.1006	1.461530377095702
TAG60:10FA22:5	0.11057627118644067	0.12837058823529413	0.12459024390243903	0.11890909090909091	stable	0.8868	0.10481718951074229
DCER(26:0)	0.14032033898305085	0.1139	0.12415853658536585	0.13468181818181818	stable	0.8534	0.05916903558387755
LCER(18:0)	0.13692372881355933	0.1308058823529412	0.13474146341463414	0.13623636363636363	stable	1.0	0.007260653755037252
TAG42:0FA12:0	1.3205186440677967	0.19032352941176472	0.3771939024390244	0.3459318181818182	down	0.1396	1.9325450492919702
TAG51:3FA17:0	0.46874406779661015	0.41002352941176473	0.48665121951219514	0.6247454545454546	stable	0.8605	0.41446806720280965
TAG52:6FA16:0	0.7814237288135594	0.7328823529411764	0.7385414634146341	1.0146454545454546	stable	0.7242	0.3767987271708532
CE(22:4)	0.4664457627118644	0.48260588235294116	0.5288853658536585	0.5018090909090909	stable	0.9995	0.10542926981637166
TAG48:4FA14:1	0.26323389830508476	0.22028823529411765	0.27193170731707317	0.3063727272727273	stable	0.7443	0.21894259090137483
TAG50:3FA18:1	20.73692033898305	17.403929411764707	20.27321707317073	24.111845454545453	stable	0.8553	0.2175404211300643
TAG53:4FA17:0	1.3431118644067797	1.2877764705882353	1.3728585365853658	1.7009363636363637	stable	0.9068	0.34074969890483886
PC(16:0/20:4)	205.288193220339	217.5313176470588	229.35964390243902	218.60128181818183	stable	0.9992	0.09065120477125485
TAG44:1FA18:1	2.1746118644067796	0.8225941176470588	1.5313073170731708	1.3515818181818182	down	0.0446	0.6861090762689882
TAG48:0FA16:0	18.264852542372882	12.059611764705883	12.95950731707317	21.3509	dynamic	0.5468	0.22522677831073565
DAG(16:1/20:4)	0.07271440677966101	0.08906470588235293	0.0721890243902439	0.10505454545454546	dynamic	0.2988	0.5308254490142063
PC(17:0/18:2)	2.8521389830508475	2.721605882352941	3.091612195121951	3.2899545454545454	stable	0.9986	0.20602336641622085
TAG54:4FA18:2	60.17965254237288	56.394547058823534	58.31597317073171	73.8045909090909	stable	0.9001	0.2944347828138243
TAG50:0FA14:0	0.4365813559322034	0.30469411764705884	0.3804829268292683	0.44991818181818183	dynamic	0.5214	0.043412147592153234
TAG58:7FA20:4	0.20846779661016948	0.2725823529411765	0.25025853658536584	0.2636545454545455	stable	0.9475	0.33882433096663894
TAG52:4FA18:3	17.30469661016949	16.9593	17.11898048780488	21.34839090909091	stable	0.9175	0.3029636857107516
FFA(16:1)	16.637949152542372	20.16340588235294	17.282799999999998	20.793636363636363	stable	0.8113	0.3216644636824658
TAG51:3FA16:0	10.064857627118643	9.96574705882353	10.071482926829269	10.572109090909091	stable	1.0	0.0709364522745688
TAG50:4FA18:3	2.237835593220339	2.086994117647059	2.2638170731707317	2.7102545454545455	stable	0.8052	0.27632430506459865
TAG54:4FA20:3	4.09344406779661	4.739841176470589	4.557263414634146	5.325454545454545	stable	0.8917	0.37958948676727156
PE(O18:0/18:2)	0.4479016949152542	0.4360176470588235	0.479309756097561	0.4797090909090909	stable	0.9975	0.09897765459817767
PC(18:1/20:2)	0.7689771186440678	0.7427588235294118	0.7887378048780488	0.6855818181818182	stable	0.9848	0.16561182131713492
TAG49:2FA18:1	1.2163389830508475	0.9177764705882353	1.3199658536585366	1.4857363636363636	stable	0.7734	0.28863278836166634
PC(18:1/20:4)	23.339725423728815	26.210370588235293	27.980934146341465	26.60560909090909	stable	0.9989	0.18894284318615623
TAG47:0FA14:0	0.20383050847457626	0.13640588235294118	0.21127560975609755	0.29104545454545455	dynamic	0.6267	0.5138744821539204
TAG52:8FA18:2	0.17477966101694914	0.1403529411764706	0.15533170731707316	0.23495454545454547	stable	0.7439	0.42684436930899766
FFA(22:6)	4.725296610169491	5.071335294117647	4.651058536585366	4.586	stable	1.0	0.0431685362329857
TAG47:2FA15:0	0.22768813559322035	0.15390588235294117	0.22161463414634147	0.2585090909090909	dynamic	0.4259	0.18315589897352022
TAG48:2FA18:1	12.49251186440678	7.047182352941176	10.409119512195122	10.836481818181818	dynamic	0.4965	0.20516714217835905
TAG55:4FA18:1	0.6016271186440678	0.5796058823529412	0.6158756097560976	0.7473181818181819	stable	0.81	0.31285302397732423
TAG52:3FA14:0	0.31908474576271184	0.2727529411764706	0.31747560975609757	0.3708909090909091	stable	0.7643	0.21705526590688634
TAG46:2FA16:0	3.537150847457627	1.263735294117647	1.818729268292683	2.1936181818181817	down	0.066	0.6892753123229498
TAG54:4FA20:2	1.6971084745762712	1.6821470588235294	1.7041365853658537	2.153681818181818	stable	0.9268	0.34372634297249066
TAG48:4FA20:4	0.25301694915254236	0.12293529411764706	0.17414146341463416	0.2114181818181818	dynamic	0.6619	0.2591345788783398
TAG56:3FA18:1	1.9601677966101696	1.8329764705882352	2.232012195121951	2.5396454545454543	stable	0.687	0.37364994568726606
TAG54:7FA22:6	1.3665322033898306	0.9812058823529411	1.1131463414634146	1.1866454545454546	stable	0.4803	0.2036305069742611
TAG49:3FA18:2	0.6767186440677966	0.5369647058823529	0.6865658536585366	0.7936727272727273	stable	0.8127	0.22998809511242055
TAG52:3FA16:0	179.16368305084745	164.46592352941175	168.87315853658538	220.4455909090909	stable	0.9518	0.29914439321308045
TAG54:8FA18:2	0.5091932203389831	0.4742941176470588	0.4365414634146341	0.4991	stable	0.6587	0.02888430674228092
TAG54:6FA18:3	7.808398305084746	7.77134705882353	7.694614634146341	8.67159090909091	stable	0.8249	0.15127005131719248
TAG56:8FA22:6	4.706172881355932	3.6369882352941176	4.088941463414634	3.9094272727272728	stable	0.4399	0.26759704936729656
TAG58:8FA18:1	0.9050694915254237	0.8086	0.9874756097560976	0.9191727272727273	stable	0.5468	0.022307425451982377
TAG55:7FA22:6	0.1871542372881356	0.13702941176470587	0.17750487804878048	0.1800909090909091	stable	0.4984	0.055502355641666674
DAG(14:0/18:3)	0.03670338983050848	0.03194117647058824	0.03409512195121951	0.044245454545454546	stable	0.836	0.2696159380481154
PC(16:0/22:4)	6.13604406779661	6.307705882352941	6.383775609756097	6.506954545454545	stable	0.9914	0.08467363175798895
TAG56:9FA20:4	0.5064542372881355	0.6215294117647059	0.5686536585365853	0.5827818181818182	stable	0.8231	0.20252395403556084
TAG57:8FA22:6	0.24678813559322033	0.2081	0.24195121951219511	0.2262909090909091	stable	0.8919	0.12509441060978257
TAG56:2FA18:0	0.3413322033898305	0.3290764705882353	0.33785853658536585	0.3931454545454546	stable	0.6637	0.2038866407604092
PC(17:0/20:4)	2.226130508474576	2.3044000000000002	2.702148780487805	2.3872636363636364	stable	0.9883	0.10081972440645842
LPC(20:2)	0.3552728813559322	0.39690588235294116	0.36875365853658537	0.39339090909090907	stable	0.9983	0.14703604936165396
TAG45:1FA18:1	0.19372966101694916	0.08727352941176471	0.17052439024390245	0.1654909090909091	dynamic	0.6395	0.22729288728459415
TAG52:5FA20:4	2.4219237288135593	2.719405882352941	2.5549463414634146	3.153172727272727	stable	0.6767	0.3806507689888433
PE(18:1/18:1)	0.6372254237288135	0.5619823529411765	0.5858829268292682	0.7122636363636363	stable	0.9592	0.16060750936557805
PE(P18:1/22:6)	3.5073440677966103	3.010570588235294	3.764690243902439	3.055609090909091	stable	0.9793	0.198918975991983
PI(16:0/20:4)	2.303369491525424	2.123770588235294	2.122590243902439	2.3795545454545453	stable	0.9916	0.04694566769163921
TAG49:3FA15:0	0.38134576271186443	0.2987470588235294	0.37482439024390246	0.4742727272727273	stable	0.8143	0.31461724014125
TAG51:2FA18:0	0.4502728813559322	0.42416470588235294	0.4427268292682927	0.5523818181818182	stable	0.9404	0.29486624271237455
LPE(20:4)	0.3924186440677966	0.3952588235294118	0.4082268292682927	0.4183	stable	0.9978	0.09214441140650338
TAG44:2FA12:0	0.7362474576271186	0.18001176470588234	0.31137073170731705	0.3118090909090909	down	0.0734	1.239527756154276
TAG56:1FA16:0	0.22162033898305084	0.15208235294117647	0.23459756097560977	0.24363636363636365	dynamic	0.7625	0.13663918758805516
MAG(15:0)	0.14550338983050848	0.11228235294117647	0.12807560975609755	0.1089909090909091	stable	0.9978	0.41684495924183346
DAG(16:0/18:2)	2.7266372881355934	2.145741176470588	2.1230951219512195	3.2731909090909093	stable	0.8854	0.26357495211470405
HCER(20:0)	0.09596440677966102	0.09677058823529412	0.09677317073170731	0.10308181818181818	stable	0.9969	0.10321857489940722
LCER(24:0)	0.1813864406779661	0.18944117647058822	0.17743414634146343	0.18747272727272726	stable	0.9986	0.047614120804168075
TAG49:0FA16:0	1.2766372881355932	0.9850882352941176	1.1783365853658536	1.966909090909091	dynamic	0.5104	0.6235815869671526
TAG50:3FA18:2	36.35978813559322	30.32735294117647	33.922151219512195	41.41794545454545	stable	0.867	0.18791219702344628
TAG55:7FA20:4	3.171071186440678	3.212429411764706	3.22	3.2174272727272726	stable	1.0	0.020937273450482984
HCER(22:0)	0.5108677966101695	0.5912941176470589	0.520080487804878	0.5183	stable	0.9933	0.020837397767949
TAG58:7FA22:5	0.9394949152542373	0.9687882352941176	1.0338170731707317	1.0895818181818182	stable	0.8433	0.21381727584832919
FFA(22:2)	1.8754915254237288	2.017070588235294	1.9229170731707317	1.9472454545454545	stable	1.0	0.0541660063163573
TAG44:1FA12:0	1.5167203389830508	0.40706470588235294	0.8122317073170732	0.8109909090909091	down	0.0661	0.9031974507038182
TAG46:0FA12:0	1.0471033898305084	0.2888	0.4472560975609756	0.5023909090909091	down	0.1409	1.0595216358209165
TAG52:6FA14:0	0.2879101694915254	0.24983529411764704	0.25812682926829267	0.31570909090909094	stable	0.7136	0.13297705563610898
TAG51:2FA17:0	1.939120338983051	1.6890588235294117	1.9202975609756097	2.5840545454545456	stable	0.8188	0.4142341856723286
TAG56:3FA20:0	0.7113508474576271	0.5946117647058824	0.6545487804878048	0.7916272727272727	stable	0.6934	0.1542600249445679
PE(P16:0/20:3)	0.6150745762711864	0.5642470588235294	0.6940414634146341	0.6590272727272727	stable	0.9944	0.09957682569612002
PI(18:1/20:4)	1.3061457627118644	1.1583823529411765	1.303790243902439	1.4482545454545455	stable	0.9798	0.14899928587231592
DAG(12:0/18:2)	0.14721694915254238	0.056779411764705884	0.06316585365853658	0.08551363636363636	down	0.0456	0.7837173774089047
TAG52:2FA16:0	161.29622711864408	147.83368235294117	162.2948707317073	201.78357272727274	stable	0.9121	0.3230960361094455
TAG52:3FA20:1	0.2678271186440678	0.22506470588235294	0.2642634146341463	0.3149090909090909	stable	0.8745	0.23363335919798964
PE(P16:0/22:6)	5.206269491525424	4.529764705882353	5.415739024390244	4.810445454545454	stable	0.9925	0.11407949580106314
TAG56:5FA22:4	1.3576949152542372	1.5151823529411765	1.5053780487804878	1.7779090909090909	stable	0.862	0.3890222262673392
TAG56:9FA22:6	0.7274559322033899	0.5592705882352941	0.6674268292682927	0.6092363636363636	stable	0.3816	0.2558578002662907
TAG55:7FA20:3	0.2725745762711864	0.2777823529411765	0.27974634146341465	0.2787909090909091	stable	1.0	0.03253251352419855
TAG50:5FA16:0	0.20946440677966102	0.18998823529411765	0.20250243902439025	0.29316363636363635	stable	0.6578	0.48500104962497315
TAG56:3FA16:0	0.14563220338983052	0.1405470588235294	0.14335853658536585	0.19137272727272728	stable	0.8277	0.39405583309571424
MAG(18:1)	0.1645593220338983	0.13765882352941175	0.17405853658536585	0.17806363636363637	stable	0.9592	0.1137851683017566
PC(18:1/18:2)	59.81945593220339	59.83230588235294	62.19528048780488	66.75443636363636	stable	0.9984	0.15824892958694756
TAG56:6FA22:5	3.8888525423728812	4.037552941176471	4.19539756097561	4.616218181818182	stable	0.8707	0.24736688175345745
TAG57:3FA18:2	0.2694322033898305	0.24022352941176472	0.25845853658536583	0.2621272727272727	stable	0.6543	0.03965483158074118
LCER(18:1)	0.2595949152542373	0.2642470588235294	0.26384878048780486	0.24636363636363637	stable	1.0	0.0754727973824967
TAG52:8FA16:1	0.11725084745762712	0.10141764705882353	0.12220243902439025	0.17877272727272728	dynamic	0.2944	0.6085283123403639
TAG58:8FA22:6	1.9540983050847458	1.493635294117647	2.0084853658536583	1.6250636363636364	stable	0.3291	0.2660068328009603
TAG50:3FA16:0	25.25357627118644	20.951717647058825	22.613721951219514	29.769572727272728	stable	0.8219	0.23735080641521736
FFA(24:1)	6.1147813559322035	6.635229411764706	6.126548780487805	6.459581818181818	stable	1.0	0.07913985669558515
TAG55:7FA15:0	0.05221186440677966	0.042041176470588235	0.05279512195121951	0.05476363636363636	stable	0.7858	0.06884057019442873
DAG(16:1/18:3)	0.06397627118644068	0.06688823529411765	0.06585609756097562	0.08565454545454546	stable	0.8159	0.42099289985356014
CER(20:0)	0.10668813559322034	0.10040588235294118	0.10399024390243902	0.1173090909090909	stable	0.9997	0.13691507174015805
PC(18:2/20:5)	1.2465661016949152	1.1537323529411765	1.282580487804878	1.1912136363636363	stable	0.9945	0.06552721237468292
TAG52:5FA18:3	12.111016949152543	11.741564705882354	11.42901219512195	14.311954545454546	stable	0.8991	0.2409006988530346
TAG51:0FA18:0	0.3629203389830508	0.3220823529411765	0.3592487804878049	0.6131636363636364	dynamic	0.5463	0.756619229183018
TAG55:3FA18:2	0.32529322033898306	0.28807058823529413	0.2825560975609756	0.3768818181818182	stable	0.623	0.2123714426068805
TAG42:2FA18:2	0.6835779661016949	0.18053529411764704	0.2727829268292683	0.22983636363636364	down	0.1035	1.5724988225841765
PC(14:0/18:2)	5.436818644067797	4.8708	5.1968	5.144863636363636	stable	0.9801	0.07962986570026016
TAG50:3FA14:0	15.852884745762712	13.028458823529412	14.848943902439023	17.706954545454547	stable	0.8338	0.15957071028294548
TAG54:5FA20:2	0.32926101694915255	0.32581764705882355	0.34550243902439026	0.41509090909090907	stable	0.9192	0.3341956224926214
FFA(20:3)	2.206101694915254	2.357529411764706	2.1840560975609757	2.2070818181818184	stable	1.0	0.0006408158623742268
TAG56:6FA16:0	3.0426610169491526	3.1722	3.251448780487805	3.7022909090909093	stable	0.8748	0.28308464797977334
PI(16:0/18:1)	1.471750847457627	1.2381470588235295	1.1669926829268293	1.4159	stable	0.9718	0.05581408179763299
TAG52:3FA18:3	2.290527118644068	2.1945176470588237	2.12570243902439	2.8783909090909092	stable	0.87	0.32958289148945885
TAG58:10FA18:2	0.32832033898305085	0.2979411764705882	0.3113146341463415	0.3265	stable	0.6374	0.008021133835465771
LPC(16:0)	70.27912711864407	70.90535294117647	71.37876097560975	78.53215454545455	stable	1.0	0.16018720538722706
TAG44:2FA16:1	0.2290271186440678	0.1170764705882353	0.19427073170731707	0.21761818181818182	dynamic	0.5422	0.07371933748215423
TAG56:10FA18:2	0.25607627118644066	0.22547058823529412	0.22076341463414634	0.2918	stable	0.5974	0.1884063086792166
TAG56:5FA18:0	1.5941830508474577	1.8371882352941176	1.7815634146341464	1.9731363636363637	stable	0.9313	0.30767336910191295
DAG(14:0/20:0)	0.08756610169491526	0.06507647058823529	0.07829268292682927	0.0725	stable	0.8957	0.272391491349843
TAG52:1FA20:1	0.6172779661016949	0.46515882352941174	0.5366609756097561	0.7043909090909091	stable	0.7493	0.19045599488160933
CE(14:0)	23.349569491525422	20.42999411764706	23.263890243902438	21.021345454545454	stable	0.9845	0.15154093963445328
DAG(18:1/22:4)	0.04338135593220339	0.04701176470588235	0.05163658536585366	0.06154545454545455	dynamic	0.0423	0.5045771633081599
PC(18:0/20:3)	21.853849152542374	21.80506470588235	20.984970731707318	20.651654545454544	stable	0.9975	0.08163003578104115
TAG54:2FA18:0	19.71994406779661	17.466729411764707	18.085548780487805	22.185563636363636	stable	0.7417	0.16996574631215772
TAG56:7FA22:5	2.994520338983051	2.9179529411764706	3.0236	3.4171272727272726	stable	0.8848	0.19045905148282966
PE(18:0/20:3)	1.5424762711864406	1.3265411764705883	1.5005463414634146	1.6332454545454544	stable	0.969	0.08249332888255513
TAG51:1FA15:0	0.4794508474576271	0.3989	0.5077463414634147	0.6504181818181818	stable	0.6916	0.4399846671255658
TAG58:7FA18:1	0.9187677966101695	0.9061	1.0125707317073172	1.0668818181818183	stable	0.8489	0.21562817785005794
PI(18:0/20:3)	2.486635593220339	2.444635294117647	2.3977121951219513	2.517863636363636	stable	0.9957	0.018005049325054694
TAG51:4FA18:1	1.1096474576271187	1.0583470588235293	1.126990243902439	1.2177090909090909	stable	1.0	0.13406812090291978
TAG52:6FA18:3	1.9557254237288135	1.9344	1.9883268292682927	2.3463363636363637	stable	0.8627	0.2627060128464263
TAG44:2FA14:0	0.7260372881355932	0.16855	0.3006329268292683	0.2948909090909091	down	0.0761	1.2998622970537101
TAG50:5FA14:1	0.32189322033898304	0.3120941176470588	0.31441219512195123	0.34047272727272726	stable	0.8891	0.08095704800637912
TAG54:2FA18:2	2.8172830508474576	2.4831882352941177	2.4190926829268293	2.999081818181818	stable	0.8023	0.09021636326192345
TAG48:2FA16:0	13.130928813559322	9.607941176470588	11.23809756097561	13.813463636363636	stable	0.6428	0.07310614279708759
TAG56:6FA20:2	0.30831864406779663	0.3478235294117647	0.33617560975609756	0.39030909090909094	stable	0.9069	0.340194933755445
TAG56:5FA18:2	1.3813389830508476	1.4762411764705883	1.4301390243902439	1.7658727272727273	stable	0.9221	0.35431396359018946
CER(16:0)	0.41013050847457627	0.39339411764705884	0.4080536585365854	0.4304454545454545	stable	1.0	0.06974736712558509
PC(18:2/18:3)	1.2441203389830509	1.2141	1.2564926829268293	1.2184454545454546	stable	1.0	0.03008437037069173
TAG49:2FA18:2	1.6346067796610169	1.2375588235294117	1.4910048780487806	1.9504545454545454	stable	0.7076	0.2548667540056223
TAG54:3FA20:1	1.7582728813559323	1.5896235294117647	1.7202121951219511	2.111309090909091	stable	0.9369	0.26397880946173
TAG44:0FA18:0	4.1265898305084745	3.284329411764706	3.9800219512195123	3.753118181818182	stable	0.9817	0.13686032639891665
TAG54:1FA18:0	5.590340677966101	5.062676470588236	4.657356097560975	6.139818181818182	stable	0.501	0.1352597295038671
FFA(20:1)	5.776713559322034	3.7491529411764706	5.472907317073171	11.766636363636364	dynamic	0.7842	1.0263811024099005
TAG48:4FA14:0	0.2681084745762712	0.2227705882352941	0.2582853658536585	0.33435454545454546	stable	0.6814	0.3185619086374902
TAG48:3FA16:1	2.395498305084746	1.8486235294117648	2.3297170731707317	2.773127272727273	stable	0.7511	0.21118803770875788
TAG49:3FA18:3	0.17100677966101696	0.1427	0.1689048780487805	0.23372727272727273	stable	0.6168	0.4507725637114013
SM(18:0)	31.802733898305085	30.292623529411763	31.323236585365855	32.28419090909091	stable	0.9999	0.021677080363121663
PE(P18:0/18:2)	4.376086440677966	4.519235294117647	4.963224390243902	4.798272727272727	stable	0.9932	0.13287392486370625
TAG53:2FA16:0	1.1898338983050847	1.0814470588235294	1.1206439024390245	1.5644727272727272	stable	0.7283	0.39491632267290067
PC(18:1/18:3)	0.9985322033898305	0.8857	1.087509756097561	1.0814545454545454	stable	0.9759	0.11509216725645571
TAG53:4FA20:4	0.14167966101694915	0.1446	0.15717560975609757	0.20734545454545456	dynamic	0.3223	0.5494037552271217
TAG46:3FA16:0	0.4292813559322034	0.1973764705882353	0.2514219512195122	0.31747272727272724	dynamic	0.6699	0.43529085519541016
LPC(18:1)	10.70254745762712	11.237447058823529	11.706631707317074	12.14259090909091	stable	0.9998	0.18212205476422758
TAG50:2FA18:1	62.452761016949154	52.32970588235294	62.554517073170736	71.13889999999999	stable	0.8286	0.18787331226307966
PI(18:0/18:1)	1.5069762711864407	1.377935294117647	1.268160975609756	1.4507545454545454	stable	0.9948	0.054853251370661174
TAG48:1FA18:1	17.220283050847456	12.059611764705883	15.108687804878048	18.096454545454545	dynamic	0.3993	0.07159821581020122
TAG54:4FA18:0	9.894052542372881	9.218988235294118	8.564848780487806	10.600054545454546	stable	0.855	0.09943822252351968
TAG54:6FA16:1	0.819486440677966	0.8782941176470588	0.8983560975609756	1.0162818181818183	stable	0.9294	0.31050853788734395
TAG56:6FA20:4	6.711783050847457	7.726394117647059	7.5901195121951215	8.4206	stable	0.9695	0.3272269511020688
PC(20:0/20:4)	1.7159169491525423	1.817364705882353	1.9176780487804879	1.8620363636363637	stable	0.9997	0.11790151981315197
TAG54:1FA20:0	1.5583610169491526	1.1984117647058823	1.4403926829268292	1.7449363636363635	stable	0.8398	0.16314493015177944
TAG44:2FA18:2	1.303586440677966	0.47258235294117645	0.7291512195121951	0.6795818181818182	down	0.0514	0.9397670913194374
PC(18:0/20:5)	7.447110169491525	6.975129411764706	8.016582926829269	6.0665545454545455	stable	0.7479	0.2958033191976979
TAG58:7FA22:6	0.648635593220339	0.5009941176470588	0.6203219512195122	0.5373636363636364	stable	0.3872	0.2715094955542221
TAG52:3FA22:1	0.11661186440677966	0.10859411764705883	0.11153658536585366	0.14746363636363635	stable	0.9308	0.33864465879860517
CE(16:1)	95.98319152542373	80.98745882352941	94.75219024390243	90.1105	stable	0.9794	0.09108656087294821
TAG54:2FA20:1	2.4157576271186443	2.1693294117647057	2.463063414634146	2.937890909090909	stable	0.9118	0.2823051097959997
TAG44:1FA16:0	1.562635593220339	0.7866176470588235	1.2765585365853658	1.4457909090909091	dynamic	0.6395	0.1121224567380565
DAG(16:0/16:1)	0.2738237288135593	0.23485882352941176	0.23670243902439025	0.3291272727272727	stable	0.6687	0.2653981065587927
TAG46:3FA14:1	0.17632033898305086	0.12467647058823529	0.16752682926829268	0.17926363636363637	dynamic	0.3966	0.02388396446865474
TAG52:6FA20:4	0.7593796610169492	0.7981117647058824	0.7961390243902439	0.9525545454545454	stable	0.795	0.3269803482031746
CE(16:0)	324.5112694915254	317.0939470588235	336.0964341463415	329.26551818181815	stable	1.0	0.02098285545037992
PE(P18:0/20:3)	1.1812847457627118	1.1525705882352941	1.393351219512195	1.228190909090909	stable	0.9899	0.056178064871980654
DAG(12:0/16:0)	0.21262372881355932	0.2084470588235294	0.16275609756097562	0.1310909090909091	dynamic	0.5488	0.6977349698283201
TAG45:0FA14:0	0.19872542372881355	0.11684411764705883	0.20649390243902438	0.23801818181818182	dynamic	0.6817	0.26029532877547695
FFA(18:2)	70.88815423728813	89.22944705882352	67.4309756097561	81.3472	stable	0.9256	0.19854812257056909
LPE(16:0)	0.8649593220338984	0.778035294117647	0.8581048780487804	0.9679909090909091	stable	0.9967	0.16236121227653658
CE(20:1)	2.1529728813559323	2.018158823529412	2.2398658536585367	2.0633090909090908	stable	1.0	0.061370189398059063
DCER(22:0)	0.15970169491525424	0.14859411764705882	0.15234634146341464	0.1509181818181818	stable	0.9993	0.08161299961896738
PC(14:0/18:1)	3.962128813559322	3.7548411764705882	4.090019512195122	4.089045454545454	stable	0.9844	0.045488315468373536
PE(18:1/22:6)	1.4362525423728814	1.2923176470588236	1.481590243902439	1.2784909090909091	stable	0.9456	0.16786754454283281
TAG48:4FA16:0	0.2694457627118644	0.21150588235294118	0.23791951219512195	0.3258	stable	0.5773	0.2739917046943053
TAG54:2FA16:0	2.3369457627118644	2.1857470588235293	2.4143658536585364	2.8406000000000002	stable	0.8618	0.2815714407177297
TAG58:9FA18:2	0.5316254237288136	0.46655294117647056	0.5308024390243903	0.5271363636363636	stable	0.5865	0.012233882294379586
TAG52:5FA16:0	9.917481355932203	9.276870588235294	8.857173170731707	11.340063636363636	stable	0.8751	0.19338305085416532
FFA(15:0)	14.120762711864407	11.566288235294117	13.133426829268293	10.066281818181817	stable	0.843	0.48828712215758907
TAG52:5FA18:1	3.1031101694915253	3.0550588235294116	3.3663121951219512	4.038572727272728	stable	0.9123	0.3801306022610708
TAG54:5FA18:1	39.32967457627119	37.86144705882353	37.755139024390246	46.172636363636364	stable	0.8866	0.23141986058738648
FFA(24:0)	3.37575593220339	3.6438058823529413	3.438307317073171	3.5611545454545452	stable	0.9999	0.07713444582944853
TAG54:5FA22:5	0.8527610169491525	0.7438235294117647	0.7529926829268293	0.9738818181818182	stable	0.7693	0.19160522166481198
TAG58:8FA18:2	0.5719389830508474	0.5507823529411765	0.5858048780487805	0.6211454545454546	stable	0.843	0.1190699038254556
TAG44:0FA14:0	1.69504406779661	0.8114588235294118	1.2765853658536586	1.3812909090909091	dynamic	0.6793	0.2953055882625721
PE(P16:0/18:1)	0.7503525423728814	0.7309235294117646	0.8060073170731707	0.8615	stable	0.9998	0.19928221199834245
CER(22:0)	0.6859830508474576	0.7094470588235294	0.7005365853658536	0.7729090909090909	stable	0.9995	0.17212580425239069
TAG52:4FA18:1	31.89823559322034	30.24869411764706	32.56095365853658	40.41103636363636	stable	0.9302	0.3412727252008082
TAG58:8FA20:3	0.15471864406779662	0.22819411764705883	0.20317073170731706	0.1932909090909091	dynamic	0.0852	0.3211267295219819
PE(18:0/22:5)	1.3580474576271186	1.219970588235294	1.3398682926829268	1.6131818181818183	stable	0.9817	0.2483751545073839
TAG47:2FA18:1	0.21264237288135593	0.1327705882352941	0.21183658536585365	0.21511818181818182	dynamic	0.3884	0.016700357811486172
CE(22:2)	0.16915254237288135	0.18814705882352942	0.18544634146341463	0.16292727272727273	stable	0.9919	0.054096741355494395
TAG55:5FA18:2	0.34304745762711863	0.3538529411764706	0.3037682926829268	0.3773	stable	0.77	0.1373039256532014
TAG52:2FA14:0	0.2285542372881356	0.18091764705882354	0.2300780487804878	0.248	stable	0.6595	0.1178035545342912
FFA(22:4)	3.520079661016949	3.426629411764706	3.2624756097560974	3.465190909090909	stable	0.9991	0.0226732405794541
TAG54:1FA18:1	4.652303389830508	4.017105882352941	4.147109756097561	5.053627272727272	stable	0.6021	0.11937408099891882
TAG40:0FA14:0	0.6160067796610169	0.12741176470588236	0.2746439024390244	0.18542727272727272	down	0.0912	1.732092777242683
DAG(16:0/22:5)	0.07142881355932203	0.05827647058823529	0.060582926829268295	0.08097272727272727	stable	0.9185	0.18092991209529408
DAG(18:0/22:6)	0.04556949152542373	0.02224705882352941	0.028860975609756097	0.028190909090909093	down	0.0108	0.6928382705364949
TAG47:1FA16:0	0.49857457627118645	0.34408235294117645	0.4622048780487805	0.6202909090909091	dynamic	0.4805	0.3151356634978026
DAG(18:1/20:5)	0.23096101694915253	0.21258823529411766	0.2057560975609756	0.3427909090909091	dynamic	0.6095	0.5696794842284776
TAG54:3FA16:1	0.3199322033898305	0.30167058823529413	0.35551951219512196	0.42313636363636364	stable	0.8898	0.4033564568375764
MAG(16:0)	0.6275813559322034	0.7111647058823529	0.6274487804878048	0.6452636363636364	stable	1.0	0.040086231499624904
PI(16:0/18:2)	2.512442372881356	2.012723529411765	1.9660853658536586	2.308690909090909	stable	0.9542	0.12201547009584479
CE(22:6)	12.88896440677966	11.386088235294118	12.958565853658536	11.241645454545454	stable	0.9736	0.1972831315347554
TAG46:4FA18:2	0.34507796610169494	0.2610235294117647	0.2658756097560976	0.21481818181818182	dynamic	0.6533	0.6838062522722714
CE(18:4)	0.935735593220339	0.8622176470588235	1.037480487804878	1.115290909090909	stable	0.8494	0.25324723104500424
TAG54:2FA20:0	1.0126220338983052	0.8047	0.8887146341463414	1.1057636363636365	stable	0.9271	0.12694725210707095
TAG56:6FA20:3	1.4057661016949152	1.795505882352941	1.6463878048780487	1.8753181818181819	stable	0.9702	0.4157788241611623
DAG(18:2/22:4)	0.04024406779661017	0.03923529411764706	0.04444878048780488	0.04801818181818182	stable	0.9821	0.2548046402708337
DCER(24:0)	0.2119457627118644	0.21994117647058825	0.21094878048780488	0.20184545454545455	stable	0.9996	0.07044402541309827
TAG58:6FA16:0	0.16320677966101696	0.1189529411764706	0.13689268292682927	0.16368181818181818	stable	0.7329	0.004193087217791726
PC(16:0/18:2)	486.9957610169492	450.25773529411765	462.38162195121953	496.79163636363637	stable	0.9999	0.02873167092339571
TAG52:3FA18:2	164.58042711864405	151.74725882352942	156.8328487804878	202.99906363636364	stable	0.9489	0.3026803006756787
TAG48:0FA18:0	2.070016949152542	1.3407235294117648	1.5986780487804877	2.224063636363636	dynamic	0.602	0.10355548752820058
TAG58:7FA18:2	0.37952372881355934	0.38696470588235293	0.39360243902439024	0.4435545454545455	stable	0.955	0.2249214391752065
TAG50:1FA16:1	4.072849152542373	3.5237529411764705	3.7671048780487806	4.992390909090909	stable	0.7101	0.2936925212970394
LPE(16:1)	0.03569322033898305	0.03276470588235294	0.032519512195121954	0.03850909090909091	stable	0.9167	0.10954899446828338
TAG48:1FA14:1	0.3107830508474576	0.2539058823529412	0.30918048780487806	0.39386363636363636	stable	0.5309	0.34178839989853893
TAG51:2FA18:2	1.8312525423728814	1.5879588235294118	1.7594341463414633	2.335427272727273	stable	0.8057	0.3508557565716574
TAG50:2FA16:0	92.63808983050848	72.71100588235294	77.10915365853658	104.14154545454545	stable	0.7996	0.16886831070153863
LCER(14:0)	0.15807966101694915	0.16104117647058824	0.15029756097560976	0.14529999999999998	stable	0.9928	0.12161705537968949
LPE(22:6)	0.21578305084745764	0.19672941176470587	0.19832439024390244	0.20682727272727272	stable	0.9915	0.061155114298683
PE(18:1/20:4)	3.8589949152542373	3.8545823529411765	4.175397560975609	4.196618181818182	stable	0.9993	0.12100206647498504
TAG54:4FA22:4	0.3517627118644068	0.3514294117647059	0.3373121951219512	0.432	stable	0.659	0.29642875243122563
PE(16:0/18:2)	2.121872881355932	1.6466058823529413	1.7813219512195122	2.166672727272727	stable	0.8901	0.03014302406652654
TAG50:4FA18:2	7.324994915254237	6.017241176470589	6.604260975609757	8.0597	stable	0.8369	0.13789838135861726
HCER(16:0)	0.6271271186440678	0.6755235294117647	0.6454756097560975	0.6183454545454545	stable	0.9945	0.020344844960196007
PE(16:0/22:5)	0.8628372881355932	0.795335294117647	0.9182682926829269	1.1393363636363636	stable	0.9457	0.40103330338205223
PE(O18:0/18:1)	0.15015593220338982	0.14975882352941178	0.17791219512195122	0.13435454545454545	stable	0.9815	0.1604163413764483
TAG44:1FA14:1	0.17792033898305085	0.11746470588235294	0.17182439024390245	0.18792727272727272	dynamic	0.6132	0.07894300952050211
TAG56:7FA20:5	1.4844677966101696	1.4452588235294117	1.7135829268292684	1.8064545454545453	stable	0.32	0.28321515723228136
TAG45:0FA16:0	0.2855949152542373	0.16207058823529413	0.26503658536585367	0.33143636363636364	dynamic	0.6409	0.2147616031632949
TAG46:0FA16:0	6.931654237288136	4.016247058823529	4.923453658536586	7.278472727272727	dynamic	0.6446	0.07043606316775244
SM(24:1)	58.74108983050847	58.90020588235294	60.43754634146342	60.408654545454546	stable	1.0	0.040385222034668315
TAG52:7FA22:6	0.26393220338983053	0.16238823529411764	0.19155853658536584	0.1920181818181818	dynamic	0.5507	0.4589244668840042
CE(20:2)	1.8938271186440678	1.885129411764706	1.9280658536585367	1.9134454545454544	stable	0.9999	0.014868137690533642
TAG54:5FA20:5	0.36760169491525424	0.33795294117647057	0.3311731707317073	0.4410727272727273	stable	0.4145	0.26287313889499747
TAG45:0FA15:0	0.16341694915254237	0.09803529411764707	0.1605341463414634	0.19926363636363637	dynamic	0.6714	0.2861208330970356
TAG56:5FA22:5	0.4938593220338983	0.48864117647058825	0.5011780487804878	0.5891	stable	0.8515	0.25441241059883496
PC(18:0/16:1)	1.1796338983050847	0.9393	1.1083	1.1921545454545455	stable	0.9425	0.015232086485305161
TAG49:2FA16:0	1.7985457627118644	1.3666823529411765	1.6685341463414634	2.139881818181818	stable	0.7296	0.25070025309341204
CE(20:5)	24.06667627118644	21.833558823529412	26.798885365853657	18.6288	stable	0.7199	0.3695021680717865
HCER(22:1)	0.05296101694915254	0.04996470588235294	0.054646341463414634	0.055854545454545455	stable	0.999	0.07674386749381581
TAG49:1FA16:0	3.348508474576271	2.5244470588235295	3.2338731707317074	4.360527272727273	stable	0.6427	0.3809839761956291
TAG56:5FA18:1	3.840915254237288	4.363294117647059	4.418695121951219	5.065781818181819	stable	0.9493	0.39933480924445086
TAG53:4FA18:3	0.3461271186440678	0.35764117647058824	0.3829658536585366	0.4602818181818182	stable	0.8837	0.41121547572643047
PC(20:0/18:1)	1.1957983050847458	1.134235294117647	1.1714975609756098	1.2521636363636364	stable	0.9996	0.06644903900170136
TAG54:1FA20:1	0.3428406779661017	0.29055882352941176	0.33014390243902436	0.4147	stable	0.831	0.27452975220916614
DAG(12:0/18:1)	0.18154237288135594	0.06866470588235295	0.11346585365853659	0.10913636363636364	down	0.0659	0.7341744398135982
PE(P18:0/22:5)	2.645591525423729	2.5186117647058825	2.816509756097561	2.8521545454545456	stable	0.9986	0.1084618277796476
